sample_id,generation_settings_version,mode,num_frames,duration_s,route_length_m,obstacle_count,unique_obstacle_assets,repeated_asset_instances,door_count,scale,side_bias,generation_attempts,created_at,npz_bytes
outdoor-ca0420193e57,legacy_v1,outdoor,196,97.79999999999659,76.32489156846282,7,4,3,0,8.06513725480349,True,2,2026-09-11T09:49:04.029793+00:00,139166366
indoor-9bc178c73037,legacy_v1,indoor,119,59.399999999999835,31.40821349680384,9,4,5,9,1.0,False,11,2026-09-11T09:49:49.396481+00:00,114547817
indoor-44b4ad589fda,legacy_v1,indoor,149,74.099999999999,28.344351180469232,8,4,4,9,1.0,False,12,2026-09-11T09:51:17.253285+00:00,115554112
indoor-7898d6086623,legacy_v1,indoor,211,105.29999999999723,44.972409816343124,12,4,8,9,1.0,False,3,2026-09-11T09:51:23.087669+00:00,150458530
indoor-31674c56b6b0,legacy_v1,indoor,147,73.19999999999905,45.14916880322285,15,4,11,11,1.0,False,2,2026-09-11T09:51:28.848606+00:00,152577887
indoor-50c6abfeb067,legacy_v1,indoor,227,113.09999999999678,50.869918746276724,14,3,11,8,1.0,False,5,2026-09-11T09:52:07.315005+00:00,184991578
indoor-8e68df947cc5,legacy_v1,indoor,111,55.200000000000074,23.540638934062574,6,3,3,8,1.0,False,7,2026-09-11T09:52:55.616208+00:00,95141998
outdoor-dca82ab2619b,legacy_v1,outdoor,193,96.19999999999668,85.15780714432206,8,4,4,0,9.126353328557258,True,1,2026-09-11T09:53:17.980663+00:00,142568082
outdoor-3e74273d4ad7,legacy_v1,outdoor,224,111.5999999999958,79.45433150578032,7,3,4,0,8.438184663741406,False,1,2026-09-11T09:54:15.793744+00:00,161862617
indoor-3e710bc0a522,legacy_v1,indoor,206,102.89999999999736,52.00834947323648,15,4,11,11,1.0,False,14,2026-09-11T09:54:25.462517+00:00,218939350
outdoor-f26b34fb0fb8,legacy_v1,outdoor,265,132.1999999999958,80.70202898865199,9,4,5,0,8.02109797291849,False,2,2026-09-11T09:55:16.848984+00:00,211338754
outdoor-de78f987e2ba,legacy_v1,outdoor,241,120.3999999999953,85.54382860400055,10,4,6,0,9.165558282231103,False,1,2026-09-11T09:55:47.297590+00:00,150314824
indoor-d7530f75cdc7,legacy_v1,indoor,201,100.19999999999752,49.403304882404356,16,4,12,9,1.0,False,4,2026-09-11T09:56:01.103379+00:00,174449616
outdoor-6921132573fc,legacy_v1,outdoor,340,169.80000000000436,130.84345740532586,13,4,9,0,8.902032102967961,True,1,2026-09-11T09:57:00.237768+00:00,127955002
indoor-64e5284db214,legacy_v1,indoor,244,121.79999999999629,46.64334248671646,14,4,10,10,1.0,False,6,2026-09-11T09:57:38.415526+00:00,142853064
indoor-7acc6bdd60ba,legacy_v1,indoor,176,87.59999999999823,37.02820505770164,12,4,8,8,1.0,False,5,2026-09-11T09:57:38.958405+00:00,163743043
outdoor-8d4a1687abc1,legacy_v1,outdoor,83,40.99999999999981,31.683394350058695,3,3,0,0,3.242291774405196,False,1,2026-09-11T09:57:42.072774+00:00,28429142
indoor-3f05bdde03c3,legacy_v1,indoor,130,64.79999999999953,34.548248969841694,10,3,7,10,1.0,False,9,2026-09-11T09:59:31.345419+00:00,93541199
indoor-ea4677ccc4f7,legacy_v1,indoor,173,86.3999999999983,37.70514206718961,11,4,7,11,1.0,False,3,2026-09-11T10:00:56.098472+00:00,138902939
indoor-3b2194c7477c,legacy_v1,indoor,130,64.79999999999953,21.670203631305156,8,4,4,9,1.0,False,11,2026-09-11T10:02:51.386767+00:00,94575449
outdoor-0c3a62312e52,legacy_v1,outdoor,218,108.59999999999597,83.7524936990825,9,4,5,0,8.057229592159986,False,1,2026-09-11T10:04:03.500541+00:00,67148649
outdoor-3cb0c5ba0b40,legacy_v1,outdoor,226,112.59999999999575,91.30603753859637,9,4,5,0,6.673138860145782,True,1,2026-09-11T10:07:51.238884+00:00,213476399
outdoor-6c44157b0c45,legacy_v1,outdoor,215,106.99999999999606,81.38663199852627,8,4,4,0,8.075073512129752,False,1,2026-09-11T10:09:10.047606+00:00,85854166
indoor-b17ae624d688,legacy_v1,indoor,227,113.39999999999677,59.567946790809344,18,4,14,11,1.0,False,1,2026-09-11T10:10:31.300562+00:00,171424076
indoor-77b1597bb2b1,legacy_v1,indoor,243,121.19999999999632,58.70645646454712,17,4,13,10,1.0,False,11,2026-09-11T10:13:09.478851+00:00,265080051
indoor-691e189511bf,legacy_v1,indoor,101,50.100000000000364,25.870377548157403,8,3,5,11,1.0,False,3,2026-09-11T12:19:19.111043+00:00,73757190
outdoor-339d5d774beb,legacy_v1,outdoor,137,67.99999999999828,48.81420554173498,6,3,3,0,6.338530627817384,True,2,2026-09-11T12:19:29.795552+00:00,107310096
indoor-156bb3417cef,legacy_v1,indoor,127,62.99999999999963,25.377178633482487,9,4,5,10,1.0,False,6,2026-09-11T12:20:00.857746+00:00,72860523
outdoor-6ed3d5713e4c,legacy_v1,outdoor,263,131.19999999999558,98.84164044436467,10,4,6,0,9.522930017870987,False,1,2026-09-11T12:20:13.639331+00:00,129668868
outdoor-b13b2c8bca89,legacy_v1,outdoor,225,112.39999999999576,82.73702563210303,9,4,5,0,5.0121103027926,True,1,2026-09-11T12:20:50.983867+00:00,138769589
outdoor-68d0be76768c,legacy_v1,outdoor,93,45.999999999999524,43.74237431655955,4,2,2,0,4.502994878678573,True,1,2026-09-11T12:20:51.175027+00:00,47125202
indoor-ca6ef083707c,legacy_v1,indoor,149,74.099999999999,36.03742817904068,12,4,8,12,1.0,False,1,2026-09-11T12:26:50.628660+00:00,117385061
outdoor-976b1b20558e,legacy_v1,outdoor,225,112.19999999999577,87.50175959140834,8,4,4,0,9.48516064684761,True,1,2026-09-11T12:27:21.592216+00:00,176750473
outdoor-876588f98cff,legacy_v1,outdoor,90,44.79999999999959,34.95742958106708,2,1,1,0,3.4263541190036424,False,1,2026-09-11T12:27:50.064230+00:00,34828237
outdoor-bf1b52aec58c,legacy_v1,outdoor,307,153.20000000000059,108.51827543236155,10,4,6,0,9.912373248107944,False,2,2026-09-11T12:27:51.361972+00:00,242992196
indoor-d16117a7e0a4,legacy_v1,indoor,174,86.69999999999828,47.897907286556276,14,4,10,11,1.0,False,13,2026-09-11T12:28:37.661841+00:00,229645174
outdoor-ee098ce87c5a,legacy_v1,outdoor,90,44.79999999999959,37.559424080184684,3,2,1,0,3.5195736970295273,False,1,2026-09-11T12:28:40.363349+00:00,56776710
outdoor-977ed1d77599,legacy_v1,outdoor,225,112.39999999999576,84.4899885973081,7,2,5,0,8.110835978908227,False,1,2026-09-11T12:29:04.341199+00:00,78484535
indoor-92d48266ca5a,legacy_v1,indoor,187,92.99999999999793,34.49099617630108,11,4,7,10,1.0,False,5,2026-09-11T12:29:49.401074+00:00,120983768
outdoor-555108697579,legacy_v1,outdoor,183,90.99999999999697,68.1357299986229,6,4,2,0,4.599278685526462,True,1,2026-09-11T12:30:02.221966+00:00,103165046
outdoor-c85317c0a9a8,legacy_v1,outdoor,198,98.79999999999653,72.35958831765878,8,4,4,0,7.228078389711026,False,1,2026-09-11T12:30:39.160752+00:00,157790917
indoor-9bca3c3fb5ea,legacy_v1,indoor,201,100.19999999999752,61.90012068350063,18,4,14,11,1.0,False,6,2026-09-11T12:31:01.469377+00:00,182725964
outdoor-0227a16644bf,legacy_v1,outdoor,89,44.199999999999626,32.75535664515874,3,1,2,0,3.063709221005301,False,1,2026-09-11T12:31:13.919680+00:00,38048139
indoor-db15785e7d8d,legacy_v1,indoor,113,56.10000000000002,20.53838730500197,6,4,2,9,1.0,False,9,2026-09-11T12:31:51.026686+00:00,86022400
indoor-46a224b7f904,legacy_v1,indoor,98,48.90000000000043,38.317470194173126,12,4,8,12,1.0,False,1,2026-09-11T12:31:57.784647+00:00,92702714
indoor-3f4e43b7807a,legacy_v1,indoor,173,86.3999999999983,38.81188674040261,11,4,7,10,1.0,False,13,2026-09-11T12:32:44.479300+00:00,174440548
outdoor-5001db61fce9,legacy_v1,outdoor,170,84.79999999999733,62.11824073981335,7,2,5,0,5.811166540236327,False,1,2026-09-11T12:33:03.899034+00:00,99797965
indoor-f90574ed2021,legacy_v1,indoor,236,117.89999999999651,52.628470826146284,16,4,12,12,1.0,False,6,2026-09-11T12:33:35.896664+00:00,174238939
indoor-302227a25002,legacy_v1,indoor,108,53.70000000000016,24.68873296477887,7,3,4,12,1.0,False,4,2026-09-11T12:34:10.274014+00:00,98226550
indoor-31e0e4da6d1e,legacy_v1,indoor,97,48.00000000000048,20.591461658614918,7,3,4,12,1.0,False,5,2026-09-11T12:34:19.329946+00:00,73403087
outdoor-bd43bb879aae,legacy_v1,outdoor,417,208.40000000001314,155.02044981162075,17,4,13,0,9.626723567844255,True,1,2026-09-11T12:34:27.370518+00:00,151206599
outdoor-0c2ed207b564,legacy_v1,outdoor,126,62.79999999999857,43.188902928262436,4,3,1,0,4.509104502773159,False,1,2026-09-11T12:35:09.375758+00:00,50412388
indoor-6ff55c6d7416,legacy_v1,indoor,161,80.39999999999864,33.75551373729134,9,4,5,12,1.0,False,1,2026-09-11T12:35:10.660210+00:00,146377290
indoor-019fcfa1255e,legacy_v1,indoor,97,48.300000000000466,23.592128894498245,7,3,4,10,1.0,False,4,2026-09-11T12:36:11.880966+00:00,89089155
indoor-df238745dba0,legacy_v1,indoor,114,56.69999999999999,27.136078727069126,9,3,6,8,1.0,False,16,2026-09-11T12:36:18.424144+00:00,88509174
indoor-38a8fae3f8b5,legacy_v1,indoor,277,138.29999999999535,61.26755764190174,18,4,14,12,1.0,False,4,2026-09-11T12:36:26.484106+00:00,216267897
indoor-d997c8c9237f,legacy_v1,indoor,167,83.09999999999849,34.79177460787817,11,4,7,9,1.0,False,8,2026-09-11T12:37:09.222061+00:00,142920214
outdoor-01e0cdb7ffaa,legacy_v1,outdoor,165,81.99999999999748,63.60183783416007,7,4,3,0,5.818510859407747,False,1,2026-09-11T12:37:18.211019+00:00,65058217
outdoor-a76fa631e3c1,legacy_v1,outdoor,191,94.99999999999675,70.28403467225154,8,4,4,0,6.897337992842317,False,1,2026-09-11T12:37:21.212097+00:00,101830291
outdoor-10a855987015,legacy_v1,outdoor,94,46.59999999999949,33.39216286414607,4,2,2,0,3.3269408851901137,False,1,2026-09-11T12:37:52.169703+00:00,67807172
outdoor-8341306b2cd6,legacy_v1,outdoor,251,124.99999999999504,88.48382020050303,10,4,6,0,8.898558159889735,True,2,2026-09-11T12:38:02.854530+00:00,133416224
outdoor-5406bc8cd49d,legacy_v1,outdoor,192,95.59999999999671,75.29307484384,9,4,5,0,7.644104601492867,False,1,2026-09-11T12:38:37.190700+00:00,93307345
outdoor-7b6892730101,legacy_v1,outdoor,139,68.99999999999822,54.09086226904249,6,4,2,0,5.1196584769749975,False,1,2026-09-11T12:38:48.299058+00:00,85409026
indoor-93da70589703,legacy_v1,indoor,157,78.29999999999876,33.40095944510729,11,4,7,8,1.0,False,4,2026-09-11T12:39:29.198910+00:00,145481137
outdoor-7cfa8063391d,legacy_v1,outdoor,132,65.59999999999842,55.244637177301584,7,3,4,0,4.206271128400297,True,1,2026-09-11T12:39:34.860861+00:00,122890501
indoor-b9dcc6d1f616,legacy_v1,indoor,155,77.39999999999881,35.90700333359614,12,4,8,12,1.0,False,18,2026-09-11T12:40:12.520456+00:00,122622127
indoor-22f9b8808e4e,legacy_v1,indoor,59,29.400000000000215,24.57596541330949,6,4,2,8,1.0,False,12,2026-09-11T12:40:27.860074+00:00,52411179
indoor-e41c017b3825,legacy_v1,indoor,81,40.20000000000037,26.69666311218133,7,2,5,11,1.0,False,6,2026-09-11T12:40:45.548169+00:00,64429790
outdoor-b66b31bc240e,legacy_v1,outdoor,104,51.799999999999194,36.65185888939332,4,2,2,0,3.873302325880634,False,1,2026-09-11T12:41:06.906418+00:00,98386770
outdoor-dd055510a29e,legacy_v1,outdoor,260,129.59999999999522,96.85959126369588,11,4,7,0,8.969441872242381,False,1,2026-09-11T12:41:17.702806+00:00,170088607
outdoor-b1a6063aeb3d,legacy_v1,outdoor,174,86.59999999999722,56.50059400197771,7,3,4,0,5.533394736341389,False,1,2026-09-11T12:41:40.817012+00:00,57925654
indoor-543abb8dd0b7,legacy_v1,indoor,123,61.19999999999973,23.749720218216268,7,4,3,9,1.0,False,4,2026-09-11T12:42:03.990724+00:00,106437838
outdoor-5c4da78874fa,legacy_v1,outdoor,161,80.39999999999758,62.990600970423515,6,3,3,0,6.107034184616061,True,1,2026-09-11T12:42:51.199886+00:00,105430413
outdoor-1e94ef30129f,legacy_v1,outdoor,307,153.3000000000006,107.36585020866256,10,3,7,0,7.790198195901059,True,1,2026-09-11T12:42:57.772263+00:00,108638700
outdoor-60f909dc0134,legacy_v1,outdoor,115,56.9999999999989,42.27157650809444,4,4,0,0,4.111260779847464,True,2,2026-09-11T12:43:04.660171+00:00,108693299
indoor-3f8a72918b6f,legacy_v1,indoor,134,66.89999999999941,32.33355293056346,9,4,5,10,1.0,False,11,2026-09-11T12:43:32.403195+00:00,101346309
outdoor-664003e7abb9,legacy_v1,outdoor,120,59.59999999999875,43.067345120753544,4,3,1,0,4.392207082680519,True,1,2026-09-11T12:43:43.711539+00:00,48374608
indoor-d54b11476415,legacy_v1,indoor,127,63.29999999999961,30.94071736050195,8,4,4,10,1.0,False,3,2026-09-11T12:44:55.510377+00:00,113427735
outdoor-090f05fa85a9,legacy_v1,outdoor,222,110.79999999999585,85.67368147724451,9,4,5,0,7.124897154014478,True,1,2026-09-11T12:44:56.811088+00:00,93607864
indoor-59325f0d65ba,legacy_v1,indoor,221,110.09999999999695,54.750154802851306,15,4,11,8,1.0,False,6,2026-09-11T12:45:06.859712+00:00,175717026
indoor-0ea518a97f8d,legacy_v1,indoor,125,62.399999999999665,35.1653819494592,12,4,8,12,1.0,False,16,2026-09-11T12:45:32.079374+00:00,105299263
outdoor-10abe6a9b2d4,legacy_v1,outdoor,84,41.79999999999976,33.224699266337424,4,4,0,0,3.520344003892201,False,1,2026-09-11T12:45:55.537093+00:00,30466860
indoor-f38ff3d53681,legacy_v1,indoor,118,58.499999999999886,22.003094201647365,7,3,4,9,1.0,False,3,2026-09-11T12:46:16.832022+00:00,129419720
indoor-be697f6af8cc,legacy_v1,indoor,132,65.69999999999948,22.333004845892617,6,4,2,9,1.0,False,9,2026-09-11T12:47:02.095349+00:00,117003257
outdoor-a366ae3837b7,legacy_v1,outdoor,147,73.39999999999797,51.44677323548667,4,2,2,0,5.638103323169441,False,1,2026-09-11T12:47:25.145835+00:00,70137060
indoor-a0d246ba8837,legacy_v1,indoor,130,64.79999999999953,28.002117103424116,8,3,5,9,1.0,False,6,2026-09-11T12:47:42.954537+00:00,129576748
outdoor-1f9302425bbc,legacy_v1,outdoor,127,62.99999999999856,48.74866102627845,4,3,1,0,4.732202181551115,True,1,2026-09-11T12:47:58.319546+00:00,74490272
outdoor-737a7360e4d2,legacy_v1,outdoor,96,47.59999999999943,36.27224453062921,3,2,1,0,3.6214007297686774,False,1,2026-09-11T12:48:41.868898+00:00,77166367
indoor-c2b285600239,legacy_v1,indoor,130,64.49999999999955,26.706178086916847,7,3,4,12,1.0,False,5,2026-09-11T12:49:03.428620+00:00,94013752
indoor-08d53e12fbd5,legacy_v1,indoor,135,67.19999999999939,27.532121847725623,9,4,5,10,1.0,False,3,2026-09-11T12:49:56.875786+00:00,120075425
indoor-832d86caabae,legacy_v1,indoor,98,48.90000000000043,30.788955822992275,8,3,5,11,1.0,False,11,2026-09-11T12:50:04.092563+00:00,75477922
outdoor-0dd9313022ef,legacy_v1,outdoor,145,71.99999999999805,56.08762051589249,7,4,3,0,5.614694628321464,False,1,2026-09-11T12:50:12.418549+00:00,94416204
indoor-b359129a52ec,legacy_v1,indoor,117,58.1999999999999,25.915034947105305,7,4,3,12,1.0,False,2,2026-09-11T12:51:02.887709+00:00,130998519
indoor-d7b7570cfdcf,legacy_v1,indoor,130,64.49999999999955,27.23036061845734,7,3,4,12,1.0,False,18,2026-09-11T12:51:49.877862+00:00,95988757
indoor-afd46fabed5e,legacy_v1,indoor,176,87.89999999999822,41.41429122012589,11,3,8,12,1.0,False,1,2026-09-11T12:52:28.380841+00:00,168179586
indoor-9337d717b53d,legacy_v1,indoor,260,129.89999999999583,60.69276115008519,19,4,15,8,1.0,False,6,2026-09-11T12:52:34.730937+00:00,246751486
indoor-a047d75d3ae4,legacy_v1,indoor,105,52.200000000000244,37.672861288115314,10,4,6,12,1.0,False,7,2026-09-11T12:53:35.622643+00:00,88607556
outdoor-d82d525eabc1,legacy_v1,outdoor,156,77.49999999999774,53.548766998812816,5,4,1,0,4.8977164831839,True,1,2026-09-11T12:53:39.101158+00:00,98219561
indoor-b9b1d4d8c3ab,legacy_v1,indoor,129,64.19999999999956,25.29183223881553,7,4,3,12,1.0,False,4,2026-09-11T12:53:54.133063+00:00,146637711
indoor-eca95cb890da,legacy_v1,indoor,158,78.89999999999873,30.30248938639882,9,4,5,9,1.0,False,7,2026-09-11T12:54:21.941273+00:00,114152499
outdoor-ee7f216fe1d7,legacy_v1,outdoor,106,52.79999999999914,44.382705835800095,3,2,1,0,3.0411983237089775,True,1,2026-09-11T12:54:30.014632+00:00,90515766
indoor-e24249d6701f,legacy_v1,indoor,82,40.50000000000037,21.15759286253131,5,3,2,12,1.0,False,2,2026-09-11T12:54:49.653133+00:00,63117864
indoor-0e67fb26dbe0,legacy_v1,indoor,146,72.89999999999907,31.24061456447634,8,4,4,9,1.0,False,2,2026-09-11T12:54:57.653990+00:00,172781832
indoor-eadd68522018,legacy_v1,indoor,155,77.39999999999883,32.09291771483589,9,4,5,9,1.0,False,2,2026-09-11T12:55:42.869280+00:00,94376724
outdoor-c7fbe3863311,legacy_v1,outdoor,170,84.59999999999734,67.92896289989393,7,3,4,0,6.91584011714335,False,1,2026-09-11T12:56:32.218339+00:00,84513401
outdoor-70ff3d78056f,legacy_v1,outdoor,246,122.59999999999518,92.07425343961302,8,3,5,0,9.760068759653294,False,1,2026-09-11T12:56:39.621473+00:00,190474074
outdoor-3f98f05f0c1c,legacy_v1,outdoor,183,91.39999999999695,63.685614786058466,5,3,2,0,6.8884391694403,False,1,2026-09-11T12:56:45.799201+00:00,72658301
indoor-fd7f1b811ece,legacy_v1,indoor,191,95.0999999999978,43.38304263204901,12,4,8,12,1.0,False,17,2026-09-11T12:56:57.771561+00:00,216648381
indoor-144e66245860,legacy_v1,indoor,140,69.59999999999926,28.008547910929867,7,4,3,11,1.0,False,2,2026-09-11T12:57:00.723501+00:00,127103887
outdoor-621b89ade181,legacy_v1,outdoor,173,86.39999999999723,62.135451101713215,7,3,4,0,5.398427007452086,True,1,2026-09-11T12:57:34.976710+00:00,138105785
outdoor-ebe2f1716b49,legacy_v1,outdoor,201,100.39999999999644,79.46254911951021,7,4,3,0,6.266377272207309,True,1,2026-09-11T12:57:52.673483+00:00,72163587
outdoor-c921f3d93313,legacy_v1,outdoor,129,64.19999999999851,42.91657023983768,5,3,2,0,4.151675556370726,False,1,2026-09-11T12:57:57.048841+00:00,103042602
outdoor-ffec5f7fefbc,legacy_v1,outdoor,191,95.09999999999674,74.69185483341315,7,3,4,0,8.77929460409264,True,1,2026-09-11T12:58:04.178020+00:00,98204785
outdoor-790910ae6f77,legacy_v1,outdoor,236,117.79999999999545,84.62899239419065,9,4,5,0,8.215440599233023,True,1,2026-09-11T12:58:35.751932+00:00,108026175
outdoor-57a608540e42,legacy_v1,outdoor,133,65.9999999999984,50.37865435274662,5,4,1,0,4.919424888652895,False,1,2026-09-11T12:58:47.498396+00:00,68398735
outdoor-d3d739d764d3,legacy_v1,outdoor,154,76.79999999999778,39.194905057170715,4,3,1,0,3.6780599466790216,False,1,2026-09-11T12:59:05.877524+00:00,150127746
indoor-58a0c11d3805,legacy_v1,indoor,148,73.79999999999902,28.168171900316914,9,4,5,8,1.0,False,5,2026-09-11T12:59:27.194331+00:00,81480701
indoor-2eefa2068a73,legacy_v1,indoor,122,60.59999999999977,24.634577286931446,7,3,4,11,1.0,False,3,2026-09-11T12:59:42.070897+00:00,65337297
outdoor-f90d462d7f91,legacy_v1,outdoor,231,115.19999999999563,85.15652345974735,8,3,5,0,7.458463674481212,True,1,2026-09-11T13:00:21.947273+00:00,81422552
outdoor-b56ab59126a6,legacy_v1,outdoor,171,84.99999999999731,66.32423482857807,7,3,4,0,7.235485222902168,False,1,2026-09-11T13:00:26.824059+00:00,58158045
indoor-518d4a638278,legacy_v1,indoor,131,65.09999999999951,25.88950932683474,7,3,4,9,1.0,False,9,2026-09-11T13:00:48.202582+00:00,137593812
indoor-2e2d8e73d04f,legacy_v1,indoor,115,56.99999999999997,25.044958770622408,8,3,5,8,1.0,False,4,2026-09-11T13:00:58.892635+00:00,135304564
indoor-2ef514c30e09,legacy_v1,indoor,92,45.900000000000446,29.71555878787985,9,4,5,9,1.0,False,2,2026-09-11T13:01:20.850577+00:00,82777383
outdoor-d6aaeefb5c9f,legacy_v1,outdoor,177,88.19999999999713,63.0346338640595,7,3,4,0,6.767592102964453,False,1,2026-09-11T13:01:49.737202+00:00,105551051
outdoor-21c5bcfa7ac0,legacy_v1,outdoor,213,106.39999999999611,82.86702761744448,9,3,6,0,5.181602514447574,True,1,2026-09-11T13:02:17.942012+00:00,106510894
indoor-3112e0084094,legacy_v1,indoor,121,60.299999999999784,30.483933920259247,8,3,5,11,1.0,False,10,2026-09-11T13:02:25.633030+00:00,83321284
outdoor-ec8c68a2af29,legacy_v1,outdoor,206,102.7999999999963,76.35596543168444,8,4,4,0,7.718888641790003,False,1,2026-09-11T13:02:39.655166+00:00,164665425
outdoor-ff487dbd174d,legacy_v1,outdoor,174,86.59999999999722,60.60485344185442,7,2,5,0,6.154882401051022,False,1,2026-09-11T13:02:57.548358+00:00,120973518
indoor-90f4dbc942ce,legacy_v1,indoor,183,91.19999999999803,44.37227428019683,12,4,8,9,1.0,False,13,2026-09-11T13:03:13.542884+00:00,192946557
outdoor-71115f63e1ad,legacy_v1,outdoor,93,45.999999999999524,35.819104172371496,3,2,1,0,3.9546219612943188,False,1,2026-09-11T13:03:24.243658+00:00,60261133
indoor-4a9142aa3fd4,legacy_v1,indoor,221,110.09999999999695,48.55446631021841,14,4,10,11,1.0,False,1,2026-09-11T13:03:41.574498+00:00,158521455
outdoor-881c0dff7137,legacy_v1,outdoor,155,77.19999999999776,56.31815958897579,6,3,3,0,6.0746958855785795,False,1,2026-09-11T13:04:13.343778+00:00,50517240
outdoor-4c2ddd9e7938,legacy_v1,outdoor,91,45.39999999999956,41.910521274905065,3,2,1,0,4.001695891953588,False,1,2026-09-11T13:04:21.864300+00:00,47915883
outdoor-fe87f39ef57a,legacy_v1,outdoor,226,112.59999999999575,78.67478529574706,8,4,4,0,7.410755935651224,False,1,2026-09-11T13:04:27.853034+00:00,109260917
outdoor-19fa4ff00303,legacy_v1,outdoor,331,165.00000000000327,131.86460616779402,13,4,9,0,6.023178512993295,True,1,2026-09-11T13:05:02.042571+00:00,198788926
indoor-bb8468627be6,legacy_v1,indoor,134,66.59999999999943,28.9083500420647,9,4,5,12,1.0,False,16,2026-09-11T13:05:14.064724+00:00,136394637
indoor-2f67a6e56945,legacy_v1,indoor,48,23.700000000000134,23.998400968354318,6,4,2,6,1.0,False,7,2026-09-11T13:05:34.160907+00:00,38136469
outdoor-bcf7d5b2b39c,legacy_v1,outdoor,103,51.19999999999923,40.36885502401252,4,3,1,0,3.785516775574681,False,1,2026-09-11T13:05:59.894248+00:00,33225431
outdoor-f20b736790e6,legacy_v1,outdoor,196,97.4999999999966,64.13190442642606,7,4,3,0,4.6135261860275465,True,1,2026-09-11T13:06:11.412273+00:00,185789371
indoor-7521633427cd,legacy_v1,indoor,202,100.79999999999748,45.53531900240112,14,4,10,10,1.0,False,4,2026-09-11T13:06:12.298274+00:00,166769240
outdoor-02aa2315db21,legacy_v1,outdoor,93,45.999999999999524,30.681525669538107,2,2,0,0,3.34640566799595,False,1,2026-09-11T13:06:16.702969+00:00,37682918
indoor-5c88043f7683,legacy_v1,indoor,130,64.49999999999955,29.1233922310859,8,4,4,10,1.0,False,12,2026-09-11T13:06:45.428789+00:00,101379972
indoor-0e67758f2708,legacy_v1,indoor,134,66.89999999999941,24.57159418500688,6,3,3,9,1.0,False,1,2026-09-11T13:07:07.855172+00:00,152192449
outdoor-1623585ccbb5,legacy_v1,outdoor,199,99.3999999999965,76.8122493291987,7,4,3,0,7.386903446708239,False,1,2026-09-11T13:07:10.919857+00:00,64180985
indoor-0edbac6fc443,legacy_v1,indoor,95,47.10000000000046,20.68694433149789,6,3,3,11,1.0,False,4,2026-09-11T13:07:20.669539+00:00,60425490
outdoor-754552610915,legacy_v1,outdoor,244,121.59999999999523,95.86872782647193,10,3,7,0,9.88582351374312,False,1,2026-09-11T13:08:48.097265+00:00,158957144
indoor-b85fd63d4381,legacy_v1,indoor,220,109.79999999999697,50.709465443116,14,4,10,8,1.0,False,10,2026-09-11T13:11:15.143469+00:00,157555894
outdoor-40563bd2b0fa,legacy_v1,outdoor,249,124.39999999999507,98.38399213827381,9,4,5,0,7.044609164372288,True,1,2026-09-11T13:15:25.568791+00:00,201563181
indoor-b142c9cf7770,legacy_v1,indoor,173,86.09999999999832,37.86967020375864,11,4,7,11,1.0,False,11,2026-09-11T13:17:45.715512+00:00,94144062
outdoor-e7477b1b05b3,legacy_v1,outdoor,141,70.39999999999814,51.8715443998493,6,3,3,0,4.924414467779685,True,2,2026-09-11T13:18:48.833189+00:00,52157029
outdoor-15af5bcd8f1b,legacy_v1,outdoor,214,106.79999999999607,83.50367924089525,7,3,4,0,9.14798300770478,True,1,2026-09-11T13:20:04.185991+00:00,199676889
indoor-b262539777ae,legacy_v1,indoor,64,31.80000000000025,21.829969991232126,6,3,3,11,1.0,False,3,2026-09-11T13:20:50.187240+00:00,64055026
outdoor-d1a0e3283f97,legacy_v1,outdoor,183,91.39999999999695,70.28170660284772,6,4,2,0,7.565425096645108,False,1,2026-09-11T13:21:53.507666+00:00,88254570
outdoor-83eff2b1cb94,legacy_v1,outdoor,258,128.599999999995,97.46695014488975,11,3,8,0,9.168576977604184,False,1,2026-09-11T13:23:22.594742+00:00,105879670
indoor-b4b8c378d118,legacy_v1,indoor,231,115.19999999999666,52.131251780266545,16,4,12,12,1.0,False,1,2026-09-11T13:24:53.790611+00:00,155898204
indoor-8b8ddcee628f,legacy_v1,indoor,71,35.400000000000304,24.405505182431195,8,2,6,12,1.0,False,11,2026-09-11T13:26:46.100443+00:00,55794187
indoor-58af4ce0bd9b,legacy_v1,indoor,163,81.29999999999859,34.290583290393414,10,4,6,11,1.0,False,3,2026-09-11T13:28:07.584827+00:00,129190814
indoor-bdfe694bcf37,legacy_v1,indoor,143,71.39999999999915,33.61328530891312,9,4,5,9,1.0,False,1,2026-09-11T13:29:04.292470+00:00,64635228
indoor-0037a893f22c,legacy_v1,indoor,247,122.99999999999622,61.45778536029529,17,4,13,12,1.0,False,3,2026-09-11T13:30:53.332343+00:00,171285005
indoor-6073fc13e6dd,legacy_v1,indoor,160,79.79999999999868,29.034812432142996,8,3,5,11,1.0,False,17,2026-09-11T13:33:51.021723+00:00,128181315
outdoor-f949606c142f,legacy_v1,outdoor,264,131.59999999999567,102.43437102977887,9,4,5,0,9.422767050684259,False,1,2026-09-11T13:35:11.836014+00:00,155941275
outdoor-15984aee331b,legacy_v1,outdoor,156,77.59999999999773,58.55655249094816,6,3,3,0,5.831808033811629,False,1,2026-09-11T13:36:10.061341+00:00,75122986
outdoor-6cb00dadf074,legacy_v1,outdoor,157,78.1999999999977,65.73083967318468,7,3,4,0,4.460801082840941,True,3,2026-09-11T13:37:34.439978+00:00,91117634
indoor-00e8fc0209f2,legacy_v1,indoor,140,69.89999999999924,37.45013422195514,11,4,7,12,1.0,False,2,2026-09-11T13:38:40.876260+00:00,119203458
outdoor-ac9839a92e0e,legacy_v1,outdoor,209,104.39999999999621,80.08284817551674,8,4,4,0,7.859265638075841,False,2,2026-09-11T13:39:55.438640+00:00,72130692
indoor-1cd725190ad9,legacy_v1,indoor,148,73.49999999999903,26.43141363296356,9,4,5,12,1.0,False,12,2026-09-11T13:42:31.234823+00:00,135447742
indoor-bd28cb1162d7,legacy_v1,indoor,169,83.99999999999844,22.353204295513624,7,4,3,10,1.0,False,10,2026-09-11T13:44:39.449528+00:00,183673802
outdoor-ab12fce71ddc,legacy_v1,outdoor,297,148.1999999999994,119.37579403238706,13,4,9,0,8.75228208317504,True,1,2026-09-11T13:46:16.077276+00:00,183528113
outdoor-191a68d3b553,legacy_v1,outdoor,134,66.59999999999836,48.876950936590276,4,2,2,0,3.9813569069375383,True,1,2026-09-11T13:47:00.189818+00:00,42274427
indoor-24cf6f738710,legacy_v1,indoor,133,66.29999999999944,26.975095869645507,9,4,5,10,1.0,False,14,2026-09-11T13:49:33.347174+00:00,123602645
outdoor-11c6b6d9c11e,legacy_v1,outdoor,202,100.59999999999643,75.56931121234169,9,4,5,0,7.5622957096411625,False,1,2026-09-11T13:50:36.997628+00:00,159134121
outdoor-ec99263bb378,legacy_v1,outdoor,107,53.199999999999115,44.00782413036115,3,2,1,0,4.579770667137285,False,1,2026-09-11T13:51:19.982385+00:00,67452624
indoor-7ce4a15af753,legacy_v1,indoor,105,52.200000000000244,23.617259638233506,7,3,4,9,1.0,False,8,2026-09-11T13:52:58.708641+00:00,92203895
outdoor-b451b020adf0,legacy_v1,outdoor,180,89.59999999999705,60.797163771807526,7,3,4,0,5.765306905847387,False,1,2026-09-11T13:54:04.291684+00:00,116697042
indoor-56d914b033e2,legacy_v1,indoor,286,142.4999999999951,58.75957674758587,18,4,14,11,1.0,False,9,2026-09-11T13:56:52.065490+00:00,214180807
indoor-3fa6a3299966,legacy_v1,indoor,187,93.29999999999791,38.47549538951188,12,3,9,12,1.0,False,4,2026-09-11T13:58:19.652784+00:00,195666381
indoor-36d245884303,legacy_v1,indoor,144,71.54999999999913,33.68759895918634,9,4,5,8,1.0,False,6,2026-09-11T13:59:57.259309+00:00,102339696
outdoor-767190ce1bef,legacy_v1,outdoor,142,70.79999999999812,49.16219497125086,4,3,1,0,5.1024556086848945,False,1,2026-09-11T14:00:49.592106+00:00,48121254
outdoor-2a64fe802066,legacy_v1,outdoor,289,144.19999999999854,105.34645857838663,12,4,8,0,8.909621172157069,True,1,2026-09-11T14:02:29.253136+00:00,154998373
indoor-8f5d001533de,legacy_v1,indoor,122,60.59999999999977,34.03652403119376,9,4,5,9,1.0,False,11,2026-09-11T14:04:42.766260+00:00,94085056
outdoor-ea6cd8327fab,legacy_v1,outdoor,95,47.199999999999456,36.655389052709246,4,3,1,0,3.3682279625995717,True,1,2026-09-11T14:05:23.832189+00:00,45844456
outdoor-d225df9b75e1,legacy_v1,outdoor,255,127.09999999999492,99.8240922928671,9,4,5,0,9.668764979778118,False,1,2026-09-11T14:09:39.058547+00:00,197389967
indoor-60ebc449b1a7,legacy_v1,indoor,109,54.300000000000125,23.519103290403475,7,4,3,8,1.0,False,11,2026-09-11T14:12:10.151393+00:00,93645025
outdoor-1318976637d0,legacy_v1,outdoor,262,130.7999999999955,97.82722411131772,10,4,6,0,9.227132102363608,False,1,2026-09-11T14:13:44.796275+00:00,206475025
outdoor-764804df296e,legacy_v1,outdoor,76,37.79999999999999,32.849526362498125,4,3,1,0,3.6019284092451884,False,1,2026-09-11T14:14:19.907394+00:00,46066151
indoor-ef2a0d6b45b3,legacy_v1,indoor,100,49.5000000000004,29.755199670889017,9,3,6,9,1.0,False,6,2026-09-11T14:15:41.385820+00:00,90251781
indoor-9042225148a5,legacy_v1,indoor,104,51.90000000000026,33.699631333930064,11,4,7,10,1.0,False,5,2026-09-11T14:17:01.813067+00:00,84897937
outdoor-5ea53e16fa76,legacy_v1,outdoor,91,45.19999999999957,33.49546197960507,4,2,2,0,3.1491580688831293,False,1,2026-09-11T14:17:39.274504+00:00,54441873
indoor-54427859f5d5,legacy_v1,indoor,128,63.89999999999958,28.07424306004329,8,4,4,10,1.0,False,12,2026-09-11T14:20:07.326545+00:00,102455812
indoor-f781323690a7,legacy_v1,indoor,160,79.79999999999868,34.58683280212876,9,4,5,11,1.0,False,11,2026-09-11T14:22:25.953019+00:00,119878118
outdoor-84f29f8aaa1e,legacy_v1,outdoor,221,110.19999999999588,80.73979326270937,8,3,5,0,8.272938820193886,True,1,2026-09-11T14:23:38.617549+00:00,210622621
outdoor-c712cc0c3e28,legacy_v1,outdoor,125,62.1999999999986,43.39764713686553,5,3,2,0,4.690981414796387,False,1,2026-09-11T14:24:23.759948+00:00,119733042
indoor-4c3ccf5fe347,legacy_v1,indoor,181,90.29999999999808,52.36903131759931,17,4,13,11,1.0,False,9,2026-09-11T14:26:28.013672+00:00,152486258
outdoor-f42adde333fa,legacy_v1,outdoor,256,127.79999999999488,93.50002189056704,9,4,5,0,9.514778114199231,False,1,2026-09-11T14:28:04.052460+00:00,103972251
outdoor-dce288d72086,legacy_v1,outdoor,113,56.39999999999893,40.36644655987066,4,4,0,0,4.03884499993813,False,1,2026-09-11T14:28:47.683161+00:00,87088486
indoor-50c667d4f5b8,legacy_v1,indoor,153,76.34999999999886,36.535144467350534,12,3,9,12,1.0,False,4,2026-09-11T14:30:04.826226+00:00,154737018
indoor-52ba3d524f05,legacy_v1,indoor,153,76.19999999999888,32.79477395959915,9,4,5,9,1.0,False,3,2026-09-11T14:31:16.867508+00:00,156145005
indoor-62da24cb2488,legacy_v1,indoor,181,89.9999999999981,37.38418347093434,11,4,7,11,1.0,False,2,2026-09-11T14:32:35.085745+00:00,128858212
outdoor-328818500f4e,legacy_v1,outdoor,221,109.9999999999959,87.85080900776927,9,4,5,0,7.2897686274505755,True,1,2026-09-11T14:33:44.730335+00:00,72622331
indoor-9f54a54de77f,legacy_v1,indoor,174,86.69999999999828,29.13660823255843,8,4,4,12,1.0,False,2,2026-09-11T14:34:58.490285+00:00,156966967
indoor-e3ecdda159e7,legacy_v1,indoor,222,110.69999999999692,47.14536094909499,14,4,10,9,1.0,False,5,2026-09-11T14:36:35.274907+00:00,95135661
indoor-ef6d9682782d,legacy_v1,indoor,279,139.1999999999953,64.13746659924243,20,4,16,11,1.0,False,7,2026-09-11T14:38:55.178576+00:00,245673166
indoor-08f8a5281e0f,legacy_v1,indoor,139,69.29999999999927,23.17820673953387,7,3,4,9,1.0,False,2,2026-09-11T14:39:58.949338+00:00,122480501
outdoor-369ca9819123,legacy_v1,outdoor,216,107.79999999999602,83.01324367962653,7,4,3,0,7.866461356610707,False,1,2026-09-11T14:41:11.547391+00:00,137563702
indoor-6421deadb758,legacy_v1,indoor,101,50.40000000000035,27.73820341616369,7,3,4,11,1.0,False,3,2026-09-11T14:42:12.449073+00:00,87335230
indoor-da46c82d0c71,legacy_v1,indoor,175,86.99999999999827,41.75187550347422,13,4,9,12,1.0,False,1,2026-09-11T14:43:12.658766+00:00,134568689
outdoor-258169ac923e,legacy_v1,outdoor,232,115.59999999999557,88.10692129606613,10,4,6,0,7.319240034241792,True,2,2026-09-11T14:44:32.174139+00:00,154738194
outdoor-5b84d4c1b879,legacy_v1,outdoor,372,185.60000000000795,139.68945140786437,14,3,11,0,7.447368375020985,True,1,2026-09-11T14:46:29.900881+00:00,182663332
outdoor-09d4fc4e920c,legacy_v1,outdoor,100,49.79999999999931,39.134727215294504,3,3,0,0,3.6999519353930848,False,1,2026-09-11T14:49:39.428277+00:00,77955743
indoor-d96b7f3b360a,legacy_v1,indoor,60,29.70000000000022,20.379000900285014,5,4,1,11,1.0,False,3,2026-09-11T14:50:26.212580+00:00,71368633
indoor-4bcca22569df,legacy_v1,indoor,125,62.09999999999968,26.230111486566404,8,4,4,11,1.0,False,1,2026-09-11T14:51:16.147809+00:00,116031071
outdoor-8d588d2b38bd,legacy_v1,outdoor,154,76.79999999999778,59.309131916299506,5,4,1,0,4.841765413215008,True,1,2026-09-11T14:52:08.092763+00:00,50729628
outdoor-0abbd5d01c55,legacy_v1,outdoor,118,58.59999999999881,44.11831060537162,4,3,1,0,4.449203180307753,False,1,2026-09-11T14:52:56.184721+00:00,72905775
indoor-0ef09127c8a6,legacy_v1,indoor,206,102.89999999999739,56.45956566111363,18,4,14,9,1.0,False,13,2026-09-11T14:55:41.767212+00:00,212266974
indoor-585c1fb03cda,legacy_v1,indoor,128,63.599999999999596,27.48628582535411,9,4,5,11,1.0,False,11,2026-09-11T14:57:37.361428+00:00,61091031
outdoor-ba12161bcef1,legacy_v1,outdoor,184,91.79999999999693,70.13603044175747,8,4,4,0,7.718831704195937,False,1,2026-09-11T14:58:42.865177+00:00,89771339
indoor-cc609ae04b83,legacy_v1,indoor,119,59.399999999999835,23.351496667536907,7,3,4,9,1.0,False,6,2026-09-11T15:00:09.391075+00:00,65809265
outdoor-ce321af8fd9c,legacy_v1,outdoor,63,31.40000000000031,23.965915375149223,2,1,1,0,3.049208441355598,True,1,2026-09-11T15:00:38.658960+00:00,44761156
indoor-514c31194561,legacy_v1,indoor,160,79.49999999999869,32.92420711803641,9,4,5,8,1.0,False,2,2026-09-11T15:01:45.664332+00:00,116235585
indoor-679389ee09c0,legacy_v1,indoor,154,76.49999999999886,38.85472245976845,12,3,9,11,1.0,False,2,2026-09-11T15:02:54.333839+00:00,112001411
outdoor-c754e5c86a48,legacy_v1,outdoor,125,62.1999999999986,47.27667652241732,5,3,2,0,5.061333294508998,False,1,2026-09-11T15:03:38.978458+00:00,118682257
outdoor-89aeb7e6d2ee,legacy_v1,outdoor,83,41.399999999999785,32.532078195473375,3,3,0,0,3.0565473936900016,False,1,2026-09-11T15:04:13.176766+00:00,34013771
indoor-a90ed799e952,legacy_v1,indoor,137,68.39999999999932,24.019241696372337,8,3,5,9,1.0,False,5,2026-09-11T15:05:33.222766+00:00,126539703
indoor-85906589b9fe,legacy_v1,indoor,131,65.09999999999951,28.435682911550636,9,4,5,8,1.0,False,11,2026-09-11T15:07:30.361054+00:00,102394819
outdoor-30c5dfc4ce90,legacy_v1,outdoor,270,134.79999999999634,95.27659245780782,11,4,7,0,9.008614613362909,False,1,2026-09-11T15:08:58.371847+00:00,100275440
outdoor-b646eec72ee1,legacy_v1,outdoor,107,53.199999999999115,44.30933266661469,5,3,2,0,3.9255822311853636,True,1,2026-09-11T15:09:43.865123+00:00,45966178
outdoor-99865ba8d6c4,legacy_v1,outdoor,232,115.59999999999557,88.48517499624597,10,3,7,0,6.993033073528942,True,1,2026-09-11T15:10:54.896137+00:00,87141296
indoor-441bf1a97321,legacy_v1,indoor,217,108.29999999999706,47.69468930595232,13,4,9,8,1.0,False,1,2026-09-11T15:12:10.322442+00:00,200342440
outdoor-332014af015c,legacy_v1,outdoor,167,82.99999999999743,61.16918916939787,7,4,3,0,6.526146733379482,True,1,2026-09-11T15:13:07.355139+00:00,66520275
outdoor-ef03b6f4b326,legacy_v1,outdoor,193,96.39999999999667,71.09102579835482,8,4,4,0,6.89523115597532,True,1,2026-09-11T15:14:14.502139+00:00,95314023
outdoor-7340ab6504b9,legacy_v1,outdoor,239,119.39999999999536,88.21230005971199,8,4,4,0,9.348074128684587,False,1,2026-09-11T15:15:35.785013+00:00,74266489
indoor-0dd11ca1559d,legacy_v1,indoor,35,17.10000000000004,21.877165635736695,6,4,2,6,1.0,False,13,2026-09-11T15:17:42.930423+00:00,26710938
indoor-2bc3b29c47f3,legacy_v1,indoor,92,45.900000000000446,30.478096536876905,8,3,5,11,1.0,False,1,2026-09-11T15:18:23.343344+00:00,95898039
indoor-1e28482cabe4,legacy_v1,indoor,167,83.39999999999847,35.03657006723635,10,4,6,9,1.0,False,2,2026-09-11T15:19:26.603407+00:00,135800525
outdoor-78894daca623,legacy_v1,outdoor,112,55.79999999999897,39.59040236806298,3,2,1,0,3.9119863469918115,False,2,2026-09-11T15:20:16.106870+00:00,68232820
outdoor-2af053411aa5,legacy_v1,outdoor,163,81.39999999999752,66.03883076621308,6,3,3,0,6.097221075392722,False,1,2026-09-11T15:21:12.977919+00:00,53520775
outdoor-b962d2d14211,legacy_v1,outdoor,105,52.39999999999916,45.02805618626182,5,3,2,0,4.16309245839656,True,1,2026-09-11T15:21:51.757468+00:00,60857444
outdoor-db79be0a0895,legacy_v1,outdoor,254,126.59999999999495,97.89694794722823,11,4,7,0,9.964703192779023,False,1,2026-09-11T15:23:15.542243+00:00,151796125
outdoor-527fde59ae5b,legacy_v1,outdoor,253,126.39999999999496,94.91139190217554,8,4,4,0,9.453991780012883,False,2,2026-09-11T15:24:49.942229+00:00,99741950
indoor-d448cac358a9,legacy_v1,indoor,167,83.09999999999849,37.51590516981297,11,4,7,12,1.0,False,11,2026-09-11T15:26:59.502234+00:00,147896141
outdoor-6005cc96de86,legacy_v1,outdoor,279,138.99999999999736,115.1157782701927,12,4,8,0,8.347030282104672,True,1,2026-09-11T15:28:41.881654+00:00,120733779
indoor-9d9d4392fb6e,legacy_v1,indoor,91,45.00000000000044,20.156052962662077,5,3,2,9,1.0,False,3,2026-09-11T15:29:36.910976+00:00,78663683
outdoor-92744432a91e,legacy_v1,outdoor,105,52.39999999999916,41.39004807879979,3,3,0,0,4.550873652165928,False,1,2026-09-11T15:30:18.509044+00:00,35943635
indoor-404eb18a2aee,legacy_v1,indoor,162,80.69999999999862,35.043516684025356,10,4,6,8,1.0,False,2,2026-09-11T15:31:37.309520+00:00,160963824
indoor-a72fc3a5ba3e,legacy_v1,indoor,127,63.29999999999961,27.95204691821456,7,3,4,11,1.0,False,9,2026-09-11T15:33:21.884524+00:00,82612672
outdoor-a5ccb73611a9,legacy_v1,outdoor,238,118.5999999999954,91.52872591980116,9,4,5,0,8.368045105982013,True,1,2026-09-11T15:34:42.681916+00:00,118642802
outdoor-d9d6a2498973,legacy_v1,outdoor,237,117.99999999999544,87.21568976719851,8,3,5,0,7.237607962460973,True,1,2026-09-11T15:36:00.275783+00:00,85844633
outdoor-ff367386033e,legacy_v1,outdoor,59,29.000000000000277,21.59646528843738,2,2,0,0,8.757936431244783,True,1,2026-09-11T15:36:32.586499+00:00,20053823
indoor-d3699d2dcd16,legacy_v1,indoor,113,56.10000000000002,21.09221780675255,6,3,3,8,1.0,False,4,2026-09-11T15:40:21.081952+00:00,109328584
indoor-17aeeca5efb3,legacy_v1,indoor,122,60.59999999999977,31.453290774757555,9,4,5,9,1.0,False,1,2026-09-11T15:41:07.336368+00:00,86185870
indoor-de24414e714d,legacy_v1,indoor,158,78.59999999999874,40.13574117082105,12,4,8,9,1.0,False,2,2026-09-11T15:42:17.019357+00:00,104515709
indoor-df579940bb58,legacy_v1,indoor,121,59.9999999999998,25.59148855742221,7,3,4,11,1.0,False,8,2026-09-11T15:44:00.015402+00:00,68349781
outdoor-8d60d231a885,legacy_v1,outdoor,116,57.599999999998865,43.62884785967463,4,3,1,0,4.237474051138827,False,1,2026-09-11T15:44:43.354553+00:00,38562648
indoor-21eff2a1a763,legacy_v1,indoor,95,47.10000000000046,25.175289330370095,9,4,5,11,1.0,False,4,2026-09-11T15:45:50.823685+00:00,65803906
indoor-99740f219eab,legacy_v1,indoor,148,73.49999999999903,33.866963597774735,11,4,7,11,1.0,False,3,2026-09-11T15:47:02.088599+00:00,131998861
outdoor-c4913fb245de,legacy_v1,outdoor,320,159.8000000000021,122.74288679629146,13,4,9,0,8.758787070385843,True,3,2026-09-11T15:49:09.948792+00:00,144838335
indoor-0ac90c29e3e2,legacy_v1,indoor,168,83.69999999999845,24.654969287209134,7,3,4,11,1.0,False,9,2026-09-11T15:51:23.486800+00:00,154580651
outdoor-952c8700e209,legacy_v1,outdoor,234,116.7999999999955,83.26028046403964,7,3,4,0,8.337056736852906,False,1,2026-09-11T15:52:42.361542+00:00,150162860
outdoor-1157bbb2d769,legacy_v1,outdoor,270,134.7999999999964,95.5015433452167,9,4,5,0,9.0140825946545,False,1,2026-09-11T15:54:14.576903+00:00,130123901
indoor-c8bcc9fc8c3b,legacy_v1,indoor,173,86.09999999999832,43.048793466580484,13,4,9,8,1.0,False,6,2026-09-11T15:56:04.275668+00:00,139227097
outdoor-6c484deeb003,legacy_v1,outdoor,128,63.59999999999852,45.99574572836171,4,2,2,0,4.33110629229962,True,1,2026-09-11T15:56:48.635212+00:00,105089622
outdoor-fb0687b17d15,legacy_v1,outdoor,174,86.59999999999722,59.03489529104036,6,4,2,0,5.708919113462389,False,1,2026-09-11T15:57:48.468811+00:00,139973129
outdoor-4680c5d3477c,legacy_v1,outdoor,182,90.79999999999698,67.8313345167775,6,4,2,0,6.417660262616151,False,1,2026-09-11T15:58:47.346594+00:00,92315698
outdoor-87d48fc857fa,legacy_v1,outdoor,263,130.99999999999554,102.50609666300628,10,3,7,0,7.271719365397423,True,1,2026-09-11T16:00:08.844272+00:00,86664217
outdoor-5f8e84585f3d,legacy_v1,outdoor,120,59.59999999999875,42.125089234104124,3,3,0,0,4.5273154144104915,False,1,2026-09-11T16:00:52.242221+00:00,113506188
outdoor-638624d894bd,legacy_v1,outdoor,121,60.09999999999872,37.23988433217846,3,3,0,0,3.5869811375267178,False,1,2026-09-11T16:01:31.786966+00:00,113741624
indoor-127f62ff96d7,legacy_v1,indoor,233,116.09999999999661,52.691119849013475,16,4,12,8,1.0,False,1,2026-09-11T16:02:49.544249+00:00,134862088
outdoor-b4e879b74c43,legacy_v1,outdoor,142,70.59999999999813,34.78805888423731,2,1,1,0,4.104312055983791,True,1,2026-09-11T16:03:35.397689+00:00,75235648
indoor-1941e47098e1,legacy_v1,indoor,106,52.650000000000226,23.58420910500201,8,4,4,9,1.0,False,10,2026-09-11T16:05:28.467703+00:00,86565305
indoor-bc02af181b34,legacy_v1,indoor,121,59.9999999999998,28.33760152818668,8,3,5,8,1.0,False,15,2026-09-11T16:08:00.983002+00:00,57580754
outdoor-d44bc84fcfc6,legacy_v1,outdoor,237,118.39999999999542,86.94549158208243,9,3,6,0,8.307259069671762,True,1,2026-09-11T16:09:23.178594+00:00,100948088
indoor-db841e938820,legacy_v1,indoor,179,89.09999999999815,52.397495714480016,16,4,12,11,1.0,False,1,2026-09-11T16:10:27.175576+00:00,150517455
outdoor-3d3f16218940,legacy_v1,outdoor,251,125.39999999999502,88.72844269824678,8,2,6,0,8.88772351138292,False,1,2026-09-11T16:11:45.182602+00:00,82720825
indoor-0956f566bab5,legacy_v1,indoor,126,62.69999999999965,24.680690997536363,7,3,4,10,1.0,False,8,2026-09-11T16:13:32.321722+00:00,125261892
outdoor-a6767b19e87b,legacy_v1,outdoor,425,212.200000000014,168.96832668494716,16,4,12,0,9.85192133561711,True,1,2026-09-11T16:15:43.370999+00:00,316212080
outdoor-ddc11371c065,legacy_v1,outdoor,185,92.1999999999969,65.9827963826221,6,4,2,0,7.042893200862394,True,1,2026-09-11T16:16:43.208442+00:00,174070378
indoor-3491382cdbd0,legacy_v1,indoor,152,75.59999999999891,40.25754711910821,11,4,7,10,1.0,False,3,2026-09-11T16:17:50.455061+00:00,82857161
indoor-3a21c0608574,legacy_v1,indoor,230,114.5999999999967,49.50142767340665,15,4,11,9,1.0,False,8,2026-09-11T16:21:25.094730+00:00,203428071
outdoor-3718a75f34b8,legacy_v1,outdoor,96,47.59999999999943,35.0303226606604,3,3,0,0,3.1815260737025644,True,1,2026-09-11T16:22:07.658224+00:00,38844053
indoor-fed2bb6789f5,legacy_v1,indoor,260,129.74999999999585,45.58316527146217,15,4,11,12,1.0,False,6,2026-09-11T16:24:18.291187+00:00,148896762
indoor-32f4d376894d,legacy_v1,indoor,245,122.09999999999627,53.21326301703366,16,4,12,8,1.0,False,7,2026-09-11T16:26:29.262929+00:00,155473644
indoor-d7bcd4deb420,legacy_v1,indoor,90,44.70000000000043,27.145502287590105,8,3,5,10,1.0,False,4,2026-09-11T16:27:33.905783+00:00,81077332
outdoor-d5f17eb65d0b,legacy_v1,outdoor,145,72.19999999999804,52.358129562101105,5,1,4,0,5.53804599438836,False,1,2026-09-11T16:28:23.861259+00:00,101282420
outdoor-e3c036371777,legacy_v1,outdoor,283,141.3999999999979,109.76516374624649,10,4,6,0,9.892787990441864,True,1,2026-09-11T16:29:54.032437+00:00,232095212
outdoor-1cac5cd5c0b1,legacy_v1,outdoor,233,116.39999999999553,74.0942707499259,8,3,5,0,6.897932423698009,False,1,2026-09-11T16:31:13.884560+00:00,156487546
outdoor-e94e3d7a257f,legacy_v1,outdoor,119,58.999999999998785,47.83221764946652,6,4,2,0,4.108758538683112,True,1,2026-09-11T16:31:55.910070+00:00,117440251
outdoor-d9ff8b8f9e0e,legacy_v1,outdoor,269,134.09999999999624,90.73514195602556,9,4,5,0,8.637536122289967,False,1,2026-09-11T16:33:26.997522+00:00,114214019
outdoor-997297f48d6e,legacy_v1,outdoor,222,110.59999999999586,87.13246505314218,10,4,6,0,9.082987384643985,False,1,2026-09-11T16:34:43.633606+00:00,154449003
indoor-3b73ec6ad3a3,legacy_v1,indoor,228,113.69999999999675,53.54958014037361,15,4,11,11,1.0,False,11,2026-09-11T16:37:04.052699+00:00,132209528
indoor-125c8bf3bbfd,legacy_v1,indoor,146,72.59999999999908,29.519490866469067,8,4,4,10,1.0,False,10,2026-09-11T16:39:25.251274+00:00,152509692
outdoor-18c98a81f54c,legacy_v1,outdoor,181,90.29999999999701,60.38639928227849,6,4,2,0,5.832104997580548,False,1,2026-09-11T16:40:28.002719+00:00,128113867
outdoor-2dc37ac7e8b7,legacy_v1,outdoor,295,147.39999999999927,107.39075208016561,11,4,7,0,6.948048969323848,True,1,2026-09-11T16:41:58.797880+00:00,147322601
outdoor-6698224e44a6,legacy_v1,outdoor,138,68.79999999999824,53.67658198017502,4,3,1,0,4.568627622769234,True,1,2026-09-11T16:42:48.430406+00:00,97876944
indoor-5179d1d5c0a2,legacy_v1,indoor,124,61.499999999999716,41.86264966111902,12,4,8,11,1.0,False,8,2026-09-11T16:44:21.713779+00:00,87840397
outdoor-52bbbf7525bc,legacy_v1,outdoor,258,128.89999999999506,105.49218430538207,10,4,6,0,7.007357366550699,True,1,2026-09-11T16:45:42.158963+00:00,109288332
indoor-29963fd86c0a,legacy_v1,indoor,158,78.89999999999873,36.41938348341864,11,4,7,9,1.0,False,16,2026-09-11T16:48:40.969543+00:00,174942698
outdoor-a8fcdabf7bc0,legacy_v1,outdoor,345,172.40000000000495,134.7489286984773,13,4,9,0,6.631811441393783,True,1,2026-09-11T16:50:20.261683+00:00,137960307
indoor-20d590df8e26,legacy_v1,indoor,175,86.99999999999827,40.536914170241346,13,4,9,8,1.0,False,17,2026-09-11T16:53:31.141975+00:00,105323799
indoor-836f38a80b62,legacy_v1,indoor,134,66.89999999999941,26.934617318939353,7,3,4,11,1.0,False,11,2026-09-11T16:55:33.096763+00:00,75947502
indoor-f3b9725f200f,legacy_v1,indoor,75,37.20000000000033,24.343483434794614,8,4,4,11,1.0,False,14,2026-09-11T16:57:53.195091+00:00,66133792
indoor-d1313d47a366,legacy_v1,indoor,234,116.69999999999658,54.727680332070925,15,4,11,8,1.0,False,15,2026-09-11T17:00:59.106402+00:00,228886989
indoor-f75c74fff517,legacy_v1,indoor,128,63.89999999999958,26.560992499324016,9,3,6,8,1.0,False,5,2026-09-11T17:02:16.396088+00:00,101603669
outdoor-5fb55f697a32,legacy_v1,outdoor,114,56.59999999999892,42.473148192655415,4,2,2,0,4.098890413019585,True,1,2026-09-11T17:03:01.460289+00:00,82474213
indoor-6c58a174ccc8,legacy_v1,indoor,125,62.09999999999968,26.378046728466835,9,4,5,12,1.0,False,2,2026-09-11T17:04:01.885848+00:00,117394391
outdoor-d205950da945,legacy_v1,outdoor,263,130.99999999999554,98.35536683288854,10,4,6,0,9.937353101818792,False,1,2026-09-11T17:05:25.438620+00:00,184295309
indoor-635b74d76af5,legacy_v1,indoor,116,57.59999999999994,23.475088634404344,6,3,3,9,1.0,False,8,2026-09-11T17:06:56.585781+00:00,84211015
outdoor-3c127628a717,legacy_v1,outdoor,124,61.799999999998626,39.57114023750154,5,3,2,0,4.174212154715111,False,1,2026-09-11T17:07:40.391092+00:00,123575663
indoor-8ab477feff34,legacy_v1,indoor,85,42.300000000000395,20.327358136159276,6,4,2,10,1.0,False,12,2026-09-11T17:09:33.522226+00:00,103191611
indoor-440c14c9febe,legacy_v1,indoor,211,104.99999999999724,46.82718834880764,14,4,10,12,1.0,False,8,2026-09-11T17:11:43.609337+00:00,176477348
outdoor-bb226a23b844,legacy_v1,outdoor,161,80.29999999999758,57.926075073366775,7,4,3,0,4.216390686541139,True,1,2026-09-11T17:12:45.093468+00:00,107605412
outdoor-4e5839ee4c3f,legacy_v1,outdoor,167,83.3999999999974,63.54811724179315,7,3,4,0,5.238969446622583,True,1,2026-09-11T17:13:41.436974+00:00,65539862
outdoor-dbbc4f19d2d6,legacy_v1,outdoor,202,100.59999999999643,79.1530025016048,9,3,6,0,7.476675025549722,False,1,2026-09-11T17:14:53.135045+00:00,93762604
indoor-77d87b790c42,legacy_v1,indoor,181,90.29999999999808,40.66712369125419,11,4,7,8,1.0,False,3,2026-09-11T17:16:14.837004+00:00,148483687
indoor-b034c469a43c,legacy_v1,indoor,112,55.80000000000004,21.025132533711577,6,4,2,12,1.0,False,13,2026-09-11T17:18:38.968223+00:00,109970700
indoor-29b2b7ddb955,legacy_v1,indoor,196,97.49999999999767,41.046273369476964,13,4,9,11,1.0,False,4,2026-09-11T17:20:20.732928+00:00,150621643
indoor-25515c6c655d,legacy_v1,indoor,142,70.79999999999919,28.742210494401505,9,4,5,8,1.0,False,17,2026-09-11T17:23:07.807326+00:00,123608577
outdoor-6aa91c1e5a63,legacy_v1,outdoor,235,116.9999999999955,90.38974359758603,9,4,5,0,7.390110634402841,True,1,2026-09-11T17:24:33.331448+00:00,96740543
indoor-2bef47be4543,legacy_v1,indoor,130,64.49999999999955,32.24033677768378,11,3,8,9,1.0,False,4,2026-09-11T17:25:46.920881+00:00,94995966
indoor-7e04f788867a,legacy_v1,indoor,105,52.200000000000244,24.002489228617442,8,4,4,8,1.0,False,11,2026-09-11T17:27:41.019845+00:00,85454827
outdoor-f505eb33447a,legacy_v1,outdoor,211,105.39999999999615,83.70186861950444,7,4,3,0,8.682443278334219,True,1,2026-09-11T17:28:52.538632+00:00,106235129
indoor-999a905a0d66,legacy_v1,indoor,186,92.69999999999794,39.7691515576345,11,4,7,11,1.0,False,1,2026-09-11T17:30:01.557863+00:00,171752327
indoor-e2032d01c6d3,legacy_v1,indoor,61,30.000000000000224,21.486466880697623,6,3,3,11,1.0,False,1,2026-09-11T17:30:36.303141+00:00,43872459
indoor-7b4ba32a4f73,legacy_v1,indoor,172,85.49999999999835,34.71962285220596,10,4,6,11,1.0,False,4,2026-09-11T17:32:10.835462+00:00,145865612
indoor-b724deb26d9e,legacy_v1,indoor,144,71.54999999999917,28.831132929585742,10,4,6,11,1.0,False,5,2026-09-11T17:33:30.642832+00:00,146742911
indoor-f88fe8f37952,legacy_v1,indoor,179,89.09999999999815,40.910271340112445,13,4,9,9,1.0,False,14,2026-09-11T17:36:12.853649+00:00,184101703
indoor-350786fe5f0f,legacy_v1,indoor,85,42.0000000000004,26.226296640615764,8,3,5,12,1.0,False,2,2026-09-11T17:36:56.006252+00:00,75226751
outdoor-37bb963aa534,legacy_v1,outdoor,191,94.99999999999675,74.13377392435356,8,3,5,0,4.283451415468058,True,1,2026-09-11T17:37:56.481108+00:00,68885410
outdoor-3c0f6905ebff,legacy_v1,outdoor,273,136.39999999999677,108.2218985729246,12,4,8,0,6.854212143497395,True,1,2026-09-11T17:39:21.773490+00:00,95485730
outdoor-1a1e21cac5da,legacy_v1,outdoor,81,40.199999999999854,32.427339738545804,3,2,1,0,3.2600296120324774,True,1,2026-09-11T17:39:54.436447+00:00,64883779
indoor-5979baf538ed,legacy_v1,indoor,137,68.39999999999932,42.75643545169597,12,4,8,9,1.0,False,5,2026-09-11T17:41:28.868821+00:00,92572526
outdoor-62858fdbebeb,legacy_v1,outdoor,255,127.19999999999492,89.83307046667625,10,4,6,0,8.619541392077114,False,1,2026-09-11T17:42:57.039942+00:00,111282685
indoor-f6f7f8fbf031,legacy_v1,indoor,163,81.29999999999859,37.406636203123355,12,4,8,9,1.0,False,5,2026-09-11T17:44:32.461749+00:00,143801109
indoor-cfefa1b5e757,legacy_v1,indoor,144,71.54999999999914,21.846649142059313,7,4,3,12,1.0,False,5,2026-09-11T17:45:52.938443+00:00,141171190
outdoor-eef49f85d06c,legacy_v1,outdoor,75,37.000000000000036,34.914715500257785,3,3,0,0,3.431485379499241,True,1,2026-09-11T17:46:28.603978+00:00,36358619
indoor-82bdb150b935,legacy_v1,indoor,154,76.49999999999886,30.49374697856096,10,4,6,12,1.0,False,13,2026-09-11T17:48:58.023365+00:00,129625664
outdoor-3e96e7c066fc,legacy_v1,outdoor,185,92.1999999999969,67.65136466796488,8,4,4,0,7.111494289684859,False,1,2026-09-11T17:49:58.810523+00:00,146350360
indoor-b53946c15c78,legacy_v1,indoor,103,51.300000000000296,23.999399275096412,8,4,4,12,1.0,False,2,2026-09-11T17:50:49.588680+00:00,128299263
indoor-b10012e25e68,legacy_v1,indoor,131,65.3999999999995,40.72321167076652,13,4,9,9,1.0,False,11,2026-09-11T17:52:54.781700+00:00,95397651
outdoor-29d81ec732f9,legacy_v1,outdoor,123,60.99999999999867,51.34056067269029,5,4,1,0,3.9148847043640336,True,1,2026-09-11T17:53:38.185458+00:00,87731653
outdoor-d15432c9d6f5,legacy_v1,outdoor,215,107.39999999999604,80.51495456105087,8,3,5,0,8.197814039590178,True,1,2026-09-11T17:54:45.682762+00:00,125467708
outdoor-c91df4b78ca8,legacy_v1,outdoor,279,139.39999999999745,124.58573840633207,12,4,8,0,9.698145843744864,True,1,2026-09-11T17:56:17.079451+00:00,154249869
indoor-019408ff7378,legacy_v1,indoor,146,72.89999999999907,38.357080213117605,12,4,8,9,1.0,False,1,2026-09-11T17:57:16.908933+00:00,81103667
indoor-f2c0b19f015e,legacy_v1,indoor,180,89.69999999999811,38.153871916532964,11,4,7,10,1.0,False,20,2026-09-11T18:00:31.602634+00:00,148894524
outdoor-3a5d4aa4cdf4,legacy_v1,outdoor,146,72.79999999999801,58.68591468340413,7,3,4,0,5.596710547104813,True,5,2026-09-11T18:02:28.148282+00:00,61949030
indoor-9e2f6935283e,legacy_v1,indoor,136,67.79999999999936,28.217997130727227,8,4,4,10,1.0,False,9,2026-09-11T18:04:14.638978+00:00,164877460
outdoor-e1d497f7e166,legacy_v1,outdoor,248,123.79999999999511,91.32369162990591,10,4,6,0,9.997292968481698,False,1,2026-09-11T18:05:32.826735+00:00,83349770
indoor-13b2da07fa0c,legacy_v1,indoor,120,59.69999999999982,27.668529003399915,7,3,4,8,1.0,False,6,2026-09-11T18:06:58.357795+00:00,117997795
indoor-d278cbdb4805,legacy_v1,indoor,99,49.200000000000415,27.42822259843659,9,4,5,12,1.0,False,11,2026-09-11T18:08:49.610640+00:00,115558595
indoor-c40acbc89f3d,legacy_v1,indoor,190,94.79999999999782,41.369342888550456,13,4,9,9,1.0,False,5,2026-09-11T18:10:24.024084+00:00,74497727
outdoor-3cb3c88d109e,legacy_v1,outdoor,190,94.79999999999676,70.14500558332234,6,3,3,0,6.8611589288929995,False,1,2026-09-11T18:11:36.360075+00:00,78913128
outdoor-ccd62480e690,legacy_v1,outdoor,196,97.5999999999966,82.68589250211227,8,4,4,0,5.770969262800735,True,1,2026-09-11T18:12:45.049307+00:00,153216517
outdoor-ad0bcdedd2b2,legacy_v1,outdoor,153,76.19999999999781,63.23265147779095,5,2,3,0,5.845013851275573,True,1,2026-09-11T18:13:39.071971+00:00,141086044
outdoor-4af222245390,legacy_v1,outdoor,171,85.1999999999973,61.86442859726424,5,4,1,0,6.025606220022314,False,1,2026-09-11T18:14:44.289406+00:00,52997464
indoor-d4299bac1866,legacy_v1,indoor,82,40.50000000000037,20.679018725323097,7,4,3,8,1.0,False,8,2026-09-11T18:16:13.822291+00:00,56429367
outdoor-d3538f48c37f,legacy_v1,outdoor,239,119.19999999999537,85.55198462225886,9,4,5,0,8.726633692290465,False,1,2026-09-11T18:17:38.572771+00:00,150900136
indoor-6b8f75d3ea46,legacy_v1,indoor,195,97.19999999999769,41.72857579004054,14,4,10,12,1.0,False,2,2026-09-11T18:19:00.938294+00:00,165367353
indoor-a873463b4cbe,legacy_v1,indoor,179,89.39999999999813,40.22237574676787,12,4,8,8,1.0,False,4,2026-09-11T18:20:41.952680+00:00,172390452
outdoor-ecc43bc855a2,legacy_v1,outdoor,178,88.7999999999971,64.74242030146245,6,3,3,0,9.012037752557172,True,2,2026-09-11T18:22:04.996943+00:00,92673565
outdoor-74a184c9accc,legacy_v1,outdoor,263,131.39999999999563,95.70409054209483,11,4,7,0,9.824262352905937,False,1,2026-09-11T18:23:36.990666+00:00,82926383
outdoor-2de5560526a9,legacy_v1,outdoor,139,69.19999999999821,46.66371600384891,6,2,4,0,4.982435409955371,True,2,2026-09-11T18:24:33.965528+00:00,80367198
outdoor-19a31a4dbc65,legacy_v1,outdoor,110,54.599999999999035,50.24894972111093,4,2,2,0,4.151354808706072,True,1,2026-09-11T18:25:20.899356+00:00,53816312
indoor-7cc338d41d8e,legacy_v1,indoor,62,30.900000000000237,21.43943292198047,6,4,2,12,1.0,False,3,2026-09-11T18:26:10.157907+00:00,53993332
indoor-6d098d84c231,legacy_v1,indoor,139,68.99999999999929,29.693115700500996,9,4,5,10,1.0,False,8,2026-09-11T18:27:54.014478+00:00,81058032
indoor-720f20afa6c6,legacy_v1,indoor,110,54.60000000000011,25.664769184905264,9,4,5,11,1.0,False,2,2026-09-11T18:28:52.568816+00:00,76014901
outdoor-229284a126a7,legacy_v1,outdoor,184,91.59999999999694,70.10818199764542,7,4,3,0,6.500966960529019,False,1,2026-09-11T18:30:00.631271+00:00,89912563
outdoor-eadb2100456c,legacy_v1,outdoor,208,103.79999999999625,83.81973091580966,7,3,4,0,6.8809670714427495,True,1,2026-09-11T18:31:11.605464+00:00,112281482
indoor-386b4f161b15,legacy_v1,indoor,151,75.29999999999893,32.50933460588607,10,3,7,8,1.0,False,5,2026-09-11T18:32:42.978705+00:00,121082800
outdoor-520e85ca4899,legacy_v1,outdoor,136,67.79999999999829,53.84817572376667,4,2,2,0,5.830972000274482,False,1,2026-09-11T18:33:38.323637+00:00,104230371
indoor-2ab93cebbc92,legacy_v1,indoor,251,125.0999999999961,56.89688267927551,16,4,12,10,1.0,False,2,2026-09-11T18:35:31.778822+00:00,258325343
indoor-8af33affa092,legacy_v1,indoor,157,77.99999999999878,30.446307118550557,8,3,5,11,1.0,False,18,2026-09-11T18:38:57.884001+00:00,166375356
indoor-6d007c624946,legacy_v1,indoor,150,74.69999999999897,29.931648892149624,10,4,6,8,1.0,False,4,2026-09-11T18:40:24.325345+00:00,144255835
outdoor-100ecf2c5716,legacy_v1,outdoor,177,88.19999999999713,68.29686725739654,8,4,4,0,5.801613949589299,True,1,2026-09-11T18:41:31.927958+00:00,88988646
outdoor-526fcc5546df,legacy_v1,outdoor,328,163.800000000003,124.22517025834989,12,4,8,0,8.74952246724435,True,2,2026-09-11T18:43:41.622906+00:00,140169984
outdoor-fcef6847efb9,legacy_v1,outdoor,269,134.19999999999627,100.30493683093034,11,4,7,0,9.507668066340925,False,1,2026-09-11T18:45:22.118798+00:00,191701133
indoor-d4703578cc91,legacy_v1,indoor,146,72.59999999999908,35.38076121196205,12,4,8,10,1.0,False,13,2026-09-11T18:47:50.290089+00:00,145942568
indoor-0ad43bdca3d5,legacy_v1,indoor,128,63.89999999999958,25.126829805059582,8,3,5,11,1.0,False,10,2026-09-11T18:49:56.188494+00:00,104927184
outdoor-57617ce39382,legacy_v1,outdoor,338,168.6000000000041,136.8665669670109,14,4,10,0,7.806898154053545,True,1,2026-09-11T18:51:54.854509+00:00,143281326
outdoor-76973466e9bd,legacy_v1,outdoor,143,71.1999999999981,50.74009148067907,6,4,2,0,4.8412818001829425,True,2,2026-09-11T18:53:01.278799+00:00,53518648
indoor-58bb9376b29a,legacy_v1,indoor,182,90.89999999999804,41.685916251877046,14,4,10,9,1.0,False,1,2026-09-11T18:56:43.824096+00:00,149280705
outdoor-14872469f010,legacy_v1,outdoor,176,87.59999999999717,66.57638413113945,7,4,3,0,6.508769066572852,True,1,2026-09-11T19:00:34.270876+00:00,96985013
outdoor-64586d0d485f,legacy_v1,outdoor,157,78.1999999999977,53.35127728318788,5,3,2,0,4.869031629620024,False,1,2026-09-11T19:01:34.250831+00:00,77885873
outdoor-45d182c4b337,legacy_v1,outdoor,245,121.99999999999521,89.71326970068733,9,4,5,0,8.604262224199575,False,1,2026-09-11T19:02:54.086808+00:00,140040751
indoor-06cdd95eb2ed,legacy_v1,indoor,242,120.59999999999636,61.05997119989702,17,4,13,8,1.0,False,3,2026-09-11T19:04:40.337911+00:00,171753032
indoor-054e053314bf,legacy_v1,indoor,197,98.09999999999764,37.40087877583103,11,4,7,11,1.0,False,16,2026-09-11T19:08:09.720096+00:00,143100086
outdoor-28276fc8c114,legacy_v1,outdoor,249,124.39999999999507,87.89030524596387,10,3,7,0,9.396128377044786,True,1,2026-09-11T19:09:30.951132+00:00,101226137
outdoor-30f90df79777,legacy_v1,outdoor,252,125.799999999995,97.63863939117311,11,4,7,0,7.318482475788815,True,1,2026-09-11T19:11:00.367983+00:00,140998120
indoor-82f4672e5a47,legacy_v1,indoor,105,52.200000000000244,30.26404316026836,8,4,4,8,1.0,False,6,2026-09-11T19:12:25.434407+00:00,90932469
outdoor-9f9ec77909bd,legacy_v1,outdoor,127,62.99999999999856,46.7219284711232,6,4,2,0,4.622867120664107,False,1,2026-09-11T19:13:12.257308+00:00,122058939
indoor-8759243decb1,legacy_v1,indoor,116,57.59999999999994,25.09007333346652,8,3,5,9,1.0,False,4,2026-09-11T19:17:13.627307+00:00,73040278
outdoor-5c690d275655,legacy_v1,outdoor,87,42.999999999999694,32.48270917415414,2,2,0,0,5.116884991807299,True,1,2026-09-11T19:17:51.341681+00:00,59540314
outdoor-d145ec4fe698,legacy_v1,outdoor,282,140.59999999999772,109.07785941024284,11,3,8,0,9.255560828257064,True,1,2026-09-11T19:19:30.828537+00:00,141336701
outdoor-8511abc087a2,legacy_v1,outdoor,161,80.19999999999759,54.848374911167795,6,3,3,0,5.124410518869547,False,2,2026-09-11T19:20:35.351871+00:00,85521730
indoor-bce1a8ce359b,legacy_v1,indoor,233,116.09999999999661,50.540035432024766,16,4,12,9,1.0,False,7,2026-09-11T19:22:54.389978+00:00,197950648
indoor-91d1e223f360,legacy_v1,indoor,125,62.399999999999665,22.76339063761195,8,2,6,10,1.0,False,3,2026-09-11T19:24:03.872799+00:00,144894769
indoor-970f1d54a193,legacy_v1,indoor,226,112.49999999999682,46.66352827038,14,4,10,10,1.0,False,4,2026-09-11T19:25:55.316325+00:00,249923354
indoor-a88102ffecdf,legacy_v1,indoor,226,112.49999999999682,57.10619057923123,17,4,13,9,1.0,False,5,2026-09-11T19:27:48.829937+00:00,146616397
indoor-59d8b38aacf5,legacy_v1,indoor,98,48.60000000000045,25.114451803722446,8,4,4,8,1.0,False,14,2026-09-11T19:30:09.785820+00:00,97444023
indoor-755fe732b729,legacy_v1,indoor,129,64.19999999999956,26.397860749445993,9,4,5,10,1.0,False,2,2026-09-11T19:31:16.932188+00:00,158245520
outdoor-499eedc3d7c3,legacy_v1,outdoor,389,194.40000000000995,151.52560771769856,16,4,12,0,9.19207406388491,True,1,2026-09-11T19:33:39.142059+00:00,153842396
indoor-0472949d97c6,legacy_v1,indoor,128,63.89999999999958,26.058341535836227,9,4,5,9,1.0,False,2,2026-09-11T19:34:42.233455+00:00,82192333
outdoor-4ef944d24f17,legacy_v1,outdoor,173,86.39999999999723,64.245846637034,6,4,2,0,6.142561779764353,False,1,2026-09-11T19:35:44.665975+00:00,54860932
outdoor-e42ae98f7497,legacy_v1,outdoor,169,84.39999999999735,61.11365762346914,6,3,3,0,6.670347389638654,False,1,2026-09-11T19:36:39.146731+00:00,97327276
indoor-0579aaef359c,legacy_v1,indoor,114,56.69999999999999,34.103090002788406,10,4,6,10,1.0,False,11,2026-09-11T19:38:33.607671+00:00,97098549
indoor-76707954c7e2,legacy_v1,indoor,196,97.49999999999767,42.532929168611645,14,4,10,11,1.0,False,6,2026-09-11T19:40:20.063278+00:00,191990160
outdoor-140f2d43e89b,legacy_v1,outdoor,196,97.5999999999966,71.10146462640718,8,3,5,0,7.55944534868227,True,1,2026-09-11T19:41:30.521637+00:00,154505708
indoor-1fdbba349037,legacy_v1,indoor,142,70.4999999999992,28.89022562646727,8,3,5,9,1.0,False,7,2026-09-11T19:43:18.650483+00:00,116651709
outdoor-32600783d222,legacy_v1,outdoor,188,93.79999999999681,65.50730355910731,6,4,2,0,6.2305529121674965,False,1,2026-09-11T19:44:25.379784+00:00,90809607
indoor-dc7f6feecda7,legacy_v1,indoor,143,71.39999999999915,26.303129166450255,9,3,6,12,1.0,False,12,2026-09-11T19:46:44.944182+00:00,110186619
indoor-7aca183d35f0,legacy_v1,indoor,97,48.00000000000048,21.343691593534295,6,3,3,11,1.0,False,3,2026-09-11T19:47:43.056994+00:00,112149091
indoor-e5d8deb08af6,legacy_v1,indoor,227,113.39999999999677,49.75081704913032,14,4,10,11,1.0,False,11,2026-09-11T19:50:20.165924+00:00,180875983
indoor-50304a915411,legacy_v1,indoor,184,91.94999999999798,29.55739768142192,8,4,4,11,1.0,False,4,2026-09-11T19:51:56.286193+00:00,144819412
indoor-4f49c258a9c7,legacy_v1,indoor,134,66.59999999999943,26.025744650873975,9,4,5,10,1.0,False,3,2026-09-11T19:53:12.357958+00:00,101365662
indoor-30a96a6804b0,legacy_v1,indoor,118,58.499999999999886,24.052974493028564,7,3,4,11,1.0,False,2,2026-09-11T19:54:12.044963+00:00,109337468
outdoor-3f4723e9d807,legacy_v1,outdoor,137,68.39999999999826,53.49942452316648,5,4,1,0,5.175936514317528,False,1,2026-09-11T19:57:47.046614+00:00,45625463
indoor-ddd58a805e64,legacy_v1,indoor,191,95.39999999999779,42.96113233462658,12,4,8,9,1.0,False,19,2026-09-11T20:01:23.610119+00:00,153724907
indoor-dfb0044b8277,legacy_v1,indoor,256,127.49999999999596,58.03632796222963,17,4,13,8,1.0,False,11,2026-09-11T20:04:22.013132+00:00,186172123
outdoor-d6ef24f657c8,legacy_v1,outdoor,209,103.99999999999623,73.21014671019803,7,4,3,0,7.3014496403687925,True,1,2026-09-11T20:05:37.029485+00:00,116155144
outdoor-babc2208afdd,legacy_v1,outdoor,286,142.79999999999822,105.61301991790927,11,3,8,0,9.918610471843577,False,1,2026-09-11T20:07:19.914624+00:00,140675894
indoor-98e14ebb13a1,legacy_v1,indoor,102,50.70000000000033,23.85218290101634,7,3,4,12,1.0,False,3,2026-09-11T20:08:23.426342+00:00,72328559
indoor-bc9b0d9e353b,legacy_v1,indoor,274,136.49999999999545,63.00826527178617,18,4,14,11,1.0,False,12,2026-09-11T20:14:30.515558+00:00,190106508
indoor-8b57f8fecaa3,legacy_v1,indoor,275,137.2499999999954,49.74309156164938,15,4,11,11,1.0,False,7,2026-09-11T20:17:07.054907+00:00,197435840
indoor-e480cc6a8e91,legacy_v1,indoor,112,55.80000000000004,23.67007655195031,6,2,4,11,1.0,False,2,2026-09-11T20:18:01.805118+00:00,81743557
indoor-caea1034cca8,legacy_v1,indoor,101,50.40000000000035,23.716256407784353,6,4,2,9,1.0,False,1,2026-09-11T20:18:45.853733+00:00,59908136
outdoor-41358dd4e92b,legacy_v1,outdoor,277,138.39999999999722,106.99838306866089,12,3,9,0,5.790227807085692,True,1,2026-09-11T20:20:16.634036+00:00,140481234
indoor-7ec644852705,legacy_v1,indoor,119,59.09999999999985,28.305913405259865,7,3,4,9,1.0,False,1,2026-09-11T20:21:06.259321+00:00,108709292
outdoor-bf3da706e8b2,legacy_v1,outdoor,151,75.19999999999787,60.02406361607944,7,4,3,0,5.371617466846173,True,1,2026-09-11T20:22:00.336780+00:00,94884863
outdoor-f3c6c3be0972,legacy_v1,outdoor,123,60.99999999999867,47.103713335881395,5,2,3,0,4.677880812722574,False,1,2026-09-11T20:22:51.597854+00:00,59586534
outdoor-4c481914b3e8,legacy_v1,outdoor,217,108.199999999996,85.9331131517821,9,3,6,0,5.508240230554701,True,1,2026-09-11T20:24:07.813243+00:00,148622528
outdoor-d1df7a51c65e,legacy_v1,outdoor,139,69.19999999999821,50.951608291456566,6,3,3,0,5.065369776021074,False,1,2026-09-11T20:24:58.319432+00:00,129615684
indoor-7fc504981831,legacy_v1,indoor,111,55.200000000000074,21.658493757600084,5,3,2,9,1.0,False,15,2026-09-11T20:27:45.698867+00:00,99766014
outdoor-794abde5edb9,legacy_v1,outdoor,199,99.3999999999965,77.16192700523868,9,3,6,0,7.194689487591332,False,1,2026-09-11T20:29:02.618720+00:00,139573152
indoor-41d1b14ac1e1,legacy_v1,indoor,251,125.39999999999608,58.639767541949176,18,4,14,8,1.0,False,6,2026-09-11T20:31:20.894669+00:00,149881551
outdoor-e8da38ff4596,legacy_v1,outdoor,213,106.19999999999611,81.92485597396944,7,4,3,0,8.07689084078747,False,1,2026-09-11T20:32:35.693734+00:00,123563156
outdoor-7c0b39631224,legacy_v1,outdoor,281,139.9999999999976,107.31690553267688,12,4,8,0,8.6711485852884,True,1,2026-09-11T20:35:50.283093+00:00,100853249
outdoor-562576512194,legacy_v1,outdoor,212,105.79999999999613,78.70573367553122,9,4,5,0,7.262569627147593,False,1,2026-09-11T20:37:03.722254+00:00,72495209
indoor-82a044325666,legacy_v1,indoor,106,52.80000000000021,20.430840593267618,5,4,1,8,1.0,False,4,2026-09-11T20:40:42.716011+00:00,104978708
outdoor-0c610ef56899,legacy_v1,outdoor,193,95.99999999999669,77.36315463633201,7,4,3,0,6.862221119956588,True,1,2026-09-11T20:41:57.127421+00:00,82166218
outdoor-bb5958da4571,legacy_v1,outdoor,272,135.79999999999663,104.184054209839,11,4,7,0,7.98574505169742,True,1,2026-09-11T20:43:23.597917+00:00,116524731
indoor-3bef7103e069,legacy_v1,indoor,127,62.99999999999963,33.75219163300005,9,4,5,8,1.0,False,1,2026-09-11T20:44:19.354020+00:00,98093265
outdoor-93e5c91aa747,legacy_v1,outdoor,308,153.60000000000068,109.57643763224173,12,4,8,0,8.56023911860671,True,1,2026-09-11T20:46:03.819952+00:00,156726380
indoor-1277b99f0acb,legacy_v1,indoor,170,84.89999999999839,32.324556827851936,11,3,8,12,1.0,False,2,2026-09-11T20:47:30.253682+00:00,135806236
indoor-417a58a3c57c,legacy_v1,indoor,124,61.499999999999716,24.32374799962855,8,4,4,9,1.0,False,5,2026-09-11T20:48:56.622671+00:00,100119888
indoor-43f9d95f67e6,legacy_v1,indoor,82,40.50000000000037,26.398759569922156,9,4,5,10,1.0,False,18,2026-09-11T20:51:42.677654+00:00,61318851
outdoor-f96659f88ea5,legacy_v1,outdoor,236,117.79999999999545,88.63333423972026,10,4,6,0,8.947785422444493,False,1,2026-09-11T20:53:07.714289+00:00,114665142
outdoor-74f7dc6a6a3a,legacy_v1,outdoor,97,48.39999999999939,36.94205028498658,5,2,3,0,3.3914567220331393,False,2,2026-09-11T20:53:54.412843+00:00,49412105
indoor-cc1e5535b27c,legacy_v1,indoor,107,53.10000000000019,22.076536493661987,6,3,3,12,1.0,False,13,2026-09-11T20:56:13.156397+00:00,76767555
outdoor-6bd64adae635,legacy_v1,outdoor,302,150.90000000000006,107.93490392292371,10,4,6,0,9.274562070557238,True,1,2026-09-11T20:58:05.000063+00:00,135360398
indoor-e3aeff928d7a,legacy_v1,indoor,140,69.89999999999924,29.03048431788617,8,3,5,10,1.0,False,1,2026-09-11T20:59:06.771975+00:00,166012974
indoor-3b81905cc7a0,legacy_v1,indoor,169,84.29999999999842,35.390971476992476,10,3,7,12,1.0,False,6,2026-09-11T21:00:50.311944+00:00,119109823
indoor-fa0e0662d594,legacy_v1,indoor,138,68.6999999999993,22.685380436091577,7,4,3,8,1.0,False,13,2026-09-11T21:03:29.089472+00:00,154446290
outdoor-cbeddccf609c,legacy_v1,outdoor,174,86.59999999999722,71.90429859999712,7,4,3,0,6.616301734976133,False,1,2026-09-11T21:04:35.512245+00:00,69589090
indoor-d8ea1d2ed348,legacy_v1,indoor,113,56.400000000000006,25.362072726032178,9,4,5,8,1.0,False,7,2026-09-11T21:06:14.248641+00:00,103508791
outdoor-e5f708fb57b2,legacy_v1,outdoor,252,125.799999999995,96.8703071918751,10,3,7,0,8.82396535226658,True,1,2026-09-11T21:07:35.893191+00:00,239261278
outdoor-5575129e0afd,legacy_v1,outdoor,259,129.19999999999513,89.99590597620357,9,4,5,0,9.243484019601828,False,1,2026-09-11T21:09:04.562410+00:00,92245188
indoor-96febe77d9ea,legacy_v1,indoor,139,69.29999999999927,31.18057082003476,10,4,6,11,1.0,False,6,2026-09-11T21:10:40.968445+00:00,102977036
outdoor-28107c874c0a,legacy_v1,outdoor,192,95.59999999999671,78.12079475475886,7,3,4,0,4.621485179118308,True,1,2026-09-11T21:11:46.406296+00:00,67882543
indoor-f19c898aeef4,legacy_v1,indoor,200,99.89999999999753,45.6062639550071,14,4,10,10,1.0,False,19,2026-09-11T21:15:19.108891+00:00,225453783
outdoor-dcdccdb519ba,legacy_v1,outdoor,103,50.99999999999924,41.754042594373,4,3,1,0,4.284017473666861,False,1,2026-09-11T21:15:58.145664+00:00,31675602
outdoor-73251c4c77a2,legacy_v1,outdoor,149,74.39999999999792,58.31304421313912,6,3,3,0,6.484816518850225,False,1,2026-09-11T21:16:52.559522+00:00,121687552
outdoor-71f3cf8bc0b4,legacy_v1,outdoor,371,185.4000000000079,142.2230307820803,14,4,10,0,9.70478440361106,True,2,2026-09-11T21:19:39.826413+00:00,153152311
indoor-89eb5127afdb,legacy_v1,indoor,111,55.200000000000074,20.055761152042137,7,2,5,8,1.0,False,10,2026-09-11T21:21:49.937857+00:00,86414876
indoor-edf6b7af5991,legacy_v1,indoor,258,128.6999999999959,59.076998742959674,19,4,15,9,1.0,False,1,2026-09-11T21:23:22.997495+00:00,143607783
indoor-25e8e9563f76,legacy_v1,indoor,103,51.300000000000296,24.78291649136649,8,4,4,11,1.0,False,6,2026-09-11T21:24:57.088335+00:00,86124480
outdoor-40d097cd28f2,legacy_v1,outdoor,274,136.79999999999686,101.63558862466692,10,3,7,0,8.836553974289425,True,3,2026-09-11T21:26:51.869939+00:00,213769874
outdoor-57a1504ffdcf,legacy_v1,outdoor,175,87.39999999999718,64.40902559415541,5,3,2,0,6.9595367033865525,False,1,2026-09-11T21:27:53.062547+00:00,64610544
indoor-3f662be71925,legacy_v1,indoor,153,76.19999999999888,28.647337860416503,10,3,7,9,1.0,False,4,2026-09-11T21:29:13.134582+00:00,96501301
indoor-49fa3c2cfd15,legacy_v1,indoor,200,99.59999999999755,42.61361574152659,13,4,9,9,1.0,False,2,2026-09-11T21:30:32.392013+00:00,160801509
outdoor-297f6364e97f,legacy_v1,outdoor,205,102.39999999999633,69.58469349384961,7,4,3,0,6.632647180983925,False,1,2026-09-11T21:31:38.363285+00:00,121932580
outdoor-9e098da961dd,legacy_v1,outdoor,177,88.39999999999712,67.20847923468187,8,3,5,0,6.641210670577582,False,1,2026-09-11T21:32:38.220287+00:00,170324818
outdoor-eda60f759796,legacy_v1,outdoor,124,61.799999999998626,43.15261529519375,5,2,3,0,4.411067161815432,False,2,2026-09-11T21:33:55.428747+00:00,61843831
outdoor-92eca01091f4,legacy_v1,outdoor,212,105.79999999999613,83.61912056157904,7,4,3,0,6.30954124433169,True,1,2026-09-11T21:35:09.764274+00:00,104027881
outdoor-54264b2349a0,legacy_v1,outdoor,274,136.79999999999686,101.14343475690804,11,4,7,0,9.385771256910534,False,1,2026-09-11T21:36:43.797248+00:00,196384116
indoor-d2006ee343a8,legacy_v1,indoor,95,47.400000000000475,24.60947359540605,7,3,4,8,1.0,False,1,2026-09-11T21:37:31.235919+00:00,61986475
outdoor-c74adad96e66,legacy_v1,outdoor,225,112.19999999999577,71.11056321733619,8,3,5,0,6.64555650046886,False,1,2026-09-11T21:38:44.846628+00:00,182893170
indoor-8346dc50e331,legacy_v1,indoor,139,68.99999999999929,25.55986520858802,7,4,3,10,1.0,False,4,2026-09-11T21:40:06.515433+00:00,122195148
indoor-bf45b6bf603b,legacy_v1,indoor,142,70.4999999999992,30.826064991538928,10,4,6,8,1.0,False,9,2026-09-11T21:42:10.418743+00:00,137270975
outdoor-2482292578fd,legacy_v1,outdoor,219,109.39999999999593,79.7565769515439,8,3,5,0,7.818429764738453,True,1,2026-09-11T21:43:20.629927+00:00,135418539
outdoor-f8d203796467,legacy_v1,outdoor,230,114.59999999999563,79.26622458602672,8,4,4,0,8.309844101600039,False,1,2026-09-11T21:44:40.912452+00:00,182537047
outdoor-ff02bea78816,legacy_v1,outdoor,240,119.59999999999535,89.77751351173569,10,4,6,0,6.6935984471261625,True,1,2026-09-11T21:45:56.729221+00:00,77035466
indoor-a3282f17948a,legacy_v1,indoor,226,112.49999999999682,50.3583979799794,14,4,10,12,1.0,False,9,2026-09-11T21:48:11.289482+00:00,147674712
outdoor-d104f77890df,legacy_v1,outdoor,213,106.19999999999611,77.02038375730672,7,3,4,0,7.131433426795146,False,1,2026-09-11T21:49:33.946947+00:00,93597119
outdoor-fa907566dc24,legacy_v1,outdoor,136,67.79999999999829,51.429650898728994,6,3,3,0,9.073700723056616,True,1,2026-09-11T21:50:27.466009+00:00,130778409
indoor-be6dc97598d3,legacy_v1,indoor,98,48.90000000000043,38.804645405341645,13,4,9,8,1.0,False,3,2026-09-11T21:51:25.367232+00:00,67126696
outdoor-176676af9d36,legacy_v1,outdoor,141,70.39999999999814,53.142471337428525,4,3,1,0,5.411579007804359,False,1,2026-09-11T21:52:18.118909+00:00,71037587
outdoor-8bd52eab2a93,legacy_v1,outdoor,141,70.39999999999814,51.08456943435178,6,3,3,0,3.665128873535179,True,1,2026-09-11T21:53:02.695929+00:00,49769237
outdoor-86e8f46f7c65,legacy_v1,outdoor,119,59.39999999999876,50.260168674787195,5,4,1,0,3.5785806300613174,True,2,2026-09-11T21:54:02.907334+00:00,41087078
indoor-bb5248ca67ec,legacy_v1,indoor,121,59.9999999999998,35.706527378806044,10,4,6,11,1.0,False,15,2026-09-11T21:56:26.657802+00:00,139091722
indoor-93592e457f0a,legacy_v1,indoor,64,31.80000000000025,21.047465910923222,5,3,2,12,1.0,False,3,2026-09-11T21:57:17.701545+00:00,59696879
outdoor-dce4bc20e65e,legacy_v1,outdoor,129,63.9999999999985,46.022340043350894,4,3,1,0,4.821196296336984,False,1,2026-09-11T21:58:02.693244+00:00,47142763
indoor-ecceaf40ac33,legacy_v1,indoor,214,106.64999999999714,41.64776515797749,12,4,8,12,1.0,False,1,2026-09-11T21:59:16.253376+00:00,172689120
indoor-62104113e3b7,legacy_v1,indoor,121,59.9999999999998,32.84479533880797,9,4,5,10,1.0,False,15,2026-09-11T22:01:37.729261+00:00,117740619
indoor-517e2ad5f587,legacy_v1,indoor,241,120.29999999999637,55.01169265862045,16,4,12,8,1.0,False,10,2026-09-11T22:04:11.835875+00:00,193345077
outdoor-e35ca930a85d,legacy_v1,outdoor,130,64.59999999999847,45.415822628440466,4,2,2,0,4.289212362753833,False,1,2026-09-11T22:07:34.632703+00:00,40348333
indoor-eecaea44a8cd,legacy_v1,indoor,98,48.90000000000043,20.484298148458024,5,3,2,10,1.0,False,3,2026-09-11T22:08:27.251514+00:00,92107125
outdoor-965d458ce4d3,legacy_v1,outdoor,139,69.3999999999982,49.145084071529986,5,4,1,0,4.938278410991822,True,2,2026-09-11T22:09:28.222845+00:00,53144718
outdoor-c640dbaad079,legacy_v1,outdoor,237,118.19999999999543,89.39576168612243,10,4,6,0,8.0743678186963,True,1,2026-09-11T22:13:14.119759+00:00,79390026
outdoor-6a8f40df70a4,legacy_v1,outdoor,161,79.9999999999976,62.062312183911544,6,3,3,0,6.060829031778036,True,1,2026-09-11T22:14:06.067069+00:00,128464592
indoor-0a196477d8cc,legacy_v1,indoor,108,53.70000000000016,23.132970132776556,6,3,3,11,1.0,False,4,2026-09-11T22:15:15.079215+00:00,91656558
indoor-3879442d2921,legacy_v1,indoor,92,45.900000000000446,25.009714050440735,8,4,4,11,1.0,False,8,2026-09-11T22:19:26.106786+00:00,68991881
indoor-6216356c99ab,legacy_v1,indoor,257,128.09999999999593,55.98120706947935,16,4,12,10,1.0,False,3,2026-09-11T22:21:00.238078+00:00,132031670
indoor-d2e6446edc59,legacy_v1,indoor,146,72.89999999999907,30.303404468800252,10,3,7,12,1.0,False,7,2026-09-11T22:22:34.271937+00:00,112104684
outdoor-26c3a23f6119,legacy_v1,outdoor,191,95.39999999999672,75.05365163875351,9,4,5,0,8.298978701397848,False,1,2026-09-11T22:23:43.180549+00:00,66953964
indoor-1f3f0154eb68,legacy_v1,indoor,252,125.69999999999607,57.01110076114915,16,4,12,11,1.0,False,5,2026-09-11T22:25:31.748595+00:00,104898301
indoor-732dddb5c533,legacy_v1,indoor,128,63.599999999999596,27.535090863912547,8,3,5,11,1.0,False,7,2026-09-11T22:27:01.366688+00:00,129316237
indoor-03453a8e296b,legacy_v1,indoor,91,45.30000000000044,25.455924026772113,8,3,5,9,1.0,False,3,2026-09-11T22:27:59.007371+00:00,63859090
indoor-401a50cbffec,legacy_v1,indoor,109,54.300000000000125,25.722514947268024,9,4,5,11,1.0,False,12,2026-09-11T22:30:03.051971+00:00,111303340
indoor-148ee898b552,legacy_v1,indoor,235,117.29999999999657,53.64936855772527,15,4,11,12,1.0,False,2,2026-09-11T22:31:27.888053+00:00,152590144
indoor-94cfebd922e3,legacy_v1,indoor,257,128.09999999999593,55.676056036570685,16,4,12,8,1.0,False,2,2026-09-11T22:33:09.988544+00:00,214159274
outdoor-ea03b204cd3f,legacy_v1,outdoor,215,106.99999999999606,79.60764423134256,8,4,4,0,7.373556788274297,False,1,2026-09-11T22:34:17.959666+00:00,205141689
outdoor-ca4d6d61d67d,legacy_v1,outdoor,122,60.79999999999868,45.62547730229063,4,3,1,0,4.341963594099996,False,1,2026-09-11T22:35:05.902252+00:00,75979132
indoor-24fed41b13b4,legacy_v1,indoor,216,107.8499999999971,50.94990884320747,14,3,11,8,1.0,False,6,2026-09-11T22:36:52.661364+00:00,127537129
indoor-db14dfd43c65,legacy_v1,indoor,161,80.09999999999866,30.977731557220814,9,3,6,10,1.0,False,12,2026-09-11T22:39:03.058770+00:00,171210692
outdoor-77a91f367c78,legacy_v1,outdoor,294,146.89999999999915,91.70462400535746,9,4,5,0,7.167140811600503,True,2,2026-09-11T22:40:44.887881+00:00,193652874
indoor-3341661a7290,legacy_v1,indoor,165,82.19999999999854,54.93773750356881,16,4,12,12,1.0,False,12,2026-09-11T22:43:12.081084+00:00,101280353
outdoor-1fd725f932f4,legacy_v1,outdoor,93,45.999999999999524,30.30800877772075,2,2,0,0,6.209581117523452,True,1,2026-09-11T22:43:49.642519+00:00,38581816
outdoor-9b6fb2cc0a8a,legacy_v1,outdoor,143,71.39999999999809,57.9366564106781,5,3,2,0,5.6715331287117134,False,2,2026-09-11T22:45:02.136767+00:00,111443634
indoor-52a11924ea7c,legacy_v1,indoor,177,88.1999999999982,35.38692520389204,11,3,8,10,1.0,False,8,2026-09-11T22:46:58.962774+00:00,144330050
outdoor-005c1af3692f,legacy_v1,outdoor,179,88.99999999999709,65.39584732120126,7,2,5,0,6.537123945701189,False,1,2026-09-11T22:47:58.496663+00:00,143028786
outdoor-1febbdac0cc4,legacy_v1,outdoor,231,115.39999999999559,89.34928082710233,9,4,5,0,7.465462444654934,True,1,2026-09-11T22:49:20.908478+00:00,110803170
indoor-991d278c6ced,legacy_v1,indoor,158,78.59999999999874,33.35053758965846,10,4,6,10,1.0,False,1,2026-09-11T22:50:20.305342+00:00,120411793
outdoor-3336a02f2318,legacy_v1,outdoor,155,77.39999999999775,64.06795655925447,7,4,3,0,7.684278038523026,True,2,2026-09-11T22:51:33.493823+00:00,80033362
indoor-d8cc2f3bcf90,legacy_v1,indoor,160,79.49999999999869,35.82684454161404,11,4,7,11,1.0,False,5,2026-09-11T22:53:04.524212+00:00,108940925
outdoor-cac0e06b35a2,legacy_v1,outdoor,112,55.79999999999897,42.44173757863617,5,3,2,0,4.3020542743811365,False,1,2026-09-11T22:53:46.549496+00:00,38305037
outdoor-2a1fc34b1507,legacy_v1,outdoor,172,85.79999999999727,59.63093908051705,5,2,3,0,5.488490981416469,False,1,2026-09-11T22:54:42.137587+00:00,87924276
outdoor-96268a168aa6,legacy_v1,outdoor,176,87.59999999999717,68.07382403494671,6,3,3,0,6.409303337517715,False,1,2026-09-11T22:55:42.936600+00:00,120886772
outdoor-2e45b526887a,legacy_v1,outdoor,211,105.19999999999617,77.0403740806832,7,4,3,0,7.213891896734387,False,1,2026-09-11T22:56:48.627158+00:00,165143273
outdoor-8213fd3f24aa,legacy_v1,outdoor,318,158.80000000000186,125.56727231156484,13,4,9,0,8.618183991644868,True,1,2026-09-11T22:58:29.174094+00:00,132456621
indoor-cb0da4a5fabe,legacy_v1,indoor,101,50.100000000000364,33.34883325477955,9,3,6,11,1.0,False,2,2026-09-11T22:59:22.484813+00:00,85523951
outdoor-a17c9b9439c5,legacy_v1,outdoor,120,59.79999999999874,44.835494509722054,3,2,1,0,3.5623223783664066,True,4,2026-09-11T23:00:44.411121+00:00,68789054
outdoor-0115b8b550d2,legacy_v1,outdoor,191,95.39999999999672,72.43825897650757,6,4,2,0,7.10393689624908,False,1,2026-09-11T23:01:46.141619+00:00,64794025
outdoor-fba7e26bf591,legacy_v1,outdoor,244,121.59999999999523,91.41952095083192,10,4,6,0,9.339890403634044,False,1,2026-09-11T23:03:11.044344+00:00,148024082
outdoor-f1ef42e0ac6f,legacy_v1,outdoor,221,110.19999999999588,85.93531075338804,9,4,5,0,8.896095414999177,False,1,2026-09-11T23:04:17.602121+00:00,127916598
indoor-4949324cfafb,legacy_v1,indoor,181,90.29999999999808,39.45287008477764,11,4,7,12,1.0,False,18,2026-09-11T23:07:27.659112+00:00,146568272
outdoor-42cde51e179f,legacy_v1,outdoor,214,106.59999999999609,84.19783864745202,8,3,5,0,8.599052676869128,False,1,2026-09-11T23:08:38.722818+00:00,101848979
outdoor-b756a1b812e5,legacy_v1,outdoor,162,80.59999999999756,57.94522634906082,6,3,3,0,8.165215538336039,True,1,2026-09-11T23:09:33.332851+00:00,128681523
outdoor-4c9ebdfe2a3b,legacy_v1,outdoor,154,76.59999999999779,56.53565669911047,5,3,2,0,6.03137126937367,False,1,2026-09-11T23:10:29.087173+00:00,99964479
outdoor-cf4171c98dc9,legacy_v1,outdoor,127,63.399999999998535,45.477982178322456,5,4,1,0,4.421935545593408,False,1,2026-09-11T23:11:12.337073+00:00,42274909
outdoor-ef8db98cc9c4,legacy_v1,outdoor,207,102.99999999999629,79.78567902156016,9,4,5,0,7.748550967389598,False,2,2026-09-11T23:12:26.656721+00:00,65681551
outdoor-aeda220a6bd5,legacy_v1,outdoor,293,145.9999999999989,98.66703996598493,11,4,7,0,9.506814154077311,False,1,2026-09-11T23:14:01.641999+00:00,207786583
outdoor-8704a5cd87c7,legacy_v1,outdoor,168,83.79999999999738,60.399390529469535,7,4,3,0,5.962094264007286,False,1,2026-09-11T23:15:03.576208+00:00,130228428
outdoor-d342b187b9e0,legacy_v1,outdoor,176,87.59999999999717,65.09057454879431,7,3,4,0,8.39046371748782,True,1,2026-09-11T23:16:00.288051+00:00,174963716
outdoor-81f71b0bb452,legacy_v1,outdoor,216,107.59999999999604,90.4238412789532,8,4,4,0,3.7441595330714037,True,2,2026-09-11T23:17:20.099238+00:00,110001949
indoor-1bab7bce5e10,legacy_v1,indoor,162,80.69999999999862,27.12626439244614,9,4,5,8,1.0,False,14,2026-09-11T23:20:04.121354+00:00,116216400
outdoor-d8dc96f3be16,legacy_v1,outdoor,124,61.59999999999864,38.37969253210839,3,2,1,0,4.33919433055495,True,1,2026-09-11T23:20:47.971084+00:00,100718269
outdoor-7a7b6b850303,legacy_v1,outdoor,296,147.69999999999933,90.33731028496815,8,4,4,0,8.529794069303588,False,1,2026-09-11T23:22:21.340986+00:00,189387174
indoor-1793de27b3ab,legacy_v1,indoor,114,56.69999999999999,32.53940824386573,9,4,5,9,1.0,False,6,2026-09-11T23:23:49.944806+00:00,86202015
outdoor-9cd7bb18ebd3,legacy_v1,outdoor,171,85.1999999999973,64.32986471970612,7,4,3,0,6.762260744459633,False,1,2026-09-11T23:24:44.725540+00:00,55333229
indoor-985db1c82e81,legacy_v1,indoor,137,68.09999999999934,27.735282099111085,8,4,4,11,1.0,False,3,2026-09-11T23:25:49.951662+00:00,118487435
outdoor-1c2c2e089565,legacy_v1,outdoor,126,62.59999999999858,44.514673194181306,5,2,3,0,4.560679112735435,False,2,2026-09-11T23:26:55.689273+00:00,63422604
outdoor-b35efc967b74,legacy_v1,outdoor,231,115.39999999999559,80.53789688462035,9,4,5,0,8.678012544974335,True,1,2026-09-11T23:28:12.321793+00:00,163756388
indoor-a58e9820ec30,legacy_v1,indoor,115,57.299999999999955,38.86956868629965,12,4,8,10,1.0,False,3,2026-09-11T23:29:10.641862+00:00,91279303
outdoor-da834d524bf6,legacy_v1,outdoor,215,107.19999999999605,90.97899141231639,8,3,5,0,5.770808920405218,True,2,2026-09-11T23:30:23.051592+00:00,121181236
indoor-d8f49b2361cb,legacy_v1,indoor,244,121.79999999999629,47.79426586920526,14,4,10,9,1.0,False,1,2026-09-11T23:31:51.606405+00:00,246569274
indoor-2ded9a7d05b6,legacy_v1,indoor,104,51.90000000000026,22.312943240630165,6,3,3,10,1.0,False,4,2026-09-11T23:32:56.941424+00:00,124114528
outdoor-80cecef9ca4f,legacy_v1,outdoor,395,197.40000000001064,143.50593925975215,15,4,11,0,9.047486974845544,True,1,2026-09-11T23:35:01.951909+00:00,203084560
indoor-a990732a72e3,legacy_v1,indoor,268,133.49999999999562,57.12860366215928,16,4,12,11,1.0,False,2,2026-09-11T23:36:41.246080+00:00,220182665
outdoor-c6bd59848e96,legacy_v1,outdoor,220,109.7999999999959,81.85361268853163,7,3,4,0,7.863385194562371,False,1,2026-09-11T23:37:50.507765+00:00,207008392
indoor-c6c3c109275a,legacy_v1,indoor,110,54.90000000000009,22.614575082062977,6,3,3,12,1.0,False,6,2026-09-11T23:39:19.179570+00:00,113154342
outdoor-056a165df76b,legacy_v1,outdoor,194,96.59999999999665,70.51938585462176,8,4,4,0,7.333226620340381,False,1,2026-09-11T23:40:23.118741+00:00,119774788
outdoor-ecaaea8509a0,legacy_v1,outdoor,178,88.7999999999971,72.57161552916654,8,4,4,0,7.536004113440336,False,1,2026-09-11T23:41:25.548540+00:00,115162115
outdoor-5d38f7df4eff,legacy_v1,outdoor,150,74.7999999999979,53.41528162905532,4,2,2,0,4.89675887813794,False,1,2026-09-11T23:42:16.106123+00:00,96054499
indoor-54af6092c09a,legacy_v1,indoor,175,87.29999999999825,50.59412218147739,15,4,11,12,1.0,False,9,2026-09-11T23:44:19.528511+00:00,100563932
indoor-97527e54a607,legacy_v1,indoor,61,30.300000000000228,21.38330868163689,6,3,3,12,1.0,False,9,2026-09-11T23:45:46.689431+00:00,58177502
indoor-733ed8f4cf65,legacy_v1,indoor,104,51.90000000000026,26.15434102244994,8,4,4,9,1.0,False,16,2026-09-11T23:48:14.517961+00:00,72015126
indoor-23002b7d3666,legacy_v1,indoor,102,50.70000000000033,20.991243269669447,7,3,4,8,1.0,False,1,2026-09-11T23:48:59.937473+00:00,80888572
indoor-cdf5cefff2e2,legacy_v1,indoor,112,55.80000000000004,24.48138561687528,7,4,3,12,1.0,False,6,2026-09-11T23:52:44.739098+00:00,67610057
outdoor-44d95d792441,legacy_v1,outdoor,207,102.99999999999629,78.64123397987183,9,3,6,0,4.994409698024857,True,1,2026-09-11T23:53:51.575761+00:00,134083980
indoor-19e5ae18a999,legacy_v1,indoor,101,50.40000000000035,37.389994097825294,11,4,7,11,1.0,False,8,2026-09-11T23:55:25.006041+00:00,84096196
indoor-bcac1b0a8348,legacy_v1,indoor,86,42.900000000000404,21.175490941596976,5,4,1,8,1.0,False,10,2026-09-11T23:57:11.042923+00:00,75066735
indoor-544aa2775138,legacy_v1,indoor,179,89.39999999999813,42.88856748051881,13,4,9,9,1.0,False,2,2026-09-11T23:58:32.643098+00:00,128586410
outdoor-36117baf70a9,legacy_v1,outdoor,213,105.99999999999612,78.35723457435836,7,4,3,0,7.575651549922657,False,1,2026-09-11T23:59:40.639285+00:00,72001874
outdoor-9971f4efc98c,legacy_v1,outdoor,273,136.39999999999677,99.21399344435483,9,4,5,0,9.786292834109805,False,1,2026-09-12T00:01:11.911129+00:00,88499418
indoor-6efadd51106f,legacy_v1,indoor,109,54.300000000000125,21.340279106869808,7,3,4,12,1.0,False,2,2026-09-12T00:02:02.539709+00:00,69562607
indoor-cb25e8b14d3e,legacy_v1,indoor,202,100.4999999999975,38.46125160103081,11,3,8,11,1.0,False,17,2026-09-12T00:05:04.246972+00:00,125835177
indoor-b32c8417e425,legacy_v1,indoor,177,88.1999999999982,40.62401388256701,13,4,9,12,1.0,False,19,2026-09-12T00:08:37.031196+00:00,164389202
indoor-580835f4ad5c,legacy_v1,indoor,122,60.59999999999977,31.284777919418225,9,3,6,11,1.0,False,19,2026-09-12T00:11:36.919945+00:00,127891550
indoor-af11758a6685,legacy_v1,indoor,156,77.6999999999988,36.08954173921462,12,4,8,10,1.0,False,3,2026-09-12T00:12:56.295118+00:00,149353566
outdoor-3909a26478b6,legacy_v1,outdoor,214,106.59999999999609,79.3509813776621,7,3,4,0,8.237408172733208,False,1,2026-09-12T00:14:09.956042+00:00,140779295
indoor-4698a4587a2f,legacy_v1,indoor,149,74.099999999999,32.306984065896934,11,3,8,8,1.0,False,2,2026-09-12T00:15:21.488796+00:00,140868957
outdoor-5bc3dab70390,legacy_v1,outdoor,211,105.19999999999617,80.34314727792011,7,3,4,0,6.28851674420684,True,1,2026-09-12T00:16:29.955889+00:00,166667198
indoor-6fca247887dc,legacy_v1,indoor,123,61.19999999999973,24.425275900762607,6,3,3,10,1.0,False,8,2026-09-12T00:18:12.752771+00:00,94170839
indoor-b5712b5d2887,legacy_v1,indoor,196,97.49999999999767,38.43578741688425,13,4,9,8,1.0,False,20,2026-09-12T00:24:22.433927+00:00,128324105
indoor-22733be9ce33,legacy_v1,indoor,238,118.49999999999648,60.3650104415352,17,4,13,10,1.0,False,19,2026-09-12T00:28:09.038687+00:00,174340845
indoor-5b43d15a2170,legacy_v1,indoor,250,124.79999999999612,58.419296372533836,17,4,13,9,1.0,False,1,2026-09-12T00:29:31.770599+00:00,316714891
outdoor-7f6acdd7f0b2,legacy_v1,outdoor,127,63.399999999998535,44.24291671101285,5,3,2,0,4.26705080544496,False,1,2026-09-12T00:30:21.266661+00:00,45818252
outdoor-63f49feaa8e7,legacy_v1,outdoor,277,138.39999999999722,100.25096250512885,10,3,7,0,9.625673136070521,False,1,2026-09-12T00:31:49.721669+00:00,93984761
indoor-de2339250ef2,legacy_v1,indoor,173,86.3999999999983,34.69324206776929,9,4,5,12,1.0,False,12,2026-09-12T00:34:09.668546+00:00,146910896
indoor-6cf657f56fc1,legacy_v1,indoor,165,82.19999999999854,33.50253141213105,10,4,6,9,1.0,False,6,2026-09-12T00:35:38.676535+00:00,91331361
outdoor-101511f0fd8f,legacy_v1,outdoor,296,147.79999999999936,114.17971475385843,11,4,7,0,9.669392675984325,True,3,2026-09-12T00:37:47.227399+00:00,152644002
indoor-2c69af6fc09d,legacy_v1,indoor,209,104.09999999999735,42.07321676221976,12,4,8,12,1.0,False,2,2026-09-12T00:39:08.318448+00:00,108769077
outdoor-49d8eabc0e5f,legacy_v1,outdoor,85,42.19999999999974,31.584937954565063,2,1,1,0,3.027562735315027,False,1,2026-09-12T00:39:47.249084+00:00,67466081
indoor-468ec8c8f60a,legacy_v1,indoor,223,110.9999999999969,60.57611303329487,17,4,13,12,1.0,False,4,2026-09-12T00:41:36.950505+00:00,185275816
outdoor-0e6c25c00219,legacy_v1,outdoor,225,112.19999999999577,84.21406039783068,8,4,4,0,8.308414091214182,False,1,2026-09-12T00:42:48.467177+00:00,74121302
indoor-d010b12336da,legacy_v1,indoor,66,32.70000000000026,21.7198329943122,7,4,3,8,1.0,False,2,2026-09-12T00:43:28.234825+00:00,44408550
outdoor-3fa34ed15885,legacy_v1,outdoor,134,66.79999999999835,53.051207096208444,6,4,2,0,5.090200267098278,False,1,2026-09-12T00:44:18.045280+00:00,87959886
indoor-d1c535a82021,legacy_v1,indoor,162,80.69999999999862,32.919782071771806,9,4,5,10,1.0,False,1,2026-09-12T00:45:18.923701+00:00,147088101
indoor-3e4c02e6dd84,legacy_v1,indoor,204,101.69999999999743,47.25771106156361,14,4,10,10,1.0,False,6,2026-09-12T00:48:43.691910+00:00,241268054
outdoor-b9198c30ba84,legacy_v1,outdoor,221,109.9999999999959,78.05913072200744,7,4,3,0,6.732383411201301,True,1,2026-09-12T00:50:47.006432+00:00,122124395
outdoor-182bd673d4e5,legacy_v1,outdoor,124,61.799999999998626,46.30245045855422,5,3,2,0,5.135146803083838,False,1,2026-09-12T00:51:34.347570+00:00,50673547
outdoor-f7a646793fe0,legacy_v1,outdoor,129,63.9999999999985,48.33771282074109,4,2,2,0,4.936385748082886,True,1,2026-09-12T00:52:20.027230+00:00,81169037
indoor-956c30c7e082,legacy_v1,indoor,133,65.99999999999946,25.69821678488741,9,4,5,11,1.0,False,5,2026-09-12T00:53:50.864941+00:00,146402963
indoor-8e1cfc46a0e7,legacy_v1,indoor,90,44.70000000000043,27.61725948613325,7,3,4,9,1.0,False,11,2026-09-12T00:55:43.481843+00:00,104754462
outdoor-a2abe023b9e5,legacy_v1,outdoor,198,98.59999999999654,75.95633046638608,8,4,4,0,6.999693302625998,False,1,2026-09-12T00:56:46.924103+00:00,66241324
outdoor-d697dfe746f1,legacy_v1,outdoor,269,134.19999999999627,99.61986120718225,11,4,7,0,7.734666091293904,True,1,2026-09-12T00:58:18.616059+00:00,138621584
outdoor-9f28954e07be,legacy_v1,outdoor,117,58.39999999999882,41.12109332723853,5,3,2,0,4.0341545838260595,False,1,2026-09-12T00:59:01.489502+00:00,64019177
indoor-02a0d3a43885,legacy_v1,indoor,115,57.299999999999955,23.51871161566055,6,3,3,12,1.0,False,6,2026-09-12T01:00:17.882617+00:00,112703995
outdoor-fcf0bae5dcdd,legacy_v1,outdoor,158,78.59999999999768,60.04511524828896,7,4,3,0,6.396220575474739,False,1,2026-09-12T01:03:44.352284+00:00,57309780
indoor-89a573d49229,legacy_v1,indoor,76,37.50000000000033,20.418351143868804,5,3,2,8,1.0,False,1,2026-09-12T01:06:49.503057+00:00,44501453
indoor-1a74c0c1294c,legacy_v1,indoor,187,93.29999999999791,40.69346679090258,12,4,8,9,1.0,False,10,2026-09-12T01:09:05.705020+00:00,169286523
indoor-46877d0abbe4,legacy_v1,indoor,105,52.200000000000244,21.195296587534976,6,4,2,10,1.0,False,9,2026-09-12T01:10:53.367688+00:00,99513305
outdoor-e5bc33e31168,legacy_v1,outdoor,97,48.39999999999939,33.76293143478236,3,2,1,0,3.4614866827295114,False,1,2026-09-12T01:11:29.765765+00:00,61173588
indoor-16416570bc33,legacy_v1,indoor,199,98.99999999999758,40.34291323051169,12,4,8,12,1.0,False,1,2026-09-12T01:12:35.050739+00:00,231359984
indoor-e6ab34ae003f,legacy_v1,indoor,147,73.34999999999903,24.71763881386286,7,3,4,11,1.0,False,1,2026-09-12T01:13:26.711480+00:00,130011474
outdoor-072991fc1ff5,legacy_v1,outdoor,190,94.79999999999676,72.54406079040466,6,3,3,0,7.465200370729697,True,1,2026-09-12T01:14:32.224023+00:00,69229476
indoor-6522c5e0ce3b,legacy_v1,indoor,89,44.40000000000043,24.497639783665406,6,3,3,9,1.0,False,8,2026-09-12T01:16:13.874090+00:00,79982346
outdoor-38f701305532,legacy_v1,outdoor,247,122.99999999999515,95.31518896616967,9,4,5,0,7.332369759809198,True,1,2026-09-12T01:17:34.677625+00:00,180075596
indoor-9df448245858,legacy_v1,indoor,115,57.299999999999955,23.852504773726697,7,3,4,9,1.0,False,6,2026-09-12T01:18:55.192558+00:00,78110899
indoor-82fb60f1c70c,legacy_v1,indoor,164,81.59999999999857,28.92463831950125,10,4,6,8,1.0,False,11,2026-09-12T01:21:14.096270+00:00,154325449
outdoor-25a19c3d9dcc,legacy_v1,outdoor,148,73.59999999999796,64.01139321159025,5,3,2,0,3.8191411478690664,True,1,2026-09-12T01:22:09.977178+00:00,73639701
indoor-e6df7f47462d,legacy_v1,indoor,92,45.900000000000446,22.17634523290792,7,4,3,8,1.0,False,2,2026-09-12T01:22:56.246627+00:00,84586054
indoor-85c927ebd4bc,legacy_v1,indoor,121,60.299999999999784,31.47551729120465,10,4,6,12,1.0,False,1,2026-09-12T01:23:48.610479+00:00,117689843
indoor-ad7e043376fa,legacy_v1,indoor,188,93.59999999999789,41.93656870664427,13,4,9,8,1.0,False,3,2026-09-12T01:25:04.705088+00:00,80459112
indoor-e0db514ff8d7,legacy_v1,indoor,231,115.34999999999667,42.67549510910021,14,4,10,8,1.0,False,11,2026-09-12T01:27:30.986610+00:00,159876206
indoor-bef0eb9dc54f,legacy_v1,indoor,148,73.79999999999902,34.127899956150145,10,4,6,10,1.0,False,7,2026-09-12T01:29:05.154157+00:00,164691131
outdoor-558c053538e7,legacy_v1,outdoor,283,141.19999999999786,116.04719449300256,13,4,9,0,9.478792393999061,True,1,2026-09-12T01:30:41.931880+00:00,103311329
indoor-35c90a4b14e8,legacy_v1,indoor,227,113.39999999999677,48.95795597361122,15,4,11,9,1.0,False,5,2026-09-12T01:32:38.327670+00:00,220453881
outdoor-34af977965f4,legacy_v1,outdoor,123,60.99999999999867,44.11028704424591,3,2,1,0,5.1441090262794775,True,1,2026-09-12T01:33:30.406622+00:00,71541673
outdoor-77a6fadccb80,legacy_v1,outdoor,327,163.0000000000028,129.18557371398282,12,4,8,0,7.886618254077166,True,1,2026-09-12T01:35:18.257507+00:00,168894515
indoor-ea15f9337a1c,legacy_v1,indoor,100,49.80000000000038,27.103009876975378,8,4,4,12,1.0,False,3,2026-09-12T01:36:19.099219+00:00,89724271
indoor-bf67b66ef09a,legacy_v1,indoor,68,33.60000000000028,20.912939442051126,7,3,4,12,1.0,False,4,2026-09-12T01:37:08.821626+00:00,60560856
indoor-d706ee264a5f,legacy_v1,indoor,115,57.299999999999955,36.42715362732292,12,4,8,9,1.0,False,12,2026-09-12T01:39:17.482324+00:00,64349311
outdoor-4a851ecb0878,legacy_v1,outdoor,367,183.00000000000736,142.9579292233027,13,4,9,0,6.490297811379852,True,1,2026-09-12T01:41:09.919033+00:00,240000770
indoor-ffc953675ae1,legacy_v1,indoor,218,108.89999999999702,51.127835269228456,16,4,12,11,1.0,False,20,2026-09-12T01:45:02.777570+00:00,188928519
indoor-10094a5b0a54,legacy_v1,indoor,181,90.29999999999808,38.2704956180268,11,4,7,11,1.0,False,1,2026-09-12T01:46:06.453061+00:00,107131716
indoor-f7acf24da68f,legacy_v1,indoor,182,90.59999999999806,48.09231411437932,15,4,11,12,1.0,False,14,2026-09-12T01:48:51.290074+00:00,121007662
indoor-0c873bc3721d,legacy_v1,indoor,79,39.000000000000355,23.54939142777046,8,4,4,11,1.0,False,7,2026-09-12T01:50:05.220568+00:00,66519334
indoor-d723de3133a6,legacy_v1,indoor,158,78.89999999999873,26.963642505128657,8,4,4,8,1.0,False,3,2026-09-12T01:51:22.622368+00:00,108640312
indoor-6f36962de81d,legacy_v1,indoor,181,89.9999999999981,41.506814598034474,11,4,7,9,1.0,False,5,2026-09-12T01:53:00.838043+00:00,155809901
outdoor-cafecf09b0ee,legacy_v1,outdoor,333,166.20000000000354,129.67627384685028,12,4,8,0,9.579689449133753,True,1,2026-09-12T01:54:46.981351+00:00,159532629
indoor-111c24df5bf5,legacy_v1,indoor,113,56.400000000000006,26.19106727691544,8,4,4,12,1.0,False,3,2026-09-12T01:55:46.078315+00:00,102521940
outdoor-a69f11c6d67b,legacy_v1,outdoor,219,108.99999999999595,79.78844739510832,7,3,4,0,7.650321008938501,False,1,2026-09-12T01:56:49.125442+00:00,124817973
indoor-ea627e0dcaa6,legacy_v1,indoor,162,80.69999999999862,36.98175133482968,12,3,9,10,1.0,False,12,2026-09-12T01:59:06.689230+00:00,137176832
outdoor-717b16d077d1,legacy_v1,outdoor,165,82.39999999999746,61.81449639394786,6,4,2,0,6.2124343304026635,True,1,2026-09-12T02:00:05.367082+00:00,136128245
indoor-b91330ee592d,legacy_v1,indoor,156,77.6999999999988,32.166863593878205,10,4,6,10,1.0,False,2,2026-09-12T02:01:09.506654+00:00,151994205
indoor-ff767cfecb81,legacy_v1,indoor,92,45.60000000000045,20.631290964536298,5,3,2,8,1.0,False,1,2026-09-12T02:07:06.912049+00:00,89425455
indoor-f338bb072b42,legacy_v1,indoor,74,36.90000000000032,27.25924358571683,9,4,5,12,1.0,False,8,2026-09-12T02:08:37.914270+00:00,70185791
indoor-2ddebd9e319e,legacy_v1,indoor,255,127.19999999999598,59.760247204767865,18,4,14,9,1.0,False,6,2026-09-12T02:10:41.623068+00:00,227122880
outdoor-12e0c42a0f99,legacy_v1,outdoor,247,123.19999999999514,93.09084381669354,10,3,7,0,9.560163637867378,False,1,2026-09-12T02:12:01.013522+00:00,129348375
indoor-40818f81ff23,legacy_v1,indoor,118,58.79999999999987,24.23172711309092,7,3,4,8,1.0,False,1,2026-09-12T02:12:50.273122+00:00,123581573
outdoor-72b1485c99e4,legacy_v1,outdoor,136,67.79999999999832,57.29894220517022,5,4,1,0,5.940193367152602,True,1,2026-09-12T02:13:37.891241+00:00,142372261
outdoor-0a4184842842,legacy_v1,outdoor,206,102.59999999999631,73.26039703509002,7,4,3,0,6.927723032893316,False,1,2026-09-12T02:14:42.592223+00:00,69450760
outdoor-d042db4e1d9b,legacy_v1,outdoor,253,126.39999999999496,93.83315826617425,8,4,4,0,9.672596113185069,False,1,2026-09-12T02:16:07.996260+00:00,122629291
indoor-33c8450f83f5,legacy_v1,indoor,90,44.70000000000043,28.0823931809239,8,4,4,8,1.0,False,6,2026-09-12T02:17:24.238966+00:00,86120776
indoor-8ed1ed358275,legacy_v1,indoor,97,48.00000000000048,27.727951752292544,8,3,5,10,1.0,False,5,2026-09-12T02:18:33.601298+00:00,84701802
indoor-a78715adb968,legacy_v1,indoor,121,59.9999999999998,21.40009613547167,7,4,3,8,1.0,False,1,2026-09-12T02:19:27.243655+00:00,110109017
outdoor-bba77aa25329,legacy_v1,outdoor,258,128.79999999999504,98.46377709729501,9,4,5,0,9.141722073645404,False,1,2026-09-12T02:20:55.368016+00:00,122396944
outdoor-80425e4afe72,legacy_v1,outdoor,137,67.99999999999828,57.6979315946136,5,3,2,0,5.557801646488375,False,1,2026-09-12T02:21:48.138425+00:00,65116880
indoor-2fd74731a3c5,legacy_v1,indoor,135,67.19999999999939,28.266066920430124,8,3,5,8,1.0,False,8,2026-09-12T02:23:25.867891+00:00,91279501
outdoor-8295be3efdc0,legacy_v1,outdoor,130,64.59999999999847,47.95109216826675,6,3,3,0,4.8915344760012225,False,1,2026-09-12T02:24:13.871737+00:00,90973975
indoor-4b9d8b0a3656,legacy_v1,indoor,142,70.79999999999919,26.524447447657877,7,4,3,8,1.0,False,4,2026-09-12T02:25:24.299197+00:00,80957878
outdoor-77ac4266bbf1,legacy_v1,outdoor,100,49.59999999999932,41.94179133287588,5,2,3,0,3.4994230508320356,True,1,2026-09-12T02:26:01.276476+00:00,57195882
outdoor-2ea42197f9b5,legacy_v1,outdoor,181,90.39999999999701,70.53676775034356,8,4,4,0,7.240949361032513,False,1,2026-09-12T02:27:03.052809+00:00,118287229
outdoor-a9d94c3a84b1,legacy_v1,outdoor,219,108.99999999999595,79.90826656793456,7,4,3,0,6.749189375577651,True,2,2026-09-12T02:28:29.096903+00:00,80073050
outdoor-0e3b023b5802,legacy_v1,outdoor,271,135.1999999999965,94.16549563041005,10,4,6,0,9.654498468443393,False,1,2026-09-12T02:29:55.807884+00:00,85124381
indoor-2b643b9f8e68,legacy_v1,indoor,107,53.10000000000019,21.174924888937277,6,3,3,8,1.0,False,7,2026-09-12T02:31:22.080059+00:00,144285876
outdoor-7a784126e70a,legacy_v1,outdoor,66,32.600000000000286,21.543688944013045,2,2,0,0,3.562893291188244,True,2,2026-09-12T02:32:00.383920+00:00,21873107
indoor-06ab6fc41d5b,legacy_v1,indoor,222,110.84999999999692,59.66462511539767,17,4,13,10,1.0,False,4,2026-09-12T02:33:43.279905+00:00,205401635
outdoor-224c284091cc,legacy_v1,outdoor,230,114.59999999999563,86.88888809763301,8,4,4,0,8.104371386706461,False,1,2026-09-12T02:35:06.611544+00:00,92671293
outdoor-1429644e6244,legacy_v1,outdoor,122,60.599999999998694,48.274892924960035,5,4,1,0,4.490678267940522,True,2,2026-09-12T02:36:04.456781+00:00,43482332
indoor-aa73fab4da2d,legacy_v1,indoor,235,117.29999999999654,42.56657884398748,13,4,9,10,1.0,False,17,2026-09-12T02:39:45.195447+00:00,223763692
indoor-1215f9918194,legacy_v1,indoor,176,87.89999999999822,34.177357059787425,10,3,7,12,1.0,False,3,2026-09-12T02:44:07.884429+00:00,157845336
indoor-eb725c021253,legacy_v1,indoor,146,72.59999999999908,34.258742922273846,9,4,5,10,1.0,False,9,2026-09-12T02:46:06.687167+00:00,108310429
indoor-381a13576318,legacy_v1,indoor,158,78.59999999999874,40.39636530861796,12,4,8,12,1.0,False,9,2026-09-12T02:48:02.841489+00:00,93755812
indoor-89649f4ccbb3,legacy_v1,indoor,98,48.60000000000045,20.850364944109078,5,3,2,10,1.0,False,6,2026-09-12T02:49:20.224617+00:00,96032984
outdoor-301894d6bea5,legacy_v1,outdoor,93,46.19999999999951,41.02496580216858,5,3,2,0,3.6028771982224455,True,3,2026-09-12T02:50:38.613313+00:00,42217087
indoor-3f09f5ca306d,legacy_v1,indoor,112,55.50000000000006,21.58455130392822,5,3,2,8,1.0,False,16,2026-09-12T02:53:17.177739+00:00,74401611
indoor-6dff060897cc,legacy_v1,indoor,214,106.49999999999716,50.050969434156386,14,4,10,10,1.0,False,5,2026-09-12T02:55:13.304344+00:00,166721603
indoor-2d458cd0832f,legacy_v1,indoor,173,86.09999999999832,44.318548419977034,14,4,10,12,1.0,False,1,2026-09-12T02:56:17.189860+00:00,157553317
indoor-8b8ad39276cd,legacy_v1,indoor,141,70.19999999999922,36.797755421970564,10,4,6,10,1.0,False,5,2026-09-12T02:57:56.544362+00:00,105251390
indoor-566c54859a3b,legacy_v1,indoor,123,61.19999999999973,32.57095862451667,9,4,5,12,1.0,False,17,2026-09-12T03:03:22.861334+00:00,98257447
indoor-865b10517b8f,legacy_v1,indoor,51,25.200000000000156,29.771776028627265,10,4,6,9,1.0,False,8,2026-09-12T03:04:35.499681+00:00,36684536
indoor-b0a3e6d265c7,legacy_v1,indoor,128,63.599999999999596,22.274170907201565,8,3,5,11,1.0,False,14,2026-09-12T03:06:54.791997+00:00,85850187
indoor-b91724343c06,legacy_v1,indoor,107,53.10000000000019,29.069396420214467,9,4,5,9,1.0,False,1,2026-09-12T03:07:38.958663+00:00,117193715
outdoor-a6aa60a7e72d,legacy_v1,outdoor,119,59.39999999999876,46.83404393166056,5,3,2,0,5.063122129278993,False,1,2026-09-12T03:08:21.749622+00:00,38887871
outdoor-d8b5153b7d9e,legacy_v1,outdoor,83,41.1999999999998,32.82571703417821,2,1,1,0,3.0634979850520265,True,1,2026-09-12T03:08:55.025936+00:00,37954248
indoor-146f11fd6fa6,legacy_v1,indoor,244,121.79999999999629,61.69171452141016,18,4,14,11,1.0,False,8,2026-09-12T03:11:18.205510+00:00,185191511
indoor-bd04c6677866,legacy_v1,indoor,94,46.800000000000466,24.101536382461614,6,3,3,12,1.0,False,7,2026-09-12T03:12:43.644117+00:00,79092976
indoor-94bb1bd1b93d,legacy_v1,indoor,243,121.19999999999632,55.54913900904972,16,4,12,9,1.0,False,1,2026-09-12T03:14:03.390407+00:00,297591668
indoor-a758d9ae48e2,legacy_v1,indoor,248,123.89999999999617,54.095741160042216,16,4,12,11,1.0,False,16,2026-09-12T03:17:01.613001+00:00,239365964
indoor-b76649893f9b,legacy_v1,indoor,120,59.69999999999982,24.107617506896418,7,2,5,12,1.0,False,4,2026-09-12T03:18:13.423514+00:00,83821549
outdoor-1f08a52d80cc,legacy_v1,outdoor,143,70.99999999999811,45.935615896244215,5,3,2,0,4.866055544554342,True,1,2026-09-12T03:19:05.264329+00:00,77797069
outdoor-a7f7bf7acc4c,legacy_v1,outdoor,133,66.39999999999837,62.36195742311641,5,2,3,0,3.743137752768467,True,2,2026-09-12T03:19:51.956291+00:00,104905397
outdoor-3da8fd58bfc2,legacy_v1,outdoor,371,185.20000000000786,137.25246699855109,13,4,9,0,8.027404356441203,True,2,2026-09-12T03:22:07.336866+00:00,240264138
outdoor-2b3dc812d5c2,legacy_v1,outdoor,424,211.60000000001386,157.19480059245296,17,4,13,0,9.919557298039857,True,1,2026-09-12T03:24:21.486265+00:00,173097081
outdoor-d74e3afc6bd8,legacy_v1,outdoor,161,80.39999999999758,67.17974208604565,8,4,4,0,6.1640310603906165,False,1,2026-09-12T03:25:18.854592+00:00,83979459
indoor-a120a1a7cc50,legacy_v1,indoor,298,148.79999999999475,64.02148094551862,20,4,16,8,1.0,False,7,2026-09-12T03:28:05.067933+00:00,306628193
indoor-5b0d0f3e5c07,legacy_v1,indoor,178,88.49999999999818,28.69267875937969,10,4,6,10,1.0,False,2,2026-09-12T03:29:14.721055+00:00,169661994
outdoor-dd328578cf53,legacy_v1,outdoor,95,46.99999999999947,33.04911651476732,3,2,1,0,3.6578190342790613,False,1,2026-09-12T03:29:54.563739+00:00,67356218
indoor-4f2093dabc1d,legacy_v1,indoor,146,72.89999999999907,27.459165827444316,8,3,5,12,1.0,False,9,2026-09-12T03:31:59.917317+00:00,119126951
indoor-8c7b9ca60efc,legacy_v1,indoor,140,69.59999999999926,33.20919372949827,11,3,8,11,1.0,False,11,2026-09-12T03:34:12.940028+00:00,110599734
outdoor-0bac6da8eaa9,legacy_v1,outdoor,97,48.39999999999939,34.474446388103075,3,2,1,0,4.2412414248566215,True,1,2026-09-12T03:34:50.903135+00:00,57371405
outdoor-368051c68c71,legacy_v1,outdoor,255,127.19999999999492,90.29838739772177,9,4,5,0,9.888097499373355,False,1,2026-09-12T03:36:19.382567+00:00,104644288
outdoor-7ccc80a069d7,legacy_v1,outdoor,174,86.59999999999722,62.21077334145781,7,2,5,0,5.930582631141865,False,1,2026-09-12T03:37:12.075249+00:00,169264880
outdoor-b47f688d6c91,legacy_v1,outdoor,215,106.99999999999606,95.82650564864986,9,2,7,0,9.532896695307192,True,1,2026-09-12T03:38:24.444639+00:00,78022339
outdoor-9caa6ac7864f,legacy_v1,outdoor,255,127.09999999999492,90.25652948082309,8,4,4,0,7.3244861177117295,True,2,2026-09-12T03:39:56.450336+00:00,254032694
indoor-854208b53b61,legacy_v1,indoor,218,108.59999999999704,51.463496481655945,16,4,12,10,1.0,False,13,2026-09-12T03:45:05.703203+00:00,237430147
outdoor-b0492244d73e,legacy_v1,outdoor,129,63.9999999999985,44.20019654443506,4,3,1,0,4.618574656435008,True,2,2026-09-12T03:46:09.253347+00:00,126669906
outdoor-ca4bcd8e143a,legacy_v1,outdoor,130,64.79999999999846,52.75005960605477,5,3,2,0,3.711781060577941,True,1,2026-09-12T03:46:53.390698+00:00,81142269
indoor-2a32c2009293,legacy_v1,indoor,113,56.10000000000002,26.71177527356454,8,3,5,12,1.0,False,11,2026-09-12T03:48:57.304815+00:00,69300350
outdoor-3685ce96363f,legacy_v1,outdoor,109,54.39999999999905,43.59031540170012,5,3,2,0,3.280989613821658,True,1,2026-09-12T03:49:39.000782+00:00,33139688
indoor-f12bd0b2d52d,legacy_v1,indoor,225,112.19999999999683,48.93607769136172,14,4,10,11,1.0,False,4,2026-09-12T03:51:30.063281+00:00,182775099
outdoor-4df92fdcb65f,legacy_v1,outdoor,360,179.6000000000066,144.29974016155296,14,4,10,0,8.741391120490393,True,1,2026-09-12T03:53:17.620730+00:00,136030583
outdoor-79111f7c6119,legacy_v1,outdoor,95,47.199999999999456,33.8562078565355,4,3,1,0,3.373966064286472,False,1,2026-09-12T03:54:00.859966+00:00,49454040
outdoor-24c47ee736e6,legacy_v1,outdoor,209,103.99999999999623,75.55288202348333,7,3,4,0,5.13712835249553,True,1,2026-09-12T03:55:07.856681+00:00,145500236
indoor-4d4fadd90bbf,legacy_v1,indoor,137,68.39999999999932,27.929161336790674,8,4,4,11,1.0,False,6,2026-09-12T03:56:27.790782+00:00,97484667
outdoor-f37e6033c75d,legacy_v1,outdoor,201,100.19999999999645,75.47112032993877,9,4,5,0,8.528251375610614,True,1,2026-09-12T03:59:45.908219+00:00,148074625
outdoor-b469f5269b7a,legacy_v1,outdoor,227,113.3999999999957,85.61764563392026,8,3,5,0,8.135693749257575,False,1,2026-09-12T04:00:56.332752+00:00,77102326
outdoor-e4fa3a25e4e3,legacy_v1,outdoor,126,62.79999999999857,44.742465353760295,5,3,2,0,4.918262356176934,False,1,2026-09-12T04:01:42.317057+00:00,98610042
outdoor-3e503cee66e4,legacy_v1,outdoor,109,53.99999999999907,34.876940862323124,3,2,1,0,3.509856735891552,False,1,2026-09-12T04:02:22.582272+00:00,74783428
indoor-e6fe22578e9b,legacy_v1,indoor,241,120.29999999999637,56.05764041716414,17,4,13,11,1.0,False,3,2026-09-12T04:03:59.822918+00:00,146622848
outdoor-203d9be43b32,legacy_v1,outdoor,277,137.99999999999713,97.52480200676872,11,4,7,0,9.931531442124015,False,1,2026-09-12T04:05:30.725799+00:00,217702493
outdoor-948c47220a33,legacy_v1,outdoor,98,48.799999999999365,37.407310769808426,3,2,1,0,3.912530531335796,False,1,2026-09-12T04:06:06.094728+00:00,50354162
outdoor-2d67593cb33e,legacy_v1,outdoor,333,166.20000000000354,128.75994812247808,13,4,9,0,8.119980113978254,True,1,2026-09-12T04:07:39.700351+00:00,198421891
outdoor-f39ab945c927,legacy_v1,outdoor,261,130.19999999999536,95.80425381843546,10,4,6,0,9.114882218126638,True,2,2026-09-12T04:09:36.929056+00:00,173746374
outdoor-c4fc1aecfd89,legacy_v1,outdoor,175,87.19999999999719,67.49774242836178,7,4,3,0,7.363526863961896,True,1,2026-09-12T04:10:40.633709+00:00,100926621
indoor-3b60067ebba1,legacy_v1,indoor,91,45.30000000000044,20.35763524099994,6,2,4,11,1.0,False,4,2026-09-12T04:11:39.353259+00:00,77464248
indoor-a5c0e97f6105,legacy_v1,indoor,117,58.1999999999999,27.170919242828482,7,3,4,11,1.0,False,1,2026-09-12T04:12:25.942121+00:00,79669603
indoor-0eeb00872253,legacy_v1,indoor,113,56.39999999999999,22.763053492315102,7,3,4,10,1.0,False,4,2026-09-12T04:13:29.501985+00:00,91302131
indoor-aec2ae20a141,legacy_v1,indoor,253,126.29999999999603,64.4379233674241,19,4,15,9,1.0,False,1,2026-09-12T04:14:54.827689+00:00,127792495
outdoor-26303d611efd,legacy_v1,outdoor,250,124.59999999999506,109.0655257631156,10,3,7,0,8.146621148018891,True,1,2026-09-12T04:19:16.940810+00:00,103109931
outdoor-38787b83fe88,legacy_v1,outdoor,226,112.59999999999575,84.16733121507471,8,4,4,0,9.176268779983443,False,1,2026-09-12T04:20:27.886129+00:00,176669965
indoor-124d88c6947e,legacy_v1,indoor,88,43.50000000000041,25.253271079953613,7,3,4,8,1.0,False,14,2026-09-12T04:22:41.398434+00:00,76701753
indoor-48307b07dfec,legacy_v1,indoor,76,37.80000000000034,24.09830741244194,6,2,4,8,1.0,False,13,2026-09-12T04:24:40.490786+00:00,86821350
indoor-f956f8670fe3,legacy_v1,indoor,162,80.69999999999862,32.878492861495246,9,3,6,12,1.0,False,2,2026-09-12T04:25:46.892060+00:00,152543956
outdoor-92b8e7afaf42,legacy_v1,outdoor,289,143.9999999999985,115.39353876684918,11,3,8,0,8.400342044721704,True,1,2026-09-12T04:27:19.605004+00:00,96865350
outdoor-6118503e2a5f,legacy_v1,outdoor,103,51.19999999999923,46.95587266539745,5,4,1,0,5.029669956209595,False,1,2026-09-12T04:28:00.005518+00:00,71646199
outdoor-0ff8d2d3a1c0,legacy_v1,outdoor,107,53.199999999999115,39.64893991718439,5,2,3,0,3.9609176208195533,False,1,2026-09-12T04:28:38.495286+00:00,83540787
outdoor-ca1f69e56978,legacy_v1,outdoor,181,89.99999999999703,67.63082473949139,6,3,3,0,5.118264570011337,True,1,2026-09-12T04:29:46.082898+00:00,78066997
indoor-f6ea93cab51a,legacy_v1,indoor,125,62.399999999999665,27.46883558302757,9,4,5,10,1.0,False,6,2026-09-12T04:31:15.132366+00:00,117236672
outdoor-d3cf2e7048c8,legacy_v1,outdoor,137,68.39999999999826,51.51209360085924,6,3,3,0,4.8693443845387625,False,1,2026-09-12T04:32:06.721651+00:00,111272841
outdoor-5d3b214a1749,legacy_v1,outdoor,181,89.99999999999703,68.41630316552309,6,2,4,0,6.455916995971177,False,1,2026-09-12T04:33:06.474422+00:00,61750506
indoor-b5f65e1852c9,legacy_v1,indoor,129,64.19999999999956,23.226329058648375,7,4,3,12,1.0,False,4,2026-09-12T04:34:22.880742+00:00,104202072
outdoor-c13cece5f978,legacy_v1,outdoor,231,114.99999999999561,82.12322315945032,9,4,5,0,8.556755744422443,True,1,2026-09-12T04:35:43.645546+00:00,179265917
outdoor-1581ce1362d2,legacy_v1,outdoor,208,103.79999999999625,77.82087824400739,7,2,5,0,7.181828407927511,False,1,2026-09-12T04:36:52.321090+00:00,105775755
outdoor-e236f0776dba,legacy_v1,outdoor,219,108.99999999999595,85.07255915487359,10,4,6,0,6.095151400063866,True,2,2026-09-12T04:38:32.280194+00:00,84991068
outdoor-0c923f47036a,legacy_v1,outdoor,267,133.19999999999604,92.05015732490712,10,4,6,0,9.917295025193539,False,1,2026-09-12T04:40:01.727821+00:00,211412243
indoor-8a26043f576f,legacy_v1,indoor,202,100.79999999999748,44.3102637560076,14,3,11,8,1.0,False,8,2026-09-12T04:45:08.564195+00:00,193819082
indoor-e3be45b36c33,legacy_v1,indoor,249,124.19999999999615,61.45582447091247,17,4,13,11,1.0,False,7,2026-09-12T04:47:08.458586+00:00,236254422
outdoor-8f714fba3517,legacy_v1,outdoor,110,54.799999999999024,35.39654791597091,5,3,2,0,3.5926743035824815,False,1,2026-09-12T04:47:50.917926+00:00,71556465
indoor-e04ca61a3e65,legacy_v1,indoor,155,77.09999999999883,29.95987328257764,9,3,6,9,1.0,False,2,2026-09-12T04:48:57.949677+00:00,107240760
outdoor-891550a348f7,legacy_v1,outdoor,166,82.59999999999745,59.31064702135703,7,4,3,0,5.778460705080105,False,1,2026-09-12T04:49:57.101739+00:00,61748181
outdoor-d37f9a19f00f,legacy_v1,outdoor,77,37.99999999999998,28.700226596087912,2,1,1,0,3.1873715012709067,False,1,2026-09-12T04:50:27.729379+00:00,55614391
outdoor-f97d9a8a5672,legacy_v1,outdoor,199,98.99999999999652,74.29893213551111,6,3,3,0,6.789644180992678,False,1,2026-09-12T04:51:30.772550+00:00,122312913
indoor-90c0e38b206c,legacy_v1,indoor,113,56.400000000000006,20.580428221506722,5,3,2,10,1.0,False,2,2026-09-12T04:52:32.328883+00:00,85165896
outdoor-724baaa5b58c,legacy_v1,outdoor,91,44.99999999999958,36.83266362419095,3,3,0,0,3.4892381907468026,False,1,2026-09-12T04:53:05.865269+00:00,31989294
indoor-88d5c8e9af67,legacy_v1,indoor,115,56.99999999999997,26.37994707062683,7,4,3,9,1.0,False,11,2026-09-12T04:55:14.051493+00:00,87541606
indoor-bf6a28bc9f5e,legacy_v1,indoor,133,66.29999999999944,30.697075432548175,8,3,5,9,1.0,False,1,2026-09-12T04:56:05.648039+00:00,109697559
indoor-7f6b903cf9ef,legacy_v1,indoor,234,116.84999999999658,42.246337350119,13,4,9,8,1.0,False,4,2026-09-12T04:57:53.077282+00:00,174110463
indoor-3965be79e4a4,legacy_v1,indoor,107,53.400000000000176,25.99469997139707,8,4,4,12,1.0,False,8,2026-09-12T04:59:33.824442+00:00,64498475
outdoor-b88f9cb41acd,legacy_v1,outdoor,207,102.99999999999629,73.51341907381634,7,4,3,0,7.434472528541411,False,1,2026-09-12T05:00:36.749598+00:00,117598955
indoor-4ac3ae1555d3,legacy_v1,indoor,150,74.69999999999897,35.59737211768123,10,4,6,10,1.0,False,9,2026-09-12T05:02:31.149700+00:00,140616824
outdoor-a1c2142b7e11,legacy_v1,outdoor,148,73.59999999999796,53.197915206365906,6,2,4,0,5.8061896328724005,False,2,2026-09-12T05:03:25.495175+00:00,52585805
indoor-56bb43d10cb5,legacy_v1,indoor,224,111.59999999999687,45.89822158262069,14,4,10,11,1.0,False,6,2026-09-12T05:05:18.914603+00:00,131058945
outdoor-3b871b585093,legacy_v1,outdoor,261,129.9999999999953,97.82073533618764,10,4,6,0,9.256019057229391,False,1,2026-09-12T05:06:44.912050+00:00,208077285
outdoor-692182ca2dd2,legacy_v1,outdoor,67,33.40000000000024,22.82059523434124,3,2,1,0,3.44189583484894,True,2,2026-09-12T05:07:30.393642+00:00,49027096
outdoor-3a262ed6c23a,legacy_v1,outdoor,180,89.79999999999704,69.50470327919194,7,3,4,0,6.7086800981417225,False,1,2026-09-12T05:08:30.719672+00:00,143034786
outdoor-b98dbe966f64,legacy_v1,outdoor,91,45.19999999999957,38.35758279580347,5,2,3,0,3.3728141916117798,True,2,2026-09-12T05:09:13.778741+00:00,93579619
indoor-a5d35998621e,legacy_v1,indoor,113,56.10000000000002,24.558743703422568,7,4,3,11,1.0,False,2,2026-09-12T05:10:11.740856+00:00,85181547
outdoor-019ccfc07202,legacy_v1,outdoor,128,63.59999999999852,50.944275185956315,5,4,1,0,4.199711945759476,True,1,2026-09-12T05:10:54.718681+00:00,52493934
outdoor-c039d8577f8f,legacy_v1,outdoor,70,34.60000000000017,30.74826284645142,3,2,1,0,3.0887355029762102,False,1,2026-09-12T05:11:24.920491+00:00,35015437
indoor-1b052fdc54b4,legacy_v1,indoor,269,134.0999999999956,61.338793318709236,19,4,15,8,1.0,False,2,2026-09-12T05:13:06.955276+00:00,202581182
indoor-2cbed52f4da1,legacy_v1,indoor,208,103.49999999999733,45.96783724706692,14,4,10,8,1.0,False,1,2026-09-12T05:14:21.131789+00:00,170467296
indoor-b2b353374ed0,legacy_v1,indoor,137,68.39999999999932,24.08444782314207,6,3,3,10,1.0,False,7,2026-09-12T05:15:59.312110+00:00,116829890
indoor-7070860ab9de,legacy_v1,indoor,172,85.79999999999833,36.220025174051294,12,4,8,8,1.0,False,3,2026-09-12T05:17:23.798302+00:00,151941202
outdoor-bf1b340f937c,legacy_v1,outdoor,197,98.19999999999656,74.12361390332636,6,4,2,0,6.808763889725978,False,1,2026-09-12T05:18:26.002310+00:00,67963421
indoor-b8afbc2a574f,legacy_v1,indoor,152,75.74999999999892,55.394999125499986,17,4,13,9,1.0,False,7,2026-09-12T05:20:16.558271+00:00,94259568
outdoor-85dcb6d7388f,legacy_v1,outdoor,197,98.39999999999655,69.82157317992309,8,3,5,0,7.628467040114925,False,1,2026-09-12T05:21:23.767476+00:00,128681258
indoor-b5c94b281a94,legacy_v1,indoor,209,104.39999999999728,49.94422245982043,14,4,10,11,1.0,False,13,2026-09-12T05:23:59.894031+00:00,236993849
outdoor-d7daff1b568e,legacy_v1,outdoor,272,135.79999999999663,101.85290973730993,9,4,5,0,6.974043886060549,True,1,2026-09-12T05:25:26.336641+00:00,176509613
outdoor-8f4e8fd0174c,legacy_v1,outdoor,252,125.599999999995,95.6838992428859,11,4,7,0,9.608244592375355,True,1,2026-09-12T05:26:53.185783+00:00,200157781
indoor-a14d0cee931c,legacy_v1,indoor,284,141.59999999999516,64.77730593853194,19,4,15,8,1.0,False,2,2026-09-12T05:28:38.228404+00:00,161733072
indoor-40539755c295,legacy_v1,indoor,144,71.69999999999914,29.346971687739043,8,4,4,10,1.0,False,5,2026-09-12T05:29:56.962636+00:00,144665959
indoor-26c52dd33034,legacy_v1,indoor,86,42.900000000000404,51.78584088723923,15,4,11,10,1.0,False,18,2026-09-12T05:32:39.704436+00:00,68121347
outdoor-33c0ab2c0e5f,legacy_v1,outdoor,164,81.7999999999975,54.11604981853606,5,4,1,0,7.600214331385955,True,1,2026-09-12T05:33:38.993530+00:00,109870815
outdoor-361873e80bc3,legacy_v1,outdoor,93,46.19999999999951,41.360818477017034,4,3,1,0,3.196968942909793,True,2,2026-09-12T05:34:17.043760+00:00,66908696
indoor-1e2736bf3e63,legacy_v1,indoor,131,65.24999999999952,28.53769773352098,8,4,4,11,1.0,False,4,2026-09-12T05:35:27.454092+00:00,106889507
outdoor-f089c08813dc,legacy_v1,outdoor,135,67.39999999999831,47.79125058658503,4,3,1,0,5.653008821759194,True,1,2026-09-12T05:36:11.642158+00:00,83533641
outdoor-2bf22f4dc917,legacy_v1,outdoor,176,87.79999999999715,65.12586650839467,8,4,4,0,6.265932473732416,False,1,2026-09-12T05:37:05.783118+00:00,169058230
indoor-4d77a43374b1,legacy_v1,indoor,269,134.0999999999956,61.99329690994446,20,4,16,8,1.0,False,15,2026-09-12T05:40:24.725611+00:00,172615850
indoor-9ff5bdb4c566,legacy_v1,indoor,185,92.09999999999798,37.16482873372293,12,4,8,12,1.0,False,17,2026-09-12T05:43:36.839686+00:00,120024296
outdoor-0ea775c5bf57,legacy_v1,outdoor,267,132.999999999996,100.16228181534483,10,4,6,0,9.395218763802813,False,1,2026-09-12T05:45:05.186167+00:00,80645130
indoor-0e9dc4b1d246,legacy_v1,indoor,164,81.59999999999857,41.2614922337208,11,4,7,8,1.0,False,5,2026-09-12T05:46:36.939640+00:00,183238536
indoor-f0b0cec7dbe5,legacy_v1,indoor,254,126.899999999996,49.14345949960581,14,4,10,12,1.0,False,1,2026-09-12T05:48:12.049626+00:00,188869873
outdoor-95ff8fed655d,legacy_v1,outdoor,241,119.99999999999532,94.61795505141441,8,4,4,0,8.626718169506224,False,1,2026-09-12T05:49:30.761470+00:00,79245012
indoor-6a68ca162609,legacy_v1,indoor,191,95.39999999999779,41.127392731704546,13,4,9,11,1.0,False,3,2026-09-12T05:51:04.310145+00:00,171682574
indoor-4598372ea4f5,legacy_v1,indoor,107,53.400000000000176,20.92279352249334,5,4,1,12,1.0,False,13,2026-09-12T05:53:17.565711+00:00,85956293
outdoor-f682166854a1,legacy_v1,outdoor,183,91.19999999999696,70.66493875602981,7,3,4,0,8.581913999102067,True,1,2026-09-12T05:54:20.771026+00:00,66352086
outdoor-94bd90c660e2,legacy_v1,outdoor,197,98.39999999999655,71.2016177322925,6,3,3,0,6.779782654872061,True,1,2026-09-12T05:55:20.535291+00:00,118470727
outdoor-5120be788836,legacy_v1,outdoor,142,70.59999999999813,53.64246688688509,4,4,0,0,5.558890676799436,False,1,2026-09-12T05:56:13.870563+00:00,57554565
outdoor-b833ef30b5f1,legacy_v1,outdoor,219,109.19999999999594,82.71528879696956,9,4,5,0,7.636367634438987,False,1,2026-09-12T05:57:24.728246+00:00,67687086
outdoor-d2ad4b32ba28,legacy_v1,outdoor,160,79.79999999999761,64.1683180767746,6,3,3,0,5.920984233094981,True,1,2026-09-12T05:58:30.287625+00:00,71877711
indoor-79512266b7dd,legacy_v1,indoor,295,147.2999999999949,54.17821478362568,15,4,11,9,1.0,False,1,2026-09-12T06:00:20.318982+00:00,321131289
outdoor-d2692a31e16f,legacy_v1,outdoor,135,67.19999999999833,46.13501266131811,4,3,1,0,4.270614056430626,False,1,2026-09-12T06:01:08.296277+00:00,77653609
indoor-2d6704a457d4,legacy_v1,indoor,107,53.400000000000176,20.599161238078196,5,3,2,12,1.0,False,1,2026-09-12T06:01:54.305650+00:00,92095641
indoor-af355518f5ba,legacy_v1,indoor,64,31.500000000000245,21.602297488030686,7,2,5,9,1.0,False,10,2026-09-12T06:03:29.746363+00:00,45288042
outdoor-0e05d07db65f,legacy_v1,outdoor,133,66.39999999999837,53.4376157200765,6,4,2,0,5.2699489628014105,False,1,2026-09-12T06:04:19.730803+00:00,66230412
outdoor-1188d711c213,legacy_v1,outdoor,153,76.19999999999781,58.05676975781363,7,3,4,0,5.883532124001604,False,1,2026-09-12T06:05:07.204718+00:00,88274137
outdoor-fca385e1cb5e,legacy_v1,outdoor,138,68.59999999999825,53.48327362005699,4,4,0,0,5.232985288444025,True,1,2026-09-12T06:05:58.660326+00:00,45817270
outdoor-77b5cf9d3f54,legacy_v1,outdoor,329,164.00000000000304,129.6316367819644,12,4,8,0,8.99652026292681,True,1,2026-09-12T06:07:48.569427+00:00,226679515
outdoor-abf2498eb9c4,legacy_v1,outdoor,283,141.3999999999979,112.68565335930057,11,3,8,0,6.328007665913363,True,1,2026-09-12T06:09:23.880606+00:00,121706158
outdoor-b45cfdc730e7,legacy_v1,outdoor,80,39.59999999999989,28.935453455471404,4,2,2,0,3.1537204424368737,False,1,2026-09-12T06:09:56.363806+00:00,51577438
outdoor-58891943e9d6,legacy_v1,outdoor,314,156.90000000000146,130.7255361859643,13,4,9,0,9.522191276055832,True,1,2026-09-12T06:11:43.959790+00:00,207323674
indoor-afe22f99311e,legacy_v1,indoor,126,62.69999999999965,29.277930877643765,8,4,4,11,1.0,False,8,2026-09-12T06:13:20.189050+00:00,66659622
indoor-e79d933eb3cb,legacy_v1,indoor,101,50.40000000000033,26.771241849820367,7,4,3,9,1.0,False,2,2026-09-12T06:16:43.861407+00:00,75999672
indoor-79af1e9fb2c2,legacy_v1,indoor,148,73.79999999999902,34.551042909661646,11,4,7,11,1.0,False,14,2026-09-12T06:19:15.697901+00:00,91483293
indoor-7667cb5c2309,legacy_v1,indoor,80,39.90000000000036,28.917469123786443,9,3,6,11,1.0,False,3,2026-09-12T06:20:05.852681+00:00,63289094
outdoor-814a39c1575d,legacy_v1,outdoor,225,111.99999999999578,88.36855796707985,9,4,5,0,6.728922724746226,True,1,2026-09-12T06:21:17.843184+00:00,161327629
indoor-b9b729a8d35e,legacy_v1,indoor,107,53.400000000000176,22.318649922649975,6,3,3,12,1.0,False,14,2026-09-12T06:23:33.176365+00:00,77169870
indoor-7c27c53696b3,legacy_v1,indoor,137,68.39999999999932,29.942967186381658,8,4,4,10,1.0,False,6,2026-09-12T06:24:58.991094+00:00,89521315
outdoor-a88653b4c709,legacy_v1,outdoor,365,182.20000000000715,137.09163691386402,13,4,9,0,6.570413833689593,True,1,2026-09-12T06:26:44.358590+00:00,146658897
indoor-916a68cc3236,legacy_v1,indoor,167,83.39999999999847,37.290906326239394,10,4,6,12,1.0,False,2,2026-09-12T06:27:57.846450+00:00,123714796
indoor-6b20592ac0bc,legacy_v1,indoor,134,66.89999999999941,31.863485545949246,9,4,5,11,1.0,False,2,2026-09-12T06:31:23.833399+00:00,109104395
outdoor-984581e0e704,legacy_v1,outdoor,249,123.9999999999951,101.94396249760045,10,3,7,0,5.943390355648269,True,1,2026-09-12T06:32:39.691278+00:00,83447788
outdoor-26211d0f1c38,legacy_v1,outdoor,92,45.799999999999535,33.62555819908427,4,3,1,0,3.3840267868797276,True,1,2026-09-12T06:33:17.805626+00:00,33414534
indoor-84525285099f,legacy_v1,indoor,194,96.59999999999772,45.60245538068143,15,4,11,11,1.0,False,12,2026-09-12T06:35:49.577541+00:00,126470411
outdoor-526483b13051,legacy_v1,outdoor,192,95.7999999999967,71.25720744022078,7,4,3,0,7.4884569646182175,False,1,2026-09-12T06:39:35.936526+00:00,79713401
outdoor-5a876d900ffe,legacy_v1,outdoor,249,123.9999999999951,98.0907070094419,10,3,7,0,9.758011150214301,False,1,2026-09-12T06:40:56.888941+00:00,75951370
outdoor-d98dabe46969,legacy_v1,outdoor,177,88.19999999999713,63.91303810228486,7,4,3,0,5.824355838625488,False,1,2026-09-12T06:42:08.495839+00:00,89545821
indoor-1974863447e2,legacy_v1,indoor,136,67.49999999999937,27.93118993826826,7,4,3,12,1.0,False,4,2026-09-12T06:43:37.269117+00:00,117649489
outdoor-52a91e366d63,legacy_v1,outdoor,104,51.599999999999206,42.71760688880305,4,3,1,0,4.540652633924481,False,1,2026-09-12T06:44:15.501479+00:00,59096887
indoor-a457539946b1,legacy_v1,indoor,213,106.04999999999717,48.17314544102727,15,4,11,12,1.0,False,1,2026-09-12T06:45:47.073320+00:00,156470151
indoor-f32c277a0f4b,legacy_v1,indoor,122,60.59999999999977,29.996740824378733,8,4,4,9,1.0,False,18,2026-09-12T06:48:38.644994+00:00,118204155
outdoor-d5e247433282,legacy_v1,outdoor,245,122.19999999999521,99.54111242738156,10,4,6,0,6.899445830777026,True,1,2026-09-12T06:49:56.016685+00:00,194720628
outdoor-d86d46adf618,legacy_v1,outdoor,110,54.799999999999024,41.99223926917328,4,4,0,0,3.4536362399567344,True,2,2026-09-12T06:50:58.625447+00:00,107604142
outdoor-17c7fad97cec,legacy_v1,outdoor,222,110.59999999999586,79.77018411329144,8,3,5,0,9.466796227525121,True,1,2026-09-12T06:52:12.935107+00:00,72680352
outdoor-8c3ed20520f6,legacy_v1,outdoor,188,93.79999999999681,71.28939792570654,8,4,4,0,6.949447434852915,False,1,2026-09-12T06:53:23.126115+00:00,131961917
indoor-5c6ff54a052a,legacy_v1,indoor,96,47.70000000000047,20.216102014184184,5,2,3,9,1.0,False,1,2026-09-12T06:54:11.914696+00:00,77707908
outdoor-156ad5ce7e1a,legacy_v1,outdoor,81,39.999999999999865,34.07831295751582,4,2,2,0,3.3276064151897486,False,1,2026-09-12T06:54:42.687382+00:00,29546588
indoor-58bd09d6c55c,legacy_v1,indoor,113,56.10000000000002,23.786407529169473,8,4,4,11,1.0,False,9,2026-09-12T06:57:48.750541+00:00,99377572
indoor-04c513a17a9a,legacy_v1,indoor,147,73.19999999999905,27.16748833614649,7,3,4,11,1.0,False,1,2026-09-12T06:58:46.471228+00:00,141866213
indoor-83706494eb72,legacy_v1,indoor,130,64.49999999999955,27.927069778684967,8,2,6,9,1.0,False,3,2026-09-12T07:02:27.860436+00:00,121541806
outdoor-e367e3d45ae7,legacy_v1,outdoor,199,99.1999999999965,78.17172226360994,9,4,5,0,6.952820608610642,True,1,2026-09-12T07:03:35.217077+00:00,99341280
outdoor-57d901a07143,legacy_v1,outdoor,139,69.19999999999821,55.71352772009352,6,3,3,0,4.105309041052526,True,1,2026-09-12T07:04:24.380904+00:00,58175700
indoor-3c6de0953788,legacy_v1,indoor,161,80.09999999999866,26.54035596134782,9,4,5,8,1.0,False,13,2026-09-12T07:07:02.236560+00:00,158614953
outdoor-05dd01ea35cd,legacy_v1,outdoor,93,46.19999999999951,35.26814845146566,5,3,2,0,3.1931107693497913,True,1,2026-09-12T07:07:39.393253+00:00,48174581
outdoor-3124180ec91b,legacy_v1,outdoor,141,69.99999999999817,50.956983769309595,5,3,2,0,4.584097069546705,True,1,2026-09-12T07:08:28.072148+00:00,84431319
outdoor-a80504605dca,legacy_v1,outdoor,314,156.8000000000014,119.2757024748897,12,4,8,0,7.615016886371881,True,2,2026-09-12T07:10:39.328492+00:00,118313391
outdoor-504165ea6dde,legacy_v1,outdoor,187,92.99999999999686,75.4423972983399,7,4,3,0,6.46521651662913,True,1,2026-09-12T07:11:49.567767+00:00,70416492
indoor-59929296f391,legacy_v1,indoor,151,74.99999999999895,34.76388874976057,10,4,6,11,1.0,False,8,2026-09-12T07:13:57.032797+00:00,100667861
outdoor-f676c560ba03,legacy_v1,outdoor,167,82.99999999999743,65.14329516379348,8,3,5,0,5.05404635338893,True,1,2026-09-12T07:14:56.669130+00:00,102002532
outdoor-0d7378db9f5f,legacy_v1,outdoor,261,130.3999999999954,102.2352757153966,9,4,5,0,7.187310522866679,True,1,2026-09-12T07:16:23.242013+00:00,84320733
indoor-3fc67502c84e,legacy_v1,indoor,164,81.59999999999857,37.3023486715825,10,4,6,11,1.0,False,16,2026-09-12T07:19:22.972418+00:00,116941252
indoor-6b8f9d4a1d8c,legacy_v1,indoor,164,81.89999999999856,33.922362638840646,10,4,6,11,1.0,False,2,2026-09-12T07:20:39.843683+00:00,145459901
outdoor-4d6707b52cf0,legacy_v1,outdoor,148,73.79999999999795,57.018677819683106,6,3,3,0,6.150688031631795,False,1,2026-09-12T07:21:32.201700+00:00,139383583
outdoor-ae213ec81cff,legacy_v1,outdoor,177,88.19999999999713,63.495193773831176,7,2,5,0,7.044409625740384,False,1,2026-09-12T07:22:35.415547+00:00,84217433
outdoor-d30aa5fba292,legacy_v1,outdoor,111,55.39999999999899,47.139867164615,6,2,4,0,4.533782155163091,True,1,2026-09-12T07:23:18.571478+00:00,48232145
indoor-68594c12545d,legacy_v1,indoor,130,64.49999999999955,34.88452790216788,9,4,5,10,1.0,False,3,2026-09-12T07:24:24.371576+00:00,113329034
indoor-deb60482c820,legacy_v1,indoor,160,79.49999999999869,31.487302998576617,8,4,4,9,1.0,False,16,2026-09-12T07:27:08.246424+00:00,154512091
outdoor-86a9a9d491cb,legacy_v1,outdoor,99,48.99999999999935,39.06302198394961,3,3,0,0,3.783454778909455,False,1,2026-09-12T07:27:47.369011+00:00,62239013
indoor-b5daaa9e598a,legacy_v1,indoor,185,92.09999999999798,41.107260866992824,11,3,8,10,1.0,False,2,2026-09-12T07:28:59.982836+00:00,204233855
indoor-c03da0778bbc,legacy_v1,indoor,209,104.39999999999728,60.775285145150804,17,4,13,11,1.0,False,16,2026-09-12T07:32:09.881624+00:00,155493489
indoor-b34552293836,legacy_v1,indoor,340,169.4999999999936,62.19195171294684,18,4,14,10,1.0,False,12,2026-09-12T07:38:21.116632+00:00,300637222
indoor-f1bd9c15c758,legacy_v1,indoor,147,73.19999999999905,38.65146395589683,12,4,8,12,1.0,False,2,2026-09-12T07:39:20.364976+00:00,102161535
outdoor-74586b212232,legacy_v1,outdoor,295,147.19999999999922,110.40300089033495,12,3,9,0,9.58202696379897,True,1,2026-09-12T07:40:59.619680+00:00,278185748
indoor-34ecff896ff5,legacy_v1,indoor,123,61.04999999999973,22.075643728695784,6,3,3,8,1.0,False,3,2026-09-12T07:42:09.385720+00:00,84548707
outdoor-6fd8d2f304a3,legacy_v1,outdoor,123,61.39999999999865,53.09878106026416,4,2,2,0,5.546482027885233,True,1,2026-09-12T07:45:27.922024+00:00,83767462
outdoor-2d80cd283f14,legacy_v1,outdoor,130,64.79999999999846,47.19144416463697,5,3,2,0,4.3748272386391545,False,1,2026-09-12T07:46:16.998299+00:00,92712859
outdoor-9873c1411aa5,legacy_v1,outdoor,158,78.59999999999768,58.512121722101654,7,3,4,0,5.958492012998844,False,1,2026-09-12T07:47:09.049991+00:00,82006131
indoor-a9a993f5e721,legacy_v1,indoor,166,82.49999999999852,39.192338869981285,12,3,9,11,1.0,False,14,2026-09-12T07:49:47.494628+00:00,97877403
indoor-8fa31b912996,legacy_v1,indoor,106,52.80000000000021,22.990489570332798,6,4,2,9,1.0,False,7,2026-09-12T07:51:16.273362+00:00,103205910
indoor-6bf6ac313bda,legacy_v1,indoor,242,120.59999999999636,56.126128375500414,17,4,13,8,1.0,False,1,2026-09-12T07:52:42.279776+00:00,189752486
indoor-dda9b631c622,legacy_v1,indoor,68,33.60000000000028,25.072718384971303,8,4,4,9,1.0,False,3,2026-09-12T07:53:34.338064+00:00,53892348
indoor-37652a49265c,legacy_v1,indoor,172,85.49999999999835,40.26295876436136,11,3,8,12,1.0,False,11,2026-09-12T07:55:48.250226+00:00,191908853
outdoor-e840185829c3,legacy_v1,outdoor,324,161.80000000000254,122.94044705843886,11,4,7,0,7.444132951871809,True,1,2026-09-12T07:57:43.288191+00:00,137117630
outdoor-a6454b9a639f,legacy_v1,outdoor,183,91.39999999999695,66.65566753290264,8,4,4,0,7.450924502476507,True,1,2026-09-12T07:58:45.869930+00:00,110227449
outdoor-e9e0219abff7,legacy_v1,outdoor,115,56.9999999999989,41.45682236825816,5,3,2,0,3.6347331186377385,True,1,2026-09-12T07:59:24.579956+00:00,110774248
indoor-568843036e7e,legacy_v1,indoor,132,65.69999999999948,22.526574535804983,6,4,2,8,1.0,False,2,2026-09-12T08:00:21.543003+00:00,154958778
outdoor-883562e51adc,legacy_v1,outdoor,139,69.3999999999982,51.049723880116616,6,3,3,0,5.520096424469303,False,1,2026-09-12T08:01:09.379446+00:00,44960352
outdoor-3d866dc2c9f5,legacy_v1,outdoor,258,128.79999999999504,96.75566922769582,11,4,7,0,9.341401553990696,False,1,2026-09-12T08:02:32.642663+00:00,79446695
indoor-27c275c928a9,legacy_v1,indoor,243,121.19999999999632,48.42538402193553,14,4,10,11,1.0,False,10,2026-09-12T08:04:58.430443+00:00,191958664
indoor-6e8045953897,legacy_v1,indoor,189,94.19999999999786,37.11320086410108,11,4,7,11,1.0,False,7,2026-09-12T08:06:51.476002+00:00,208496512
outdoor-45622667d5a9,legacy_v1,outdoor,175,86.9999999999972,61.254476473448904,7,3,4,0,5.712781283081624,False,1,2026-09-12T08:07:49.122889+00:00,58221529
indoor-8a2bef1fc4ed,legacy_v1,indoor,149,74.39999999999898,35.493748665225134,11,4,7,11,1.0,False,3,2026-09-12T08:09:02.351519+00:00,116792021
indoor-44a0c7e4974c,legacy_v1,indoor,135,67.19999999999939,22.962273538024803,7,3,4,8,1.0,False,10,2026-09-12T08:11:04.229410+00:00,105820949
outdoor-486d747a179a,legacy_v1,outdoor,129,64.39999999999849,50.3625853396844,6,3,3,0,4.905796218882559,False,1,2026-09-12T08:11:49.882223+00:00,124581361
indoor-9f086ccc723d,legacy_v1,indoor,184,91.799999999998,41.75658585110298,12,4,8,12,1.0,False,5,2026-09-12T08:13:24.639466+00:00,151841719
outdoor-6bf98ec21b76,legacy_v1,outdoor,153,76.19999999999781,53.90488172418553,6,4,2,0,4.730461865650917,True,1,2026-09-12T08:14:16.695300+00:00,55988548
outdoor-27bb7373f443,legacy_v1,outdoor,183,90.99999999999697,64.9030574353738,7,3,4,0,7.1680420146420385,True,1,2026-09-12T08:15:21.719685+00:00,81996192
indoor-16e0dbd9d155,legacy_v1,indoor,118,58.499999999999886,29.65449964172548,9,4,5,9,1.0,False,4,2026-09-12T08:16:38.329097+00:00,126212888
indoor-66736bb7c211,legacy_v1,indoor,113,56.400000000000006,21.15261579998979,5,4,1,8,1.0,False,10,2026-09-12T08:18:33.791323+00:00,75562119
outdoor-1f5519585b44,legacy_v1,outdoor,199,98.99999999999652,68.15343052320407,8,4,4,0,7.583442359039474,True,2,2026-09-12T08:20:20.352652+00:00,102650902
indoor-87fd4cf3875c,legacy_v1,indoor,110,54.90000000000009,20.706671983961478,7,3,4,11,1.0,False,1,2026-09-12T08:21:06.012220+00:00,88223928
indoor-5d3b19e076c9,legacy_v1,indoor,155,77.09999999999883,31.416211034489116,10,4,6,8,1.0,False,5,2026-09-12T08:22:41.158702+00:00,102009934
indoor-a670a0d9cbed,legacy_v1,indoor,176,87.59999999999823,44.884631482855184,14,4,10,12,1.0,False,12,2026-09-12T08:24:52.324366+00:00,129378875
outdoor-d097cd6cda47,legacy_v1,outdoor,115,56.9999999999989,44.240901506300446,4,4,0,0,4.87222187667367,True,1,2026-09-12T08:25:32.123773+00:00,41155808
outdoor-7f65ff6d15e1,legacy_v1,outdoor,207,103.19999999999628,78.15577296515902,9,3,6,0,5.862501432053028,True,1,2026-09-12T08:29:04.556159+00:00,203549345
outdoor-697635fe8aba,legacy_v1,outdoor,164,81.7999999999975,53.25245476982457,4,3,1,0,4.78724581377378,True,2,2026-09-12T08:30:22.742411+00:00,68801046
outdoor-449ecec5fec7,legacy_v1,outdoor,212,105.59999999999614,83.32151621026003,7,2,5,0,5.184016830660407,True,1,2026-09-12T08:31:30.415100+00:00,130015000
indoor-9b115ba04773,legacy_v1,indoor,140,69.59999999999926,29.711068882594642,9,4,5,12,1.0,False,1,2026-09-12T08:32:26.356868+00:00,130436095
indoor-805c3db3af79,legacy_v1,indoor,121,60.299999999999784,27.57628630677855,7,4,3,12,1.0,False,1,2026-09-12T08:33:14.681979+00:00,77269184
outdoor-c53d4919adf8,legacy_v1,outdoor,192,95.59999999999671,72.88677805342385,7,4,3,0,5.9232002977231275,True,1,2026-09-12T08:34:22.803954+00:00,98853415
outdoor-cda163cb3921,legacy_v1,outdoor,68,33.80000000000022,24.104510745296388,2,2,0,0,3.739670755003031,True,1,2026-09-12T08:34:53.279172+00:00,48313388
indoor-d82a414b963e,legacy_v1,indoor,172,85.49999999999835,33.713520767757366,11,4,7,8,1.0,False,9,2026-09-12T08:37:03.579810+00:00,127751440
outdoor-59f678f0ee1d,legacy_v1,outdoor,162,80.79999999999755,59.63597677843949,6,3,3,0,5.9712414212503395,True,1,2026-09-12T08:37:59.375238+00:00,85032475
outdoor-4410ae7cc5af,legacy_v1,outdoor,250,124.79999999999505,92.84790459493324,10,4,6,0,7.580032958921499,True,1,2026-09-12T08:39:12.387990+00:00,89379545
outdoor-4582c67bf64d,legacy_v1,outdoor,85,42.39999999999973,38.65213880819606,5,3,2,0,3.612432743229964,True,1,2026-09-12T08:39:48.369224+00:00,52211948
outdoor-f614b793b391,legacy_v1,outdoor,95,46.99999999999947,37.37656300543439,3,2,1,0,3.380105889505766,True,1,2026-09-12T08:40:22.149630+00:00,57718122
indoor-f02132912c27,legacy_v1,indoor,115,56.99999999999997,23.703042988689127,6,4,2,11,1.0,False,10,2026-09-12T08:42:21.597984+00:00,78468927
indoor-9214b5e6e1a6,legacy_v1,indoor,148,73.49999999999903,29.708787003654283,9,4,5,11,1.0,False,7,2026-09-12T08:44:08.086747+00:00,119567289
outdoor-504deb8c4e36,legacy_v1,outdoor,210,104.79999999999619,85.14499912483166,8,3,5,0,6.272346909335926,True,1,2026-09-12T08:45:18.985255+00:00,129607106
outdoor-80926fd375b7,legacy_v1,outdoor,65,32.00000000000032,28.399887806976142,3,2,1,0,3.1501697576027885,True,1,2026-09-12T08:45:47.640935+00:00,33849550
outdoor-961b26862664,legacy_v1,outdoor,245,122.39999999999519,87.30637218106858,9,4,5,0,9.41243435827945,False,1,2026-09-12T08:47:02.165945+00:00,80356672
indoor-cbe09044a7a8,legacy_v1,indoor,146,72.89999999999907,28.784596020191408,10,4,6,12,1.0,False,6,2026-09-12T08:48:36.467613+00:00,128172391
outdoor-ac2d726d6d58,legacy_v1,outdoor,127,63.399999999998535,49.82012549350317,4,3,1,0,4.950221429380065,False,1,2026-09-12T08:49:22.507485+00:00,78158364
outdoor-650c5fcfe5ad,legacy_v1,outdoor,99,49.19999999999934,28.87670515917791,4,3,1,0,3.119866520163541,True,1,2026-09-12T08:49:59.030547+00:00,96975490
outdoor-096c8eea8673,legacy_v1,outdoor,342,170.8000000000046,134.48701506749063,14,4,10,0,8.115988939100252,True,2,2026-09-12T08:51:57.749385+00:00,244298581
outdoor-b3620774f9af,legacy_v1,outdoor,179,89.39999999999706,63.639415307484775,5,3,2,0,6.873262326468021,False,1,2026-09-12T08:52:59.269939+00:00,87706484
indoor-a2cc16cc3bd7,legacy_v1,indoor,114,56.69999999999999,21.48527708543672,6,3,3,8,1.0,False,13,2026-09-12T08:55:14.663597+00:00,85555316
outdoor-99eddee1fdac,legacy_v1,outdoor,77,38.399999999999956,31.250206030429304,2,2,0,0,3.306756241067769,False,1,2026-09-12T08:55:47.288539+00:00,70869821
outdoor-5653e677d15e,legacy_v1,outdoor,306,152.60000000000045,117.23834450586826,13,3,10,0,9.703601457168947,True,1,2026-09-12T08:57:28.303081+00:00,156963225
indoor-82851aeb4819,legacy_v1,indoor,148,73.79999999999902,36.79286417058533,11,4,7,12,1.0,False,8,2026-09-12T08:59:13.262635+00:00,159136434
outdoor-52e76e3047a7,legacy_v1,outdoor,185,91.99999999999692,68.86121082516136,6,3,3,0,6.3352109760088275,True,2,2026-09-12T09:00:23.316830+00:00,174560547
indoor-09a2ba8fdb32,legacy_v1,indoor,113,56.400000000000006,23.536982756307953,6,3,3,9,1.0,False,13,2026-09-12T09:02:47.034946+00:00,80543065
indoor-ff02bab73ce7,legacy_v1,indoor,200,99.89999999999753,45.69234981584668,15,4,11,8,1.0,False,8,2026-09-12T09:04:49.172734+00:00,82851009
outdoor-4388af3dc5e4,legacy_v1,outdoor,212,105.59999999999614,83.20448031291679,7,3,4,0,8.560879320766558,True,1,2026-09-12T09:05:56.060767+00:00,165807509
outdoor-91fd6b7b69a1,legacy_v1,outdoor,130,64.59999999999847,56.468391292907555,6,4,2,0,4.18939500844752,True,1,2026-09-12T09:06:47.918015+00:00,82195158
indoor-be227a8f453d,legacy_v1,indoor,195,97.19999999999769,52.68457020563337,16,4,12,11,1.0,False,6,2026-09-12T09:08:28.982309+00:00,136880202
outdoor-4812e8712d22,legacy_v1,outdoor,242,120.59999999999529,89.44966848151702,10,4,6,0,8.580282531751902,False,1,2026-09-12T09:09:44.624487+00:00,79103093
indoor-058d6785c3a9,legacy_v1,indoor,67,33.30000000000027,28.247722946109224,9,4,5,10,1.0,False,13,2026-09-12T09:11:59.189961+00:00,61287566
outdoor-8332782c904d,legacy_v1,outdoor,202,100.59999999999643,74.53915030057975,6,3,3,0,8.63888677208562,True,2,2026-09-12T09:13:17.719998+00:00,84395733
outdoor-9d0b41429e45,legacy_v1,outdoor,111,55.199999999999,43.132459948107964,3,2,1,0,4.294634220243024,False,1,2026-09-12T09:14:04.624400+00:00,53413665
outdoor-51c2f5769a5a,legacy_v1,outdoor,215,106.99999999999606,80.3875969158672,7,4,3,0,7.784828342463384,False,1,2026-09-12T09:15:14.612621+00:00,75516172
outdoor-b36fbfb07d70,legacy_v1,outdoor,402,200.8000000000114,156.16683700911514,16,4,12,0,9.14831309122157,True,1,2026-09-12T09:17:33.921113+00:00,172074369
indoor-c7407de6c774,legacy_v1,indoor,104,51.60000000000028,21.258890588829207,6,4,2,8,1.0,False,6,2026-09-12T09:19:00.438534+00:00,89387639
indoor-f6aeb6861075,legacy_v1,indoor,197,98.39999999999762,40.61175530366883,11,4,7,8,1.0,False,14,2026-09-12T09:21:41.532141+00:00,143440551
indoor-099e399f697c,legacy_v1,indoor,242,120.89999999999634,50.30188839341992,15,4,11,11,1.0,False,19,2026-09-12T09:25:36.778303+00:00,205653489
outdoor-40302a66aaab,legacy_v1,outdoor,261,130.3999999999954,106.31605907683254,12,3,9,0,6.661936900367532,True,1,2026-09-12T09:27:01.796814+00:00,156808695
indoor-88258a9d2b73,legacy_v1,indoor,130,64.79999999999953,30.15281274173109,8,3,5,12,1.0,False,5,2026-09-12T09:28:27.528352+00:00,169302594
outdoor-641848b442ac,legacy_v1,outdoor,276,137.49999999999702,93.36045075564631,10,4,6,0,9.64877522553481,True,4,2026-09-12T09:30:44.056405+00:00,156171231
outdoor-2b3a8ab5b38c,legacy_v1,outdoor,128,63.59999999999852,46.06364750674125,6,3,3,0,3.8351428428795047,True,1,2026-09-12T09:31:30.592683+00:00,85541297
indoor-a4447dd85d26,legacy_v1,indoor,185,92.39999999999796,47.238765000641465,14,4,10,10,1.0,False,5,2026-09-12T09:33:01.919077+00:00,126536281
indoor-1b205e05a1cc,legacy_v1,indoor,143,71.09999999999917,29.38331851832552,8,3,5,11,1.0,False,17,2026-09-12T09:35:48.489486+00:00,135479211
outdoor-aa6eb0b9bb24,legacy_v1,outdoor,258,128.599999999995,92.46292944147669,8,4,4,0,8.413579507652173,False,1,2026-09-12T09:37:16.649486+00:00,108788249
indoor-0cbedd1e85e1,legacy_v1,indoor,155,77.39999999999881,34.51238651193495,9,4,5,12,1.0,False,7,2026-09-12T09:39:00.769105+00:00,94624510
indoor-dd31b4c712fa,legacy_v1,indoor,163,81.29999999999859,40.64978178882894,13,4,9,11,1.0,False,7,2026-09-12T09:40:52.235146+00:00,163537186
indoor-d0f51aed611a,legacy_v1,indoor,101,50.40000000000035,22.60158646626862,7,4,3,10,1.0,False,11,2026-09-12T09:42:58.993894+00:00,126298905
outdoor-bf30e53116e9,legacy_v1,outdoor,119,58.999999999998785,51.535286339005324,5,3,2,0,5.473369876176097,True,2,2026-09-12T09:43:55.191542+00:00,47693534
outdoor-3089dcf32ca6,legacy_v1,outdoor,128,63.59999999999852,51.307196325240525,5,2,3,0,5.247379855360666,False,1,2026-09-12T09:44:42.542561+00:00,89374210
outdoor-7861e412d5e0,legacy_v1,outdoor,121,60.399999999998705,42.23602661060999,4,2,2,0,3.915999800206217,False,1,2026-09-12T09:45:26.703455+00:00,59400504
indoor-a884bd2a06e3,legacy_v1,indoor,275,137.3999999999954,50.100459788276176,14,4,10,11,1.0,False,5,2026-09-12T09:47:39.833171+00:00,186137396
outdoor-186a86f46a65,legacy_v1,outdoor,101,49.9999999999993,38.37175316633491,4,2,2,0,3.7535505632582282,False,1,2026-09-12T09:48:15.648269+00:00,32875123
outdoor-2b0407b2da98,legacy_v1,outdoor,117,57.99999999999884,48.020463237964975,4,3,1,0,4.1314924579016035,True,1,2026-09-12T09:48:53.822225+00:00,68055293
outdoor-565811d2f21c,legacy_v1,outdoor,223,111.19999999999582,85.30844595387653,10,3,7,0,7.810462775570199,True,1,2026-09-12T09:50:12.152154+00:00,154021493
outdoor-12cb7e9ae4bd,legacy_v1,outdoor,179,88.99999999999709,70.39067454432846,6,2,4,0,6.913383920075649,False,2,2026-09-12T09:51:13.894961+00:00,59907180
outdoor-62118d653c5e,legacy_v1,outdoor,232,115.79999999999556,85.37012125089917,8,4,4,0,8.034505808212746,False,1,2026-09-12T09:52:31.115473+00:00,165141788
indoor-fb8f333a26b3,legacy_v1,indoor,101,50.100000000000364,20.488768292115694,6,2,4,8,1.0,False,14,2026-09-12T09:54:54.760981+00:00,70585260
outdoor-8c689dcf8789,legacy_v1,outdoor,293,146.199999999999,109.59475574337658,10,3,7,0,8.249565674182318,True,1,2026-09-12T09:58:48.109768+00:00,100089079
indoor-9edbebea3c61,legacy_v1,indoor,110,54.90000000000009,22.74403610275407,6,3,3,12,1.0,False,19,2026-09-12T10:01:54.100938+00:00,74706385
outdoor-79de3194d312,legacy_v1,outdoor,258,128.599999999995,97.76972469372589,9,4,5,0,8.45877213772482,True,1,2026-09-12T10:03:22.708231+00:00,112091544
indoor-1743a450c365,legacy_v1,indoor,115,57.299999999999955,35.374917151917465,11,3,8,12,1.0,False,13,2026-09-12T10:05:43.994315+00:00,122383998
outdoor-a8f1bbc23cbe,legacy_v1,outdoor,258,128.79999999999504,93.16827751387876,10,4,6,0,9.79365896456923,False,1,2026-09-12T10:07:19.919345+00:00,101596356
indoor-92426aa570f2,legacy_v1,indoor,134,66.59999999999943,28.688651622184295,9,3,6,10,1.0,False,18,2026-09-12T10:10:25.796464+00:00,132674088
indoor-6afbf75acaba,legacy_v1,indoor,109,54.00000000000014,22.890698624430403,6,3,3,11,1.0,False,6,2026-09-12T10:11:45.043907+00:00,82351442
outdoor-4bc9b59fddcc,legacy_v1,outdoor,205,102.19999999999634,78.11552568704792,9,3,6,0,9.371536349653919,True,1,2026-09-12T10:12:58.779298+00:00,166313099
outdoor-d6b35dcd99a5,legacy_v1,outdoor,274,136.79999999999686,103.82186904055393,10,4,6,0,9.840059763320212,False,1,2026-09-12T10:14:30.377039+00:00,214150900
indoor-90b7be0f1f80,legacy_v1,indoor,220,109.79999999999697,48.1138362821311,13,4,9,11,1.0,False,9,2026-09-12T10:16:50.770903+00:00,175145514
outdoor-cb760215de2f,legacy_v1,outdoor,181,89.99999999999703,69.44647602517603,7,4,3,0,4.761890226331854,True,2,2026-09-12T10:18:00.472701+00:00,62587882
indoor-85dd27aeeea2,legacy_v1,indoor,154,76.49999999999886,28.52906161471478,9,4,5,9,1.0,False,15,2026-09-12T10:20:42.320388+00:00,138114248
indoor-bc502cb88749,legacy_v1,indoor,151,75.29999999999893,25.17612260836455,7,4,3,10,1.0,False,4,2026-09-12T10:22:11.798176+00:00,110962639
indoor-58ecf63b2ab4,legacy_v1,indoor,109,54.00000000000014,22.652713557127747,6,3,3,11,1.0,False,7,2026-09-12T10:23:45.958688+00:00,101104653
indoor-b4446f66def0,legacy_v1,indoor,143,71.39999999999915,29.92478028845975,9,3,6,8,1.0,False,7,2026-09-12T10:25:28.549807+00:00,141220899
indoor-caa5fb46c945,legacy_v1,indoor,117,58.1999999999999,24.054330534538398,7,4,3,11,1.0,False,1,2026-09-12T10:26:15.451501+00:00,72512421
outdoor-21457cac3c40,legacy_v1,outdoor,99,49.19999999999934,37.76986424801191,3,1,2,0,3.6323785028344266,True,1,2026-09-12T10:26:54.527006+00:00,37246329
outdoor-b29e63a7f007,legacy_v1,outdoor,207,102.99999999999629,76.85392942910192,9,4,5,0,7.384078975978699,False,1,2026-09-12T10:30:21.821454+00:00,74592374
outdoor-8760a8d27419,legacy_v1,outdoor,151,75.19999999999787,56.193376137546316,5,4,1,0,5.161702575217645,True,1,2026-09-12T10:31:15.807017+00:00,80689131
outdoor-e120655ce196,legacy_v1,outdoor,177,87.99999999999714,66.44810675112262,7,4,3,0,5.205182447509221,True,1,2026-09-12T10:32:11.276869+00:00,138180308
indoor-b57c7466d95e,legacy_v1,indoor,164,81.89999999999856,49.026928838555456,16,4,12,12,1.0,False,9,2026-09-12T10:34:09.258073+00:00,144108160
indoor-5adbb86e4655,legacy_v1,indoor,43,21.000000000000096,26.63378756433699,7,4,3,10,1.0,False,5,2026-09-12T10:35:09.719023+00:00,40420798
indoor-8fca58dfc02b,legacy_v1,indoor,157,78.29999999999876,33.28738873651031,9,3,6,10,1.0,False,4,2026-09-12T10:36:39.527595+00:00,164425870
outdoor-df2652b23983,legacy_v1,outdoor,291,144.99999999999872,114.31409484848957,12,3,9,0,9.351894403567577,True,1,2026-09-12T10:38:25.019386+00:00,117415594
indoor-bdcb0e3b169b,legacy_v1,indoor,139,69.29999999999927,25.11166289237952,8,4,4,9,1.0,False,15,2026-09-12T10:40:57.495590+00:00,112068453
outdoor-09c867975abd,legacy_v1,outdoor,138,68.79999999999824,49.7633619523595,5,3,2,0,5.128416874693742,False,1,2026-09-12T10:41:47.130697+00:00,44204945
indoor-b9e841e49fba,legacy_v1,indoor,152,75.59999999999891,31.653685312534613,8,4,4,10,1.0,False,3,2026-09-12T10:42:59.358238+00:00,161604348
indoor-6f1925e69032,legacy_v1,indoor,132,65.69999999999948,37.74380984843796,11,4,7,11,1.0,False,2,2026-09-12T10:44:01.002836+00:00,95465607
indoor-d0ddc7e6c963,legacy_v1,indoor,134,66.89999999999941,28.670752587284646,10,4,6,12,1.0,False,8,2026-09-12T10:45:40.804001+00:00,82299389
indoor-01f38ed25195,legacy_v1,indoor,256,127.79999999999595,54.87264287928335,15,4,11,11,1.0,False,4,2026-09-12T10:47:38.977742+00:00,233041664
outdoor-fcc5e4ecf2dc,legacy_v1,outdoor,203,101.1999999999964,76.52328910537925,7,4,3,0,7.920631587193043,False,1,2026-09-12T10:50:22.231631+00:00,131713824
outdoor-e9a0b5234dac,legacy_v1,outdoor,194,96.59999999999665,71.84413580976678,7,4,3,0,7.604387919383541,False,1,2026-09-12T10:51:33.644797+00:00,79034351
indoor-acdf62143966,legacy_v1,indoor,186,92.69999999999794,43.035246567477465,12,4,8,10,1.0,False,3,2026-09-12T10:52:58.423649+00:00,166464668
outdoor-df385ae2857c,legacy_v1,outdoor,289,144.39999999999858,118.7182755469253,12,3,9,0,9.74322125424192,True,1,2026-09-12T10:54:29.496493+00:00,274105556
indoor-cdb4f35c3d01,legacy_v1,indoor,133,66.29999999999944,21.790028009635307,8,4,4,12,1.0,False,11,2026-09-12T10:56:45.368798+00:00,93324898
indoor-f12951cd8678,legacy_v1,indoor,167,83.39999999999847,36.41104430743279,11,4,7,9,1.0,False,13,2026-09-12T10:59:04.206151+00:00,152590356
indoor-8734d6553bae,legacy_v1,indoor,148,73.79999999999902,27.052972164069807,9,4,5,11,1.0,False,19,2026-09-12T11:02:26.351624+00:00,134623661
outdoor-79f05737bc19,legacy_v1,outdoor,299,149.39999999999972,105.76789581202013,12,4,8,0,9.93346721561009,False,1,2026-09-12T11:04:00.690401+00:00,172794820
indoor-068e0a0e0b0c,legacy_v1,indoor,72,35.7000000000003,21.60329884288408,6,3,3,9,1.0,False,9,2026-09-12T11:05:39.716188+00:00,77069670
outdoor-ef0888fed0c0,legacy_v1,outdoor,204,101.59999999999637,75.38077444794718,7,4,3,0,6.996534523161728,True,1,2026-09-12T11:06:45.997078+00:00,152450665
outdoor-a9f3f14f8a0a,legacy_v1,outdoor,116,57.599999999998865,45.63320126950452,5,4,1,0,3.5193178430702323,True,1,2026-09-12T11:07:25.209167+00:00,39337886
outdoor-4f525967517f,legacy_v1,outdoor,171,84.99999999999731,62.168264942528104,6,4,2,0,6.254639373261623,False,1,2026-09-12T11:08:21.547990+00:00,87704075
outdoor-8cf67735bc44,legacy_v1,outdoor,274,136.79999999999686,102.02795793222654,11,4,7,0,7.541064101460722,True,1,2026-09-12T11:09:56.091840+00:00,130097601
outdoor-dafd8b9faebf,legacy_v1,outdoor,395,197.2000000000106,130.54271883601984,12,3,9,0,9.478320217117238,True,1,2026-09-12T11:14:58.872209+00:00,310743627
outdoor-2e6aaffb3742,legacy_v1,outdoor,183,91.19999999999696,66.80354829731127,7,3,4,0,6.5048228863691655,False,1,2026-09-12T11:16:20.926401+00:00,117728797
outdoor-539897956889,legacy_v1,outdoor,234,116.59999999999552,80.42184343266587,9,4,5,0,8.481544817977042,False,1,2026-09-12T11:17:47.118723+00:00,198173710
indoor-a6971be10aca,legacy_v1,indoor,95,47.10000000000046,24.333644849160912,6,3,3,12,1.0,False,8,2026-09-12T11:19:35.657892+00:00,56564433
indoor-cd3ed45243d3,legacy_v1,indoor,51,25.200000000000156,24.252335124168216,7,4,3,8,1.0,False,12,2026-09-12T11:21:35.947646+00:00,52779124
outdoor-79eef5dddd7b,legacy_v1,outdoor,96,47.59999999999943,43.5819046456692,5,3,2,0,3.0039998184892163,True,2,2026-09-12T11:22:38.255793+00:00,49347718
outdoor-3689a16df731,legacy_v1,outdoor,118,58.59999999999881,47.25379418538319,5,3,2,0,4.6469687780960225,False,1,2026-09-12T11:23:27.505801+00:00,75723738
outdoor-1b094007d21e,legacy_v1,outdoor,114,56.79999999999891,43.61857025879459,5,4,1,0,4.648779143726779,False,2,2026-09-12T11:24:30.099294+00:00,51855671
outdoor-afa1d1898ccc,legacy_v1,outdoor,251,124.99999999999504,90.85259248720607,9,4,5,0,9.730934184722003,False,1,2026-09-12T11:26:13.767582+00:00,124047604
outdoor-9a6d4b4cbf1b,legacy_v1,outdoor,197,98.39999999999655,71.46768668510472,8,3,5,0,6.580741661429765,False,1,2026-09-12T11:29:39.235542+00:00,157423842
outdoor-2c6679384e49,legacy_v1,outdoor,102,50.59999999999926,37.66723316054041,5,4,1,0,3.855902322823928,True,1,2026-09-12T11:30:19.936133+00:00,96025826
indoor-85b38db10215,legacy_v1,indoor,102,50.70000000000033,20.949814875201252,7,4,3,8,1.0,False,10,2026-09-12T11:32:07.067000+00:00,91953554
outdoor-cecd24b048cd,legacy_v1,outdoor,137,68.39999999999826,49.47630421870748,5,3,2,0,6.373318842849889,True,1,2026-09-12T11:32:59.549710+00:00,67239207
outdoor-c7a2ad92312b,legacy_v1,outdoor,244,121.59999999999523,95.25434390225271,11,4,7,0,9.070895587011329,False,1,2026-09-12T11:34:19.525384+00:00,146643010
indoor-4db3229a3a0b,legacy_v1,indoor,89,44.40000000000043,20.53128802697214,7,3,4,11,1.0,False,2,2026-09-12T11:35:11.476250+00:00,81577517
indoor-393d4ac5a668,legacy_v1,indoor,98,48.60000000000045,21.62749920096943,5,3,2,9,1.0,False,19,2026-09-12T11:38:18.339828+00:00,91787780
outdoor-969ca88fc110,legacy_v1,outdoor,229,113.99999999999567,86.54127895034028,9,3,6,0,7.924671814555939,False,1,2026-09-12T11:39:29.441686+00:00,133038108
outdoor-bc7750159a4f,legacy_v1,outdoor,258,128.599999999995,94.49670534021054,10,3,7,0,8.841332242268326,False,1,2026-09-12T11:40:53.417784+00:00,86492701
indoor-7dca225851b6,legacy_v1,indoor,87,43.200000000000415,21.779436926731965,7,3,4,12,1.0,False,9,2026-09-12T11:42:17.335238+00:00,80233463
outdoor-2e3882344364,legacy_v1,outdoor,139,69.3999999999982,55.14788830386803,7,4,3,0,5.228797351654057,True,1,2026-09-12T11:43:09.535661+00:00,72122691
indoor-9aba27dc7c37,legacy_v1,indoor,102,50.70000000000033,28.78712971730646,9,4,5,11,1.0,False,2,2026-09-12T11:44:02.081015+00:00,86577542
outdoor-70820faa27bd,legacy_v1,outdoor,134,66.59999999999836,51.41976114734528,4,3,1,0,5.1738389891774,False,1,2026-09-12T11:44:51.091526+00:00,54721992
outdoor-29ab6409dcea,legacy_v1,outdoor,215,107.39999999999604,78.62284953550173,7,3,4,0,7.233117593255948,False,1,2026-09-12T11:45:56.935446+00:00,67876826
indoor-8ff96f6d6f52,legacy_v1,indoor,180,89.69999999999811,44.8608689938189,13,4,9,9,1.0,False,3,2026-09-12T11:47:21.602706+00:00,158551614
outdoor-523081400f2a,legacy_v1,outdoor,209,104.39999999999621,74.99912616105101,7,3,4,0,7.981995922573664,False,1,2026-09-12T11:48:29.996534+00:00,169015382
outdoor-235531db5bfe,legacy_v1,outdoor,112,55.79999999999897,43.33684499293369,3,2,1,0,3.2591282253753873,True,1,2026-09-12T11:49:14.691776+00:00,62449329
indoor-496533c910ff,legacy_v1,indoor,138,68.6999999999993,27.410847446236506,8,3,5,11,1.0,False,7,2026-09-12T11:50:42.566962+00:00,108198875
indoor-836bc24c30cc,legacy_v1,indoor,157,77.99999999999878,29.926543396696374,9,4,5,8,1.0,False,18,2026-09-12T11:53:52.629833+00:00,98982051
outdoor-7f6a080aeedb,legacy_v1,outdoor,182,90.599999999997,66.19569895341051,6,3,3,0,6.483330830631918,False,1,2026-09-12T11:54:51.168052+00:00,103968683
outdoor-32ccf43f0ac2,legacy_v1,outdoor,195,97.19999999999662,78.23528523958909,8,3,5,0,6.2238824653116565,True,1,2026-09-12T11:55:52.223108+00:00,185379830
outdoor-4853b52c5d3a,legacy_v1,outdoor,122,60.79999999999868,42.28374283194064,4,3,1,0,4.015681196502166,False,1,2026-09-12T11:56:34.511405+00:00,40328693
outdoor-18545b671eeb,legacy_v1,outdoor,335,167.4000000000038,124.1490238724593,11,4,7,0,9.702124659319033,True,3,2026-09-12T12:01:32.978787+00:00,175573384
outdoor-ff28b4c7d330,legacy_v1,outdoor,90,44.5999999999996,32.54292617190359,4,3,1,0,3.163969047247418,False,1,2026-09-12T12:02:10.143543+00:00,28124048
outdoor-81b715c9ab62,legacy_v1,outdoor,140,69.49999999999818,45.78080127437672,6,4,2,0,4.56094600670781,True,2,2026-09-12T12:02:59.281282+00:00,133996994
indoor-a2f1d0674a86,legacy_v1,indoor,115,57.449999999999946,23.24429780088473,8,4,4,12,1.0,False,7,2026-09-12T12:04:26.643981+00:00,95709734
indoor-3d1bcc68f410,legacy_v1,indoor,114,56.69999999999999,23.835766273905044,6,2,4,10,1.0,False,15,2026-09-12T12:06:56.990611+00:00,121876423
outdoor-b29eaab84474,legacy_v1,outdoor,255,126.99999999999493,103.34811670058991,9,3,6,0,8.569024772805319,True,1,2026-09-12T12:08:21.297361+00:00,162657235
outdoor-2ab2d4d91c88,legacy_v1,outdoor,170,84.59999999999734,62.48615363474623,5,2,3,0,6.5416218700262245,False,1,2026-09-12T12:09:15.268473+00:00,133683175
outdoor-0a9d45098def,legacy_v1,outdoor,169,84.39999999999735,71.55416006996884,6,3,3,0,6.017964938437838,True,1,2026-09-12T12:10:16.420226+00:00,71608453
outdoor-ffc43c337e2c,legacy_v1,outdoor,111,55.39999999999899,45.795875427151316,6,3,3,0,4.75114147144585,False,1,2026-09-12T12:10:57.623487+00:00,56247666
outdoor-030900c9d874,legacy_v1,outdoor,174,86.59999999999722,66.41103165854295,6,3,3,0,7.4649716485381425,True,1,2026-09-12T12:11:51.655590+00:00,74275678
indoor-7ad5efed3ea7,legacy_v1,indoor,142,70.4999999999992,43.32023378545381,13,4,9,10,1.0,False,14,2026-09-12T12:14:22.875988+00:00,66136047
indoor-709f835f8c0c,legacy_v1,indoor,114,56.69999999999999,20.395189273263448,7,2,5,10,1.0,False,8,2026-09-12T12:15:56.170226+00:00,103589659
indoor-7b56e660a4bf,legacy_v1,indoor,138,68.6999999999993,28.831234090555927,10,4,6,8,1.0,False,5,2026-09-12T12:17:13.191876+00:00,84086735
outdoor-bb3c28a7208b,legacy_v1,outdoor,179,89.39999999999706,67.06892125582289,6,4,2,0,7.011842816408635,False,1,2026-09-12T12:18:15.907711+00:00,86697453
indoor-2c1983abc9fd,legacy_v1,indoor,153,76.19999999999888,32.28840572782039,9,4,5,10,1.0,False,1,2026-09-12T12:19:13.270776+00:00,128186919
indoor-e54f6f3208cd,legacy_v1,indoor,92,45.900000000000446,21.004242917583234,6,3,3,11,1.0,False,9,2026-09-12T12:23:22.631713+00:00,72621774
indoor-50f3a0cb6e65,legacy_v1,indoor,169,83.99999999999844,35.46199901950576,10,4,6,8,1.0,False,9,2026-09-12T12:25:26.447521+00:00,162035532
outdoor-4f1e1f3186f1,legacy_v1,outdoor,177,87.99999999999714,65.84696597276869,8,4,4,0,7.350662314151176,True,1,2026-09-12T12:26:25.829239+00:00,60437647
outdoor-d1850d3865a9,legacy_v1,outdoor,136,67.5999999999983,49.08584283242958,6,3,3,0,3.955895673738986,True,1,2026-09-12T12:27:11.781416+00:00,47820464
outdoor-df1da7d9a7b9,legacy_v1,outdoor,149,74.39999999999792,56.35348214722638,7,3,4,0,5.888223954388307,False,1,2026-09-12T12:28:01.634253+00:00,53520095
indoor-0df36a92a8fa,legacy_v1,indoor,116,57.89999999999992,21.571670522640282,6,2,4,11,1.0,False,9,2026-09-12T12:32:15.763247+00:00,100683024
indoor-067636937362,legacy_v1,indoor,126,62.69999999999965,39.608864483302945,11,4,7,10,1.0,False,12,2026-09-12T12:34:31.202343+00:00,95788990
indoor-80bd064abbed,legacy_v1,indoor,96,47.70000000000047,21.302331721202197,5,4,1,12,1.0,False,5,2026-09-12T12:35:49.024174+00:00,84761704
outdoor-32de351cc2bf,legacy_v1,outdoor,312,155.80000000000118,113.2008438010161,12,4,8,0,8.194515150797494,True,1,2026-09-12T12:37:31.883165+00:00,155402649
indoor-756963c445fe,legacy_v1,indoor,134,66.59999999999943,22.15703199478268,8,4,4,12,1.0,False,3,2026-09-12T12:38:48.358688+00:00,114855257
indoor-23743f5e0bd2,legacy_v1,indoor,226,112.49999999999682,45.537381631778416,15,4,11,12,1.0,False,13,2026-09-12T12:41:45.226838+00:00,221011958
outdoor-3288152dd4d4,legacy_v1,outdoor,150,74.5999999999979,59.8567535728685,7,3,4,0,5.576125082977376,False,1,2026-09-12T12:42:36.176651+00:00,49532045
indoor-f5fc3f51115f,legacy_v1,indoor,105,52.200000000000244,20.579188943354676,5,3,2,12,1.0,False,1,2026-09-12T12:43:21.974435+00:00,76106984
outdoor-7754ab5785f4,legacy_v1,outdoor,207,102.99999999999629,74.5316005646922,6,3,3,0,7.738417227337363,False,2,2026-09-12T12:44:53.597554+00:00,69685296
outdoor-ee9fb681c77e,legacy_v1,outdoor,236,117.59999999999546,89.18536435335363,10,3,7,0,7.473418937471859,True,1,2026-09-12T12:46:16.100756+00:00,124861601
outdoor-36342df10ec4,legacy_v1,outdoor,113,55.999999999998956,43.663936126618715,3,2,1,0,3.996130683987827,False,2,2026-09-12T12:47:04.262143+00:00,38532809
indoor-32b186d31c09,legacy_v1,indoor,137,68.39999999999932,37.41956094483842,11,4,7,11,1.0,False,5,2026-09-12T12:48:29.582965+00:00,112183706
indoor-8ee232253d37,legacy_v1,indoor,222,110.69999999999692,56.29761202304353,16,4,12,9,1.0,False,5,2026-09-12T12:50:17.690314+00:00,145010936
outdoor-f14f02f67fff,legacy_v1,outdoor,172,85.59999999999728,66.03374794238292,6,4,2,0,6.7164534949163865,False,1,2026-09-12T12:51:20.113579+00:00,68738404
indoor-9842545d4311,legacy_v1,indoor,213,106.19999999999717,48.008258564801935,13,4,9,12,1.0,False,5,2026-09-12T12:53:09.745250+00:00,198861043
indoor-cb7bfaab776d,legacy_v1,indoor,88,43.50000000000041,30.64698570935576,10,4,6,11,1.0,False,15,2026-09-12T12:55:37.321781+00:00,81325634
indoor-f7cb4433a38c,legacy_v1,indoor,245,122.09999999999627,64.56832564177006,19,4,15,11,1.0,False,11,2026-09-12T12:58:21.093607+00:00,330729906
outdoor-c2a568d00dc8,legacy_v1,outdoor,357,178.40000000000632,129.87487833625755,13,4,9,0,6.543710110103647,True,1,2026-09-12T13:00:03.493461+00:00,123445401
indoor-65d36c7a553a,legacy_v1,indoor,159,79.19999999999871,36.56223584922143,12,4,8,8,1.0,False,7,2026-09-12T13:01:49.308978+00:00,121325270
outdoor-b52ec44b80dd,legacy_v1,outdoor,155,77.39999999999775,57.925757932340886,7,4,3,0,5.532628689032817,False,1,2026-09-12T13:02:42.721960+00:00,91068876
indoor-09acfb4685dd,legacy_v1,indoor,181,89.9999999999981,36.310906095524345,10,4,6,12,1.0,False,10,2026-09-12T13:04:44.195769+00:00,217492068
indoor-e96e41f929ae,legacy_v1,indoor,192,95.69999999999777,37.428220763958336,12,4,8,11,1.0,False,5,2026-09-12T13:06:19.667791+00:00,148648526
outdoor-f3f2ec25cd82,legacy_v1,outdoor,217,108.39999999999598,86.44072196309128,9,4,5,0,8.329311687986996,False,1,2026-09-12T13:07:30.025472+00:00,71876315
indoor-c714a4b9b556,legacy_v1,indoor,111,55.200000000000074,24.176920872469676,8,4,4,10,1.0,False,14,2026-09-12T13:09:47.728829+00:00,115052437
indoor-1eb593b91c61,legacy_v1,indoor,154,76.49999999999886,44.733067151901366,14,4,10,10,1.0,False,1,2026-09-12T13:10:44.174820+00:00,118748645
indoor-956e698c0841,legacy_v1,indoor,159,79.19999999999871,33.78250610363758,11,3,8,11,1.0,False,2,2026-09-12T13:11:52.980761+00:00,119161614
outdoor-a1ea87e35838,legacy_v1,outdoor,219,109.19999999999594,89.8998452547824,10,3,7,0,7.259781964246509,True,1,2026-09-12T13:13:05.545969+00:00,115924848
outdoor-94003b6be61f,legacy_v1,outdoor,105,52.39999999999916,46.93552969157845,4,2,2,0,6.834534544838975,True,1,2026-09-12T13:13:45.502386+00:00,64074532
outdoor-d5646df9fc3c,legacy_v1,outdoor,221,110.39999999999587,81.24824858834361,9,4,5,0,8.955231503740913,False,1,2026-09-12T13:14:53.785290+00:00,71003191
outdoor-8b9543ad0ac6,legacy_v1,outdoor,74,36.60000000000006,29.439878067695524,4,2,2,0,3.1562620088428055,False,1,2026-09-12T13:15:29.176471+00:00,36527059
outdoor-ccbac3f07847,legacy_v1,outdoor,175,87.39999999999718,57.23981038177644,7,2,5,0,5.897041451756296,False,1,2026-09-12T13:16:28.569895+00:00,90208741
outdoor-ab77379df1b8,legacy_v1,outdoor,284,141.799999999998,108.24655554045145,10,4,6,0,5.491002439831103,True,1,2026-09-12T13:18:00.086121+00:00,142604729
indoor-311787a6c27e,legacy_v1,indoor,143,71.09999999999917,35.6066706429145,12,4,8,8,1.0,False,5,2026-09-12T13:19:27.570830+00:00,146638908
outdoor-549eb55fcb82,legacy_v1,outdoor,206,102.7999999999963,73.12433554790394,6,3,3,0,7.265485184647999,False,1,2026-09-12T13:20:35.796916+00:00,161526011
outdoor-81c8212b34d9,legacy_v1,outdoor,264,131.59999999999567,90.69656993704139,8,4,4,0,8.393395758584049,False,2,2026-09-12T13:22:06.808903+00:00,130833584
indoor-d38b0078eb23,legacy_v1,indoor,183,91.19999999999803,40.21401455155869,11,3,8,11,1.0,False,11,2026-09-12T13:24:26.111178+00:00,155689485
outdoor-434f4dfe981f,legacy_v1,outdoor,157,78.1999999999977,66.39566838592967,6,3,3,0,4.430542478516521,True,1,2026-09-12T13:25:22.254722+00:00,101266753
outdoor-27895d56f136,legacy_v1,outdoor,234,116.59999999999552,81.0756011151185,9,4,5,0,8.130876103490646,False,1,2026-09-12T13:26:36.922510+00:00,188451805
indoor-a08ac44124b0,legacy_v1,indoor,155,77.39999999999881,35.94603215335456,11,3,8,9,1.0,False,8,2026-09-12T13:28:20.864282+00:00,89808796
outdoor-f61ba677e704,legacy_v1,outdoor,137,68.39999999999826,55.74603812982728,5,4,1,0,4.460093771368962,True,2,2026-09-12T13:29:31.688151+00:00,85875904
indoor-b4ea521415a8,legacy_v1,indoor,148,73.49999999999903,31.385492627975765,8,4,4,8,1.0,False,8,2026-09-12T13:31:17.554588+00:00,103408816
outdoor-d17e42f574ea,legacy_v1,outdoor,188,93.79999999999681,69.27733668072096,8,4,4,0,8.589290859034156,True,1,2026-09-12T13:32:26.276896+00:00,96090279
outdoor-42ee46026eb9,legacy_v1,outdoor,236,117.59999999999546,88.233184091386,9,4,5,0,8.257824133075577,False,1,2026-09-12T13:33:54.147722+00:00,93641411
outdoor-b3db31f0a021,legacy_v1,outdoor,204,101.79999999999636,78.0442461348625,9,3,6,0,7.778978575179402,False,1,2026-09-12T13:34:57.349497+00:00,117683348
indoor-c92b2cc52659,legacy_v1,indoor,118,58.79999999999987,28.349874191996708,9,4,5,11,1.0,False,16,2026-09-12T13:37:28.921652+00:00,112504935
indoor-540439ed0772,legacy_v1,indoor,28,13.49999999999999,20.441866229510346,6,4,2,8,1.0,False,9,2026-09-12T13:38:38.623269+00:00,21069753
indoor-c60891bab64a,legacy_v1,indoor,129,64.19999999999956,38.95961079227546,11,4,7,9,1.0,False,10,2026-09-12T13:40:30.015218+00:00,102099232
outdoor-c90bb482c3be,legacy_v1,outdoor,108,53.79999999999908,41.82100200053546,4,2,2,0,4.657632923081781,False,1,2026-09-12T13:41:09.539754+00:00,84046359
indoor-ce70f61fcff3,legacy_v1,indoor,138,68.6999999999993,34.310346239871535,9,4,5,8,1.0,False,8,2026-09-12T13:42:55.639878+00:00,114143339
outdoor-1cadd812aa5a,legacy_v1,outdoor,181,90.39999999999701,68.85561350304823,6,4,2,0,6.844005325242836,False,1,2026-09-12T13:44:00.665564+00:00,69818474
outdoor-bb33035d1d8c,legacy_v1,outdoor,269,134.3999999999963,94.94274844566368,8,4,4,0,9.547012241687971,False,1,2026-09-12T13:45:31.454231+00:00,189487630
outdoor-29dda1fccaca,legacy_v1,outdoor,170,84.79999999999733,62.706498959865414,7,3,4,0,6.57680856573427,False,1,2026-09-12T13:46:31.416505+00:00,66521143
outdoor-3a1ab6e29952,legacy_v1,outdoor,60,29.80000000000029,21.595222110513944,2,1,1,0,3.0573020271372036,True,1,2026-09-12T13:46:57.677441+00:00,21691193
outdoor-d0085ce8ace8,legacy_v1,outdoor,145,71.99999999999805,44.81157809348008,5,4,1,0,4.215758234965087,True,1,2026-09-12T13:47:44.932107+00:00,85687600
outdoor-6b2e42961ef9,legacy_v1,outdoor,95,46.99999999999947,32.58473681120872,3,3,0,0,5.430720377480393,True,3,2026-09-12T13:48:53.191537+00:00,40190331
indoor-c7aeb22be004,legacy_v1,indoor,190,94.79999999999782,45.66927515458353,15,4,11,10,1.0,False,9,2026-09-12T13:50:54.845505+00:00,184172530
indoor-f3ad54463a4a,legacy_v1,indoor,133,65.99999999999946,25.73940450088849,9,4,5,10,1.0,False,3,2026-09-12T13:52:08.039072+00:00,95264933
outdoor-1cd8ca54505a,legacy_v1,outdoor,351,175.2000000000056,138.4145055633145,15,4,11,0,9.91617151288905,True,1,2026-09-12T13:54:16.455555+00:00,141845604
indoor-001c5c9a85fb,legacy_v1,indoor,147,73.19999999999905,29.88922824663709,9,4,5,9,1.0,False,13,2026-09-12T13:56:35.692548+00:00,112776050
indoor-fdcc4f48b02e,legacy_v1,indoor,125,62.399999999999665,25.84591747783896,8,3,5,8,1.0,False,1,2026-09-12T13:57:25.265593+00:00,104152736
indoor-3283e782e9cd,legacy_v1,indoor,180,89.69999999999811,36.67087657548592,11,4,7,11,1.0,False,2,2026-09-12T13:58:36.869258+00:00,153992876
outdoor-14a0e638b76e,legacy_v1,outdoor,211,104.99999999999618,76.88364189737243,9,4,5,0,7.954543239029496,False,1,2026-09-12T13:59:53.702460+00:00,92785741
indoor-829c3d24de9b,legacy_v1,indoor,115,56.99999999999997,22.775634057712804,6,3,3,11,1.0,False,4,2026-09-12T14:00:58.139031+00:00,92373284
outdoor-e616f712ada6,legacy_v1,outdoor,100,49.59999999999932,43.31457125544257,3,3,0,0,4.15602733235095,True,1,2026-09-12T14:04:21.207989+00:00,36345586
indoor-52afae56fb69,legacy_v1,indoor,266,132.89999999999569,59.155999391813666,19,4,15,9,1.0,False,12,2026-09-12T14:07:17.823772+00:00,180369994
outdoor-1b1d697090a8,legacy_v1,outdoor,119,59.39999999999876,47.97048036233279,4,3,1,0,3.733666034677624,True,1,2026-09-12T14:08:00.606779+00:00,114365621
outdoor-c7aa3cbfbc89,legacy_v1,outdoor,153,75.99999999999783,55.841597101898216,5,3,2,0,3.426530474892374,True,3,2026-09-12T14:08:59.915967+00:00,87511779
outdoor-e4da2069ea1a,legacy_v1,outdoor,105,52.19999999999917,46.70109582682207,5,3,2,0,4.650784085105662,True,1,2026-09-12T14:09:39.526529+00:00,36686959
indoor-03011a31fc41,legacy_v1,indoor,125,62.09999999999968,25.76100658826401,8,3,5,8,1.0,False,2,2026-09-12T14:10:33.998484+00:00,116117249
outdoor-eb106d175d9f,legacy_v1,outdoor,239,119.39999999999536,83.08139182467352,7,2,5,0,8.239373010431528,False,1,2026-09-12T14:12:01.908349+00:00,97131289
outdoor-4193578fc260,legacy_v1,outdoor,105,51.99999999999918,42.602638011239165,5,3,2,0,3.1648340649655218,True,2,2026-09-12T14:12:49.165961+00:00,62379979
indoor-eb49183bb487,legacy_v1,indoor,109,54.300000000000125,24.586117354858064,7,4,3,12,1.0,False,6,2026-09-12T14:14:04.543477+00:00,100637272
indoor-065a0187016b,legacy_v1,indoor,155,77.09999999999883,32.09785703359479,10,4,6,9,1.0,False,1,2026-09-12T14:15:02.991063+00:00,126017746
outdoor-da2e39ab0aaf,legacy_v1,outdoor,195,97.39999999999661,74.59076680448635,6,2,4,0,7.04856697182591,False,1,2026-09-12T14:16:09.121409+00:00,122814411
outdoor-60c5d8d82322,legacy_v1,outdoor,237,118.19999999999543,90.14332569451553,8,4,4,0,6.769971110046614,True,1,2026-09-12T14:19:39.687085+00:00,84211658
outdoor-27f93a83f198,legacy_v1,outdoor,218,108.79999999999596,81.61705327922174,7,4,3,0,8.016773381236236,False,1,2026-09-12T14:20:53.497040+00:00,106608144
outdoor-679d3c0a7aff,legacy_v1,outdoor,112,55.79999999999897,41.750743840025734,5,4,1,0,4.344424175761198,False,1,2026-09-12T14:21:55.653247+00:00,73506072
indoor-af0e6317cf0b,legacy_v1,indoor,139,69.29999999999927,29.886121469623333,10,4,6,10,1.0,False,2,2026-09-12T14:23:09.458855+00:00,82734581
outdoor-b7622353cf9f,legacy_v1,outdoor,202,100.59999999999643,72.77948205398448,7,3,4,0,7.239447140390059,False,1,2026-09-12T14:24:35.339595+00:00,66957130
indoor-9bce52efb5d2,legacy_v1,indoor,165,82.19999999999854,37.38089259920118,10,4,6,8,1.0,False,18,2026-09-12T14:27:36.648368+00:00,92942534
indoor-f443f3f4710b,legacy_v1,indoor,128,63.89999999999958,29.44005887105419,8,4,4,9,1.0,False,2,2026-09-12T14:28:29.641542+00:00,70655961
indoor-b1596336b9f0,legacy_v1,indoor,224,111.59999999999687,60.251823671119666,17,4,13,9,1.0,False,9,2026-09-12T14:30:44.377751+00:00,231695517
indoor-e019f9c37234,legacy_v1,indoor,192,95.69999999999777,44.12300239248508,12,4,8,8,1.0,False,4,2026-09-12T14:32:17.600130+00:00,129250531
outdoor-f4b30c3802d1,legacy_v1,outdoor,199,99.3999999999965,71.69453592253701,8,4,4,0,7.540623724937834,False,1,2026-09-12T14:33:33.599491+00:00,158750726
outdoor-0dfa88f68903,legacy_v1,outdoor,321,160.40000000000222,114.67780553044264,12,4,8,0,9.418563856384521,True,2,2026-09-12T14:35:36.097527+00:00,117715394
outdoor-fe84bb655298,legacy_v1,outdoor,196,97.79999999999659,87.73013764067004,8,3,5,0,9.19074631107665,True,1,2026-09-12T14:36:47.987440+00:00,68935515
indoor-2cfbc7df9036,legacy_v1,indoor,157,78.29999999999876,38.178954863800335,11,3,8,12,1.0,False,20,2026-09-12T14:42:42.352843+00:00,157477964
outdoor-b5ffc2a5f95e,legacy_v1,outdoor,384,191.60000000000932,146.31805573115926,15,4,11,0,9.553018668875087,True,1,2026-09-12T14:44:50.393269+00:00,126717734
indoor-dead42e926c5,legacy_v1,indoor,227,113.39999999999677,55.6274711877947,18,4,14,9,1.0,False,7,2026-09-12T14:46:48.445156+00:00,147917249
outdoor-ac533dc07d11,legacy_v1,outdoor,89,43.99999999999964,33.773281182201586,3,2,1,0,3.565078293119867,True,1,2026-09-12T14:47:27.710330+00:00,37686552
indoor-063ea1b5048d,legacy_v1,indoor,88,43.80000000000042,24.998810805572752,8,4,4,9,1.0,False,4,2026-09-12T14:48:33.151938+00:00,80655341
outdoor-da9802433084,legacy_v1,outdoor,164,81.59999999999751,59.53465331746755,5,4,1,0,5.566762295739071,False,1,2026-09-12T14:52:14.713091+00:00,66468608
indoor-44a2eae81a7e,legacy_v1,indoor,114,56.69999999999999,26.686787593594122,7,3,4,12,1.0,False,2,2026-09-12T14:53:11.347519+00:00,88187101
outdoor-1e3f16fc6233,legacy_v1,outdoor,116,57.599999999998865,42.111235126729,4,3,1,0,4.600178203129141,False,1,2026-09-12T14:54:00.097921+00:00,73909897
outdoor-e1facde78320,legacy_v1,outdoor,195,96.99999999999663,68.76667347314702,8,3,5,0,6.596998217857932,False,1,2026-09-12T14:55:03.094027+00:00,61696031
indoor-79b3d84ca9c7,legacy_v1,indoor,181,90.29999999999808,53.834836745687205,15,4,11,10,1.0,False,9,2026-09-12T14:57:01.236014+00:00,130898580
outdoor-22b8717a7fbb,legacy_v1,outdoor,248,123.59999999999512,85.57002676653448,10,4,6,0,9.074887994656908,False,1,2026-09-12T14:58:28.364444+00:00,180158044
outdoor-b73689bfa472,legacy_v1,outdoor,223,110.99999999999584,82.70186852180404,7,4,3,0,9.677704007714091,True,1,2026-09-12T15:02:05.594105+00:00,115749285
outdoor-1210a8ee103b,legacy_v1,outdoor,185,92.1999999999969,65.96887579660338,8,3,5,0,6.699903675064615,False,1,2026-09-12T15:03:15.813354+00:00,120918354
outdoor-bdf305cb12d2,legacy_v1,outdoor,108,53.79999999999908,38.22559772376525,5,4,1,0,5.402007537886117,True,1,2026-09-12T15:03:57.750963+00:00,37778176
outdoor-bafa8f875776,legacy_v1,outdoor,188,93.79999999999681,70.94866059690584,6,4,2,0,9.442439046902333,True,1,2026-09-12T15:05:01.731464+00:00,90627005
outdoor-4431db96d4ba,legacy_v1,outdoor,266,132.69999999999592,95.93518038956422,9,4,5,0,9.878910117543992,False,1,2026-09-12T15:06:37.278119+00:00,188855373
outdoor-4d6512c9a1fd,legacy_v1,outdoor,254,126.59999999999495,95.22525294566198,11,4,7,0,8.739434554138793,True,1,2026-09-12T15:08:00.966134+00:00,181273919
indoor-28af9d56fdfb,legacy_v1,indoor,136,67.79999999999936,27.209422210156784,7,4,3,11,1.0,False,3,2026-09-12T15:09:08.584434+00:00,113587915
outdoor-b83b6d96739d,legacy_v1,outdoor,232,115.79999999999556,100.44328778111498,9,3,6,0,6.896876796772937,True,1,2026-09-12T15:10:20.237639+00:00,82227168
outdoor-763e92bfdc82,legacy_v1,outdoor,80,39.59999999999989,28.26800236053161,3,3,0,0,3.578852901250144,True,1,2026-09-12T15:10:55.581563+00:00,77455246
indoor-ae1141059e7b,legacy_v1,indoor,107,53.400000000000176,27.346917917374704,8,4,4,10,1.0,False,11,2026-09-12T15:13:00.291198+00:00,95477245
indoor-02b9c0b40f9b,legacy_v1,indoor,142,70.79999999999919,28.477591585433593,9,4,5,12,1.0,False,6,2026-09-12T15:14:38.294467+00:00,165528811
indoor-feab5b58413d,legacy_v1,indoor,168,83.69999999999845,35.20020657471778,12,4,8,10,1.0,False,6,2026-09-12T15:16:24.880073+00:00,136348159
outdoor-dfaf4643a5c9,legacy_v1,outdoor,215,107.19999999999605,83.21679303779928,7,4,3,0,9.01168812283944,False,1,2026-09-12T15:17:42.132653+00:00,148485188
outdoor-a99c28ff7e54,legacy_v1,outdoor,199,99.3999999999965,70.61469546584131,7,4,3,0,6.994238485741677,False,1,2026-09-12T15:18:47.604842+00:00,112890951
indoor-f000a17c2fe3,legacy_v1,indoor,261,130.1999999999958,58.76327917335986,17,4,13,10,1.0,False,4,2026-09-12T15:23:17.411327+00:00,237781586
indoor-ab279b3c7153,legacy_v1,indoor,82,40.50000000000037,24.61530235170744,6,2,4,11,1.0,False,10,2026-09-12T15:25:05.001666+00:00,67849912
outdoor-860b8a0757f6,legacy_v1,outdoor,102,50.59999999999926,34.42140322609505,4,4,0,0,3.1411561762312337,False,2,2026-09-12T15:25:58.008232+00:00,43453501
outdoor-5d3f9f91fd51,legacy_v1,outdoor,199,98.99999999999652,69.30382897560752,8,3,5,0,7.370114783014022,False,1,2026-09-12T15:27:01.747183+00:00,191532839
outdoor-ae90c6be8751,legacy_v1,outdoor,240,119.59999999999535,84.63138088656497,9,4,5,0,8.567471531735727,False,1,2026-09-12T15:28:19.701294+00:00,80690604
indoor-1fd64df4631a,legacy_v1,indoor,227,113.09999999999678,53.75882235854263,17,4,13,10,1.0,False,16,2026-09-12T15:31:34.374355+00:00,201363617
outdoor-85c057eace5a,legacy_v1,outdoor,247,123.19999999999514,93.05315172858435,8,3,5,0,8.570310360662797,False,1,2026-09-12T15:33:05.135114+00:00,98455454
indoor-651257b0849d,legacy_v1,indoor,194,96.8999999999977,49.06662887010398,15,4,11,11,1.0,False,6,2026-09-12T15:34:55.925491+00:00,166594759
indoor-772d7922334e,legacy_v1,indoor,142,70.79999999999919,30.50857322320834,9,2,7,9,1.0,False,18,2026-09-12T15:38:00.625682+00:00,114218235
indoor-b2eb0651178b,legacy_v1,indoor,188,93.89999999999787,42.11123709295853,13,4,9,10,1.0,False,13,2026-09-12T15:40:59.596016+00:00,175697441
outdoor-c86c72e6e286,legacy_v1,outdoor,73,36.00000000000009,27.808657913756775,2,1,1,0,3.0832514177229218,False,1,2026-09-12T15:41:32.181373+00:00,23560175
outdoor-b98449315843,legacy_v1,outdoor,209,103.99999999999623,75.73922393198018,8,4,4,0,8.41075242650902,False,1,2026-09-12T15:42:46.144147+00:00,131378114
indoor-ddc267ff7a7d,legacy_v1,indoor,190,94.79999999999782,48.33647975658924,14,4,10,12,1.0,False,9,2026-09-12T15:45:11.304372+00:00,200366544
outdoor-da7df504621f,legacy_v1,outdoor,428,213.80000000001436,165.58674620911057,16,4,12,0,8.71119026565081,True,1,2026-09-12T15:47:22.899629+00:00,353500016
indoor-281f1e0fd4e4,legacy_v1,indoor,171,85.19999999999837,46.00738524085127,15,4,11,8,1.0,False,15,2026-09-12T15:50:03.165105+00:00,108372013
outdoor-0a32f5a225cd,legacy_v1,outdoor,251,125.39999999999502,91.951835822509,10,4,6,0,9.870937894539079,True,2,2026-09-12T15:51:40.242287+00:00,98745505
indoor-4a90ac8c0f29,legacy_v1,indoor,129,64.19999999999956,41.301419255477256,13,4,9,10,1.0,False,3,2026-09-12T15:52:47.665526+00:00,123398561
indoor-a880384c3a9c,legacy_v1,indoor,156,77.6999999999988,35.705450796384234,10,4,6,8,1.0,False,12,2026-09-12T15:55:19.705580+00:00,165013818
outdoor-0f2fa9dd5cd0,legacy_v1,outdoor,193,95.99999999999669,70.8471437429665,8,3,5,0,5.27654208303863,True,1,2026-09-12T15:56:20.482148+00:00,64230251
outdoor-6a7bfc41b46c,legacy_v1,outdoor,203,101.29999999999639,87.59190726354417,8,3,5,0,8.999120469136628,True,1,2026-09-12T15:57:27.002330+00:00,158723361
outdoor-5ad883e29d6a,legacy_v1,outdoor,169,83.99999999999737,67.37093745620601,7,3,4,0,4.691737975155839,True,1,2026-09-12T15:58:25.483780+00:00,72816046
outdoor-04a139dda0a9,legacy_v1,outdoor,348,173.60000000000522,128.3713426652463,14,4,10,0,9.948765916569165,True,1,2026-09-12T16:00:10.545317+00:00,125802250
outdoor-fda24c86a72b,legacy_v1,outdoor,271,135.1999999999965,92.17859725465141,9,4,5,0,9.279260061793345,False,1,2026-09-12T16:01:42.727582+00:00,96742716
indoor-4781e8bf01ba,legacy_v1,indoor,269,134.0999999999956,54.92887907909645,16,4,12,8,1.0,False,1,2026-09-12T16:03:16.845052+00:00,310492269
outdoor-190131ac1a28,legacy_v1,outdoor,163,81.39999999999752,60.14775911186273,5,3,2,0,8.297164214871108,True,1,2026-09-12T16:07:02.408607+00:00,116527603
outdoor-b23e9888334e,legacy_v1,outdoor,272,135.59999999999658,99.35593814052172,9,4,5,0,9.623853655585815,False,1,2026-09-12T16:08:42.691662+00:00,106900248
indoor-9640efdedbc2,legacy_v1,indoor,112,55.80000000000004,24.562345185852948,8,4,4,9,1.0,False,4,2026-09-12T16:09:55.457663+00:00,108230929
outdoor-ddf884ee068d,legacy_v1,outdoor,219,109.19999999999594,88.13942470729117,10,4,6,0,6.6946980340095745,True,1,2026-09-12T16:11:06.899009+00:00,131378246
indoor-388a9980a1d2,legacy_v1,indoor,180,89.69999999999811,29.354519344269796,8,4,4,8,1.0,False,4,2026-09-12T16:12:46.179515+00:00,167401904
indoor-3f37961ea6dc,legacy_v1,indoor,227,113.39999999999677,45.45894461633768,15,4,11,10,1.0,False,1,2026-09-12T16:14:13.437780+00:00,176968527
outdoor-2a3449981ed0,legacy_v1,outdoor,252,125.59999999999502,93.99853557569148,10,4,6,0,6.12291605546206,True,1,2026-09-12T16:15:43.266201+00:00,116892448
indoor-5afc9c2851f7,legacy_v1,indoor,137,68.39999999999932,29.340680903502456,9,4,5,9,1.0,False,10,2026-09-12T16:17:39.102448+00:00,111635086
outdoor-67628af566ef,legacy_v1,outdoor,137,68.19999999999827,49.89477452368581,4,3,1,0,4.575468615824052,False,1,2026-09-12T16:18:23.110924+00:00,83609240
indoor-786e8efa18d3,legacy_v1,indoor,109,54.00000000000014,21.386602816249415,7,4,3,8,1.0,False,4,2026-09-12T16:19:37.583418+00:00,77133438
outdoor-bd1ebb910a6a,legacy_v1,outdoor,266,132.79999999999595,103.29080780198171,11,4,7,0,7.798796180649626,True,1,2026-09-12T16:21:04.849421+00:00,207737794
outdoor-98f5f3fa0df6,legacy_v1,outdoor,149,74.19999999999793,64.30388165971169,7,4,3,0,3.6477411214892737,True,1,2026-09-12T16:21:55.472446+00:00,48562843
outdoor-c3678ae4bc59,legacy_v1,outdoor,125,62.1999999999986,46.1705771077916,6,3,3,0,4.949372028080049,False,1,2026-09-12T16:22:39.464832+00:00,41267041
outdoor-f2ea640af276,legacy_v1,outdoor,242,120.59999999999529,98.93640011129355,9,4,5,0,7.7530733843833355,True,1,2026-09-12T16:23:59.263316+00:00,133179744
indoor-b13be79b6bbe,legacy_v1,indoor,130,64.79999999999953,33.27357457233781,9,3,6,10,1.0,False,2,2026-09-12T16:24:57.011081+00:00,100807426
outdoor-7c930fea324b,legacy_v1,outdoor,146,72.59999999999802,55.27293536475014,7,3,4,0,6.00173487405494,False,1,2026-09-12T16:25:48.992047+00:00,46880534
indoor-e74768ce1e29,legacy_v1,indoor,209,104.39999999999728,48.9600294672834,16,3,13,8,1.0,False,9,2026-09-12T16:27:58.074026+00:00,180702189
outdoor-fd9c6d3d11ef,legacy_v1,outdoor,249,124.39999999999507,90.83142481276973,9,3,6,0,9.670549835394667,False,1,2026-09-12T16:29:23.172029+00:00,88171702
indoor-8889659055d1,legacy_v1,indoor,96,47.70000000000047,20.956602005237926,5,3,2,12,1.0,False,11,2026-09-12T16:31:27.726713+00:00,76519389
outdoor-90d48050aee8,legacy_v1,outdoor,150,74.7999999999979,57.202424547413386,7,4,3,0,5.603838792188404,False,1,2026-09-12T16:32:20.794428+00:00,140829651
indoor-c66bc99e1e28,legacy_v1,indoor,72,35.7000000000003,26.630384284612333,8,3,5,10,1.0,False,18,2026-09-12T16:34:51.250629+00:00,74613950
indoor-dec6392e4117,legacy_v1,indoor,107,53.400000000000176,20.631835355905768,5,3,2,11,1.0,False,13,2026-09-12T16:37:22.728580+00:00,91069512
outdoor-06696fa69542,legacy_v1,outdoor,162,80.59999999999758,68.56881505608602,8,4,4,0,3.882581373671915,True,1,2026-09-12T16:38:21.988417+00:00,84874763
outdoor-f94ce5e47215,legacy_v1,outdoor,265,132.39999999999586,92.84045426044065,10,3,7,0,7.396747497890955,True,1,2026-09-12T16:39:46.990735+00:00,144023948
indoor-0c95a58fccbc,legacy_v1,indoor,223,111.29999999999688,51.28548424008711,14,4,10,8,1.0,False,8,2026-09-12T16:44:36.560860+00:00,184793284
indoor-f910e6384570,legacy_v1,indoor,119,59.09999999999985,33.651313868758464,9,3,6,11,1.0,False,1,2026-09-12T16:45:29.132393+00:00,94626976
indoor-910d53167505,legacy_v1,indoor,118,58.79999999999987,25.68042773826619,8,4,4,12,1.0,False,9,2026-09-12T16:47:13.936349+00:00,78118389
indoor-077dca0db693,legacy_v1,indoor,147,73.19999999999905,28.638558617334148,10,4,6,12,1.0,False,2,2026-09-12T16:48:25.184484+00:00,110832957
outdoor-baa11ede697c,legacy_v1,outdoor,313,156.00000000000122,117.28500135541948,13,4,9,0,8.869728967159082,True,2,2026-09-12T16:50:29.310382+00:00,258422629
outdoor-2907ba90f595,legacy_v1,outdoor,211,105.39999999999615,80.4669918521914,7,3,4,0,7.052501243912023,True,3,2026-09-12T16:51:57.475353+00:00,80706535
outdoor-28304666d744,legacy_v1,outdoor,141,70.39999999999814,53.07732877487431,4,3,1,0,5.624630016005695,False,1,2026-09-12T16:52:45.348401+00:00,47351116
indoor-398b0083bdca,legacy_v1,indoor,181,89.9999999999981,26.796278889088793,9,4,5,9,1.0,False,13,2026-09-12T16:55:36.074487+00:00,170972690
outdoor-3efebb35d46c,legacy_v1,outdoor,280,139.5999999999975,94.30060035285676,10,4,6,0,9.3529783583027,False,1,2026-09-12T16:59:54.997090+00:00,119287486
outdoor-477594261b1d,legacy_v1,outdoor,253,125.99999999999498,93.54733952658579,10,4,6,0,9.364411111719743,False,1,2026-09-12T17:01:23.818247+00:00,196269593
outdoor-bde3e6cc7f8e,legacy_v1,outdoor,164,81.7999999999975,64.48360571963666,5,2,3,0,5.812748655379564,True,1,2026-09-12T17:02:20.082486+00:00,115738849
indoor-ab2fab77e823,legacy_v1,indoor,183,91.19999999999803,39.65878383472693,13,4,9,8,1.0,False,2,2026-09-12T17:03:36.771802+00:00,189201423
indoor-d8c99c796bf4,legacy_v1,indoor,120,59.69999999999982,20.070684985682316,6,3,3,9,1.0,False,6,2026-09-12T17:05:00.857175+00:00,120304096
outdoor-cb2bb49a25e5,legacy_v1,outdoor,108,53.79999999999908,41.26967318400327,4,3,1,0,3.7735586281364886,False,2,2026-09-12T17:06:12.639224+00:00,40647777
outdoor-0bf86a6b0888,legacy_v1,outdoor,144,71.79999999999806,54.13204111604543,6,3,3,0,4.280089323268016,True,1,2026-09-12T17:07:03.950112+00:00,93294065
indoor-70c698f79677,legacy_v1,indoor,120,59.69999999999982,26.444947868423583,8,4,4,11,1.0,False,12,2026-09-12T17:09:07.228438+00:00,103321936
outdoor-3988f28e627a,legacy_v1,outdoor,123,60.99999999999867,46.60183643268394,6,3,3,0,4.3821158707228856,True,1,2026-09-12T17:09:52.501418+00:00,49213922
outdoor-e30fb975ad9a,legacy_v1,outdoor,109,53.99999999999907,43.5102420506742,4,3,1,0,3.2038464374221016,True,2,2026-09-12T17:10:40.785361+00:00,77410992
indoor-19c322341631,legacy_v1,indoor,169,84.29999999999842,39.31006829918976,11,4,7,9,1.0,False,1,2026-09-12T17:11:50.408926+00:00,170466136
indoor-969a9e962e60,legacy_v1,indoor,223,111.29999999999688,50.96401754337697,14,4,10,12,1.0,False,1,2026-09-12T17:13:13.369853+00:00,186717545
indoor-fe3a28f7c7b5,legacy_v1,indoor,32,15.60000000000002,22.22934848848635,8,4,4,11,1.0,False,8,2026-09-12T17:17:03.657048+00:00,27578258
outdoor-d95099299918,legacy_v1,outdoor,167,82.99999999999743,60.44246492570344,6,4,2,0,5.7387909458748965,False,1,2026-09-12T17:17:56.363826+00:00,133196364
indoor-6e68382c1cc6,legacy_v1,indoor,109,54.00000000000014,30.729994529845865,8,3,5,12,1.0,False,4,2026-09-12T17:19:05.096401+00:00,80411031
indoor-1ddd814002ba,legacy_v1,indoor,174,86.54999999999829,26.38355637358298,7,4,3,8,1.0,False,9,2026-09-12T17:21:08.517129+00:00,108549088
outdoor-d9bb7080b2e6,legacy_v1,outdoor,181,90.19999999999702,65.23378234498865,7,3,4,0,6.531700113056195,False,1,2026-09-12T17:22:05.689637+00:00,105267317
indoor-46613f1ea8bb,legacy_v1,indoor,107,53.400000000000176,24.790836607034585,6,2,4,10,1.0,False,3,2026-09-12T17:23:07.491916+00:00,95595978
indoor-a2eb45926663,legacy_v1,indoor,113,56.10000000000002,29.286844987202358,8,3,5,12,1.0,False,2,2026-09-12T17:24:02.139733+00:00,128786513
indoor-e9684d6f519f,legacy_v1,indoor,119,59.399999999999835,22.252029661730802,6,3,3,12,1.0,False,3,2026-09-12T17:25:08.176563+00:00,95594836
outdoor-6d7875173d11,legacy_v1,outdoor,167,82.99999999999743,64.07317463955596,7,3,4,0,5.363743538872728,True,1,2026-09-12T17:25:59.731769+00:00,96158363
outdoor-b98523916eed,legacy_v1,outdoor,125,61.999999999998614,64.68117517109184,7,4,3,0,4.642523933189297,True,1,2026-09-12T17:26:48.924241+00:00,69299115
outdoor-1a1cce526dac,legacy_v1,outdoor,73,36.40000000000007,22.70466396592312,3,3,0,0,3.534913135481287,True,1,2026-09-12T17:29:47.451909+00:00,30039817
indoor-436d06db9959,legacy_v1,indoor,116,57.59999999999994,23.571199252420527,6,3,3,11,1.0,False,3,2026-09-12T17:30:59.818900+00:00,107907483
outdoor-230378501d85,legacy_v1,outdoor,228,113.79999999999568,88.49702490863844,9,4,5,0,8.367427726257645,False,1,2026-09-12T17:32:14.231204+00:00,72512615
outdoor-a372354f3151,legacy_v1,outdoor,151,75.39999999999786,59.9841130715694,5,4,1,0,4.307841090380272,True,2,2026-09-12T17:33:05.783779+00:00,89192831
indoor-81381747cfe6,legacy_v1,indoor,197,98.09999999999764,41.75445863740276,13,4,9,10,1.0,False,1,2026-09-12T17:34:12.533035+00:00,109563466
indoor-8fc230434cb5,legacy_v1,indoor,106,52.50000000000023,25.289992164521138,9,4,5,8,1.0,False,2,2026-09-12T17:35:03.722840+00:00,89624897
indoor-88a11dd972fa,legacy_v1,indoor,103,51.00000000000031,22.21290959731968,8,4,4,10,1.0,False,3,2026-09-12T17:35:59.327150+00:00,88789771
indoor-117d610103ce,legacy_v1,indoor,206,102.89999999999736,47.27987697761012,13,4,9,11,1.0,False,6,2026-09-12T17:37:41.831417+00:00,162555318
outdoor-1a45e3e69007,legacy_v1,outdoor,110,54.599999999999035,39.94777269502981,5,4,1,0,3.633573749011062,True,1,2026-09-12T17:38:28.794878+00:00,49209005
outdoor-102646646c60,legacy_v1,outdoor,228,113.59999999999569,78.60166452711165,9,4,5,0,6.713162222977502,True,1,2026-09-12T17:39:40.445373+00:00,134904977
outdoor-6be76a006af6,legacy_v1,outdoor,282,140.79999999999777,111.33024684050531,12,4,8,0,9.912040269695524,True,1,2026-09-12T17:41:13.624669+00:00,196967835
indoor-4c940a21efa5,legacy_v1,indoor,118,58.79999999999987,23.76695457436417,7,4,3,9,1.0,False,12,2026-09-12T17:43:20.324736+00:00,84757397
indoor-f669316e8f58,legacy_v1,indoor,196,97.49999999999767,38.80747259778762,12,4,8,8,1.0,False,12,2026-09-12T17:45:40.017258+00:00,100859635
indoor-e075af657739,legacy_v1,indoor,73,36.30000000000031,36.13074997913812,11,4,7,11,1.0,False,19,2026-09-12T17:48:15.523753+00:00,58572702
indoor-4372a6245f34,legacy_v1,indoor,263,131.09999999999576,52.44555998427624,15,3,12,10,1.0,False,1,2026-09-12T17:50:05.143094+00:00,222405238
outdoor-30db086b01c7,legacy_v1,outdoor,115,57.399999999998876,39.831378565103996,5,2,3,0,4.279198003488606,False,1,2026-09-12T17:50:48.437531+00:00,48416082
indoor-6b982070f681,legacy_v1,indoor,118,58.79999999999987,21.96833642416835,6,3,3,12,1.0,False,2,2026-09-12T17:51:43.343211+00:00,114636422
indoor-77f6f7b8cdaf,legacy_v1,indoor,127,62.99999999999963,26.433518503246177,8,4,4,11,1.0,False,7,2026-09-12T17:53:11.856492+00:00,112050938
indoor-02c9b302f55b,legacy_v1,indoor,253,125.99999999999605,56.59615157619655,17,4,13,9,1.0,False,9,2026-09-12T17:55:29.013430+00:00,171424206
outdoor-b8d5872e1b60,legacy_v1,outdoor,182,90.79999999999698,66.55131654216802,6,3,3,0,6.745050894169186,False,1,2026-09-12T17:56:31.305652+00:00,90955050
outdoor-abe7d351003d,legacy_v1,outdoor,144,71.59999999999808,52.05430093365478,5,3,2,0,5.111819804399575,True,2,2026-09-12T17:57:43.331535+00:00,117596837
outdoor-e76dbeeb5feb,legacy_v1,outdoor,211,105.19999999999617,77.33163987110947,9,4,5,0,7.176901823391305,True,2,2026-09-12T17:59:01.153819+00:00,71419693
outdoor-50fad5c372aa,legacy_v1,outdoor,183,91.19999999999696,74.39184373262347,6,3,3,0,7.308558122115622,True,1,2026-09-12T18:00:02.921921+00:00,132285791
outdoor-a536ba704d73,legacy_v1,outdoor,304,151.60000000000022,112.3010936165632,12,4,8,0,7.683190767392764,True,1,2026-09-12T18:01:34.746896+00:00,295623723
outdoor-9ebc9fa419a6,legacy_v1,outdoor,91,45.39999999999956,32.59713152205492,4,3,1,0,3.4285908841194317,True,2,2026-09-12T18:02:19.658477+00:00,49078217
outdoor-a7b12b031af8,legacy_v1,outdoor,133,66.39999999999837,53.86261218525254,5,4,1,0,5.226139037227098,True,1,2026-09-12T18:05:43.533130+00:00,56591847
indoor-9a3a9ac7912d,legacy_v1,indoor,83,41.40000000000039,21.915934281309063,6,3,3,8,1.0,False,5,2026-09-12T18:07:00.728545+00:00,80664279
outdoor-c307bbd9a16b,legacy_v1,outdoor,220,109.59999999999592,79.7830425569156,9,3,6,0,7.991084200486457,False,1,2026-09-12T18:08:09.441379+00:00,67730734
outdoor-4317086048a1,legacy_v1,outdoor,238,118.5999999999954,79.73283323773629,9,3,6,0,8.56072373961088,False,1,2026-09-12T18:09:28.641524+00:00,84760209
outdoor-59adcea17add,legacy_v1,outdoor,171,85.19999999999729,72.74112723883579,7,3,4,0,4.690537029853188,True,1,2026-09-12T18:10:22.919408+00:00,61995825
indoor-0b26e8f91ccf,legacy_v1,indoor,131,65.3999999999995,29.832380781331075,9,4,5,10,1.0,False,4,2026-09-12T18:14:11.587996+00:00,162776391
indoor-ed2520eb05c4,legacy_v1,indoor,119,59.09999999999985,25.51251251013666,9,4,5,12,1.0,False,7,2026-09-12T18:15:45.043442+00:00,107143449
indoor-f800ee38f081,legacy_v1,indoor,151,75.29999999999893,28.545985037343762,9,3,6,11,1.0,False,2,2026-09-12T18:16:45.455790+00:00,117915715
indoor-de247554fbf9,legacy_v1,indoor,176,87.59999999999823,33.1400684684445,10,4,6,9,1.0,False,1,2026-09-12T18:17:51.008534+00:00,131298936
indoor-519ccfb0477b,legacy_v1,indoor,159,79.3499999999987,26.589741816545395,7,4,3,10,1.0,False,5,2026-09-12T18:19:23.357957+00:00,98472429
outdoor-5cbf3f6202ff,legacy_v1,outdoor,157,77.99999999999771,64.15837501052874,6,3,3,0,5.585331609054821,True,2,2026-09-12T18:20:35.847121+00:00,102261519
indoor-6b6ec7865d79,legacy_v1,indoor,78,38.700000000000344,25.49544629801246,9,4,5,12,1.0,False,1,2026-09-12T18:21:15.373916+00:00,84953749
outdoor-b4cb2b284fc3,legacy_v1,outdoor,237,118.39999999999542,88.9460718377375,10,4,6,0,9.111734856388072,False,1,2026-09-12T18:22:36.186466+00:00,117735817
outdoor-8adf8a0bc7c3,legacy_v1,outdoor,177,87.99999999999714,60.336684046400556,7,4,3,0,7.433179271556128,True,1,2026-09-12T18:23:34.892516+00:00,88180199
indoor-112f83e98b38,legacy_v1,indoor,175,86.99999999999827,40.00508901822643,11,4,7,10,1.0,False,5,2026-09-12T18:27:24.552281+00:00,137995934
outdoor-667ec32c6df5,legacy_v1,outdoor,87,42.999999999999694,34.38573398752748,3,2,1,0,3.378165814796022,True,1,2026-09-12T18:27:56.416438+00:00,49843902
indoor-e788002d2eb3,legacy_v1,indoor,134,66.59999999999943,27.415199080038626,8,4,4,8,1.0,False,1,2026-09-12T18:28:55.189138+00:00,127325774
indoor-a17a43fd0960,legacy_v1,indoor,94,46.800000000000466,30.148993288720654,8,3,5,8,1.0,False,6,2026-09-12T18:30:19.394239+00:00,58002259
indoor-7a8eda2c22c4,legacy_v1,indoor,188,93.89999999999787,35.83713674091295,12,4,8,11,1.0,False,7,2026-09-12T18:32:16.700546+00:00,174223867
indoor-b7df79fc8317,legacy_v1,indoor,221,110.39999999999694,49.00403098004998,16,4,12,9,1.0,False,2,2026-09-12T18:33:31.985740+00:00,167515118
outdoor-5db24bf9a266,legacy_v1,outdoor,143,71.39999999999809,51.42972551341298,5,4,1,0,5.417563428520614,False,1,2026-09-12T18:34:20.889969+00:00,46517622
indoor-1b111f71b7bb,legacy_v1,indoor,143,71.39999999999915,29.939681090919358,8,3,5,8,1.0,False,20,2026-09-12T18:37:31.170565+00:00,92403214
indoor-113491589cf0,legacy_v1,indoor,100,49.80000000000038,23.9430322042942,7,4,3,11,1.0,False,15,2026-09-12T18:40:03.851630+00:00,106818083
indoor-e35ab4876c04,legacy_v1,indoor,127,62.99999999999963,24.79676129998527,8,2,6,10,1.0,False,7,2026-09-12T18:41:40.052421+00:00,142337390
outdoor-823c7ef05949,legacy_v1,outdoor,86,42.799999999999706,35.875607635985546,3,1,2,0,3.3301922071410077,True,1,2026-09-12T18:42:16.175152+00:00,48973979
indoor-f93e6c0d74b6,legacy_v1,indoor,119,59.09999999999985,24.89976952660774,7,4,3,12,1.0,False,18,2026-09-12T18:45:19.167889+00:00,80803136
outdoor-35b90cb0ddae,legacy_v1,outdoor,95,47.199999999999456,33.31534694431899,3,3,0,0,3.15724176038436,False,1,2026-09-12T18:45:53.503460+00:00,32106408
indoor-b287c36be324,legacy_v1,indoor,222,110.69999999999692,45.862614923734775,13,4,9,9,1.0,False,3,2026-09-12T18:47:26.938071+00:00,165815069
outdoor-1873be7bc578,legacy_v1,outdoor,129,64.1999999999985,50.33549222207844,4,3,1,0,4.929256000045912,False,1,2026-09-12T18:48:16.453750+00:00,62519455
outdoor-99acc3aa8eee,legacy_v1,outdoor,198,98.79999999999653,73.92756744166645,6,4,2,0,7.989058406423494,False,1,2026-09-12T18:49:21.396935+00:00,137699887
indoor-2dd35be53748,legacy_v1,indoor,130,64.49999999999955,28.181289658058407,7,3,4,11,1.0,False,6,2026-09-12T18:50:48.525279+00:00,123958309
outdoor-b61fcea87472,legacy_v1,outdoor,323,161.4000000000024,100.97605505668545,9,3,6,0,9.642932056699458,True,2,2026-09-12T18:52:40.775250+00:00,170718520
outdoor-e8bfd00b3e68,legacy_v1,outdoor,110,54.599999999999035,42.427383896643846,3,3,0,0,3.798107758567788,True,1,2026-09-12T18:53:21.305959+00:00,37846370
indoor-7b5c152d234a,legacy_v1,indoor,181,90.29999999999808,37.69974736476154,12,4,8,9,1.0,False,3,2026-09-12T18:54:49.980763+00:00,170509134
outdoor-7630d29d7480,legacy_v1,outdoor,226,112.59999999999575,84.26310989121893,9,4,5,0,9.146307032867266,False,1,2026-09-12T18:56:05.329477+00:00,111211297
outdoor-1ff0a7a6125b,legacy_v1,outdoor,83,41.399999999999785,34.66014165332746,2,2,0,0,3.2934431783800964,False,1,2026-09-12T18:56:38.840952+00:00,27257958
outdoor-34f696b370a4,legacy_v1,outdoor,189,94.39999999999678,67.90450337567552,6,3,3,0,5.89844514824121,True,1,2026-09-12T18:57:41.844573+00:00,102085226
outdoor-788ef523f8ea,legacy_v1,outdoor,145,72.19999999999804,47.82766262642811,5,4,1,0,6.092217786331279,True,1,2026-09-12T18:58:38.449965+00:00,60877316
outdoor-c2d696e15764,legacy_v1,outdoor,91,44.99999999999958,39.267494566781444,5,2,3,0,3.8894331378661473,False,1,2026-09-12T18:59:16.174698+00:00,45914684
indoor-1e3d6102f030,legacy_v1,indoor,188,93.89999999999787,43.57949235155782,13,4,9,10,1.0,False,6,2026-09-12T19:00:54.362722+00:00,100038739
indoor-6ae26c9ca079,legacy_v1,indoor,136,67.79999999999936,27.488106832583497,9,3,6,10,1.0,False,6,2026-09-12T19:02:33.901393+00:00,133870354
indoor-e6e4a3c96a70,legacy_v1,indoor,100,49.80000000000038,22.738811775438535,8,4,4,9,1.0,False,5,2026-09-12T19:03:47.332637+00:00,88867661
indoor-5cb9111abcaa,legacy_v1,indoor,89,44.40000000000043,23.181206189204268,6,3,3,11,1.0,False,7,2026-09-12T19:05:10.418813+00:00,104787737
outdoor-ca98a4f5f21f,legacy_v1,outdoor,81,40.39999999999984,31.76336136116225,3,2,1,0,3.3177391765557203,True,1,2026-09-12T19:05:43.923999+00:00,27652306
outdoor-9c33deae62b1,legacy_v1,outdoor,194,96.59999999999665,72.01141255653562,8,3,5,0,6.841084552276702,False,1,2026-09-12T19:06:48.321835+00:00,150068277
indoor-6e9936a11cc9,legacy_v1,indoor,136,67.49999999999937,34.34606832606181,9,4,5,8,1.0,False,17,2026-09-12T19:09:35.060368+00:00,141602351
indoor-89968fa6e1d8,legacy_v1,indoor,107,53.10000000000019,23.459148463825965,7,4,3,12,1.0,False,1,2026-09-12T19:10:21.027228+00:00,91771072
outdoor-ba2e1e50847a,legacy_v1,outdoor,133,66.19999999999838,50.69318728454152,4,2,2,0,5.070744819651789,False,1,2026-09-12T19:11:10.593254+00:00,55246645
outdoor-fb5bc8d95715,legacy_v1,outdoor,178,88.7999999999971,61.75346841646324,7,4,3,0,6.387967401828183,False,1,2026-09-12T19:12:14.508038+00:00,88027184
outdoor-9b8dec2d1703,legacy_v1,outdoor,223,111.39999999999581,83.15653733331389,7,3,4,0,9.170222395315216,False,1,2026-09-12T19:13:30.614401+00:00,134716716
indoor-21cd29b07d88,legacy_v1,indoor,128,63.599999999999596,24.710726846439208,7,3,4,9,1.0,False,13,2026-09-12T19:15:48.747617+00:00,105246487
indoor-1b43e7970ebb,legacy_v1,indoor,160,79.64999999999868,30.940253953803193,10,4,6,12,1.0,False,1,2026-09-12T19:16:49.265205+00:00,134639882
indoor-3c07ab4e3630,legacy_v1,indoor,129,64.19999999999956,37.10996234983209,12,4,8,9,1.0,False,9,2026-09-12T19:18:43.915948+00:00,100621022
outdoor-da44e8c8003f,legacy_v1,outdoor,85,42.19999999999974,32.7799643105711,4,4,0,0,3.579581563621875,True,1,2026-09-12T19:19:21.535314+00:00,40558713
indoor-e4a41d29b845,legacy_v1,indoor,94,46.800000000000466,21.28637074368752,6,4,2,9,1.0,False,1,2026-09-12T19:20:02.880916+00:00,97300305
indoor-7191931925af,legacy_v1,indoor,115,56.99999999999997,26.670965629623044,8,4,4,10,1.0,False,3,2026-09-12T19:21:07.381603+00:00,110082646
outdoor-06132c86bb7b,legacy_v1,outdoor,205,102.39999999999633,75.82049330540616,7,2,5,0,7.5106779380308994,False,1,2026-09-12T19:22:10.052757+00:00,116884992
indoor-37bbf001fe32,legacy_v1,indoor,94,46.500000000000455,31.437802246580862,8,3,5,8,1.0,False,4,2026-09-12T19:23:18.765935+00:00,98069672
outdoor-ee3b72289efa,legacy_v1,outdoor,162,80.79999999999755,57.724308186829894,6,3,3,0,5.403875237355803,False,1,2026-09-12T19:24:12.199654+00:00,51642584
indoor-7b07bb368d29,legacy_v1,indoor,215,107.3999999999971,48.80690886263261,16,4,12,10,1.0,False,9,2026-09-12T19:26:24.644327+00:00,154071833
outdoor-8a98602ebb18,legacy_v1,outdoor,98,48.49999999999938,30.146317534603916,4,2,2,0,3.663018845818143,True,1,2026-09-12T19:27:01.614713+00:00,44823725
indoor-5f3a8c0a455a,legacy_v1,indoor,113,56.400000000000006,30.846812657742916,8,4,4,10,1.0,False,3,2026-09-12T19:28:03.973604+00:00,93043915
outdoor-630c6c0a576f,legacy_v1,outdoor,301,150.09999999999985,115.10677949235651,12,4,8,0,7.330750937100431,True,1,2026-09-12T19:29:40.124098+00:00,106526259
indoor-d570adcb86fc,legacy_v1,indoor,171,85.19999999999837,35.922454244403184,10,4,6,8,1.0,False,2,2026-09-12T19:30:52.626319+00:00,159906781
outdoor-9c2407efcfd8,legacy_v1,outdoor,128,63.79999999999851,45.346200746283124,6,4,2,0,4.125960047934722,False,1,2026-09-12T19:31:38.964912+00:00,64961142
outdoor-ba44b421d53b,legacy_v1,outdoor,222,110.59999999999586,80.248956004245,8,4,4,0,8.879556038697853,False,1,2026-09-12T19:32:48.329913+00:00,72215479
indoor-0b33a7c2ea78,legacy_v1,indoor,205,102.2999999999974,55.712408209827345,17,4,13,9,1.0,False,2,2026-09-12T19:34:03.478316+00:00,171586730
outdoor-2fd94d253620,legacy_v1,outdoor,279,138.99999999999736,104.44436941653788,9,4,5,0,7.3900420567416765,True,1,2026-09-12T19:35:30.372821+00:00,220457012
indoor-c55a73cedba6,legacy_v1,indoor,123,61.19999999999973,24.97000213117002,8,4,4,10,1.0,False,8,2026-09-12T19:37:08.383876+00:00,120631009
outdoor-609cac54d4a7,legacy_v1,outdoor,128,63.79999999999851,66.83667811515197,6,3,3,0,3.263930697397788,True,1,2026-09-12T19:37:57.092540+00:00,126189434
outdoor-8d6973874b56,legacy_v1,outdoor,98,48.599999999999376,37.29503386438182,3,3,0,0,3.9516316940338987,False,1,2026-09-12T19:38:33.567085+00:00,47942784
indoor-9f106b18f960,legacy_v1,indoor,166,82.7999999999985,38.64533483466778,12,3,9,8,1.0,False,20,2026-09-12T19:42:07.752178+00:00,113355237
outdoor-afd95e67b042,legacy_v1,outdoor,176,87.59999999999717,66.69507118014445,8,4,4,0,7.029133008442246,False,1,2026-09-12T19:43:09.984392+00:00,126833201
indoor-d4830a8360e2,legacy_v1,indoor,111,55.200000000000074,21.03585125696262,5,3,2,11,1.0,False,16,2026-09-12T19:45:50.310122+00:00,80879050
outdoor-ef04f1ab0cb9,legacy_v1,outdoor,229,113.99999999999567,92.69451469865281,9,4,5,0,5.878406835006541,True,4,2026-09-12T19:47:28.070553+00:00,96131243
outdoor-4bcf056c41b8,legacy_v1,outdoor,91,45.19999999999957,37.665736481492935,3,2,1,0,4.08692837701862,False,1,2026-09-12T19:50:25.767061+00:00,45506166
indoor-58bd7d16c7ee,legacy_v1,indoor,46,22.500000000000117,20.81717827936554,6,3,3,10,1.0,False,11,2026-09-12T19:52:16.563158+00:00,28667066
outdoor-2348dfc7d0f7,legacy_v1,outdoor,143,70.99999999999811,52.74799397725468,6,3,3,0,4.690616175036258,True,2,2026-09-12T19:53:14.177504+00:00,54151627
indoor-c0990a459608,legacy_v1,indoor,157,78.29999999999876,34.30514273333388,9,4,5,12,1.0,False,1,2026-09-12T19:54:21.235794+00:00,152174015
outdoor-8b973fd3a513,legacy_v1,outdoor,224,111.5999999999958,84.17717218664117,7,4,3,0,8.264259530372676,False,1,2026-09-12T19:55:39.596634+00:00,89923908
outdoor-b9e6ba6961aa,legacy_v1,outdoor,134,66.79999999999835,57.864402544842555,6,4,2,0,4.8006253149442895,True,3,2026-09-12T19:57:11.068976+00:00,59430645
indoor-7cb4f56df176,legacy_v1,indoor,95,47.10000000000046,22.242075914417168,8,4,4,8,1.0,False,14,2026-09-12T19:59:40.812200+00:00,60472901
indoor-0f137463f455,legacy_v1,indoor,218,108.89999999999702,50.694427245987676,16,4,12,12,1.0,False,3,2026-09-12T20:01:06.437883+00:00,145186960
indoor-f42538a1e5ee,legacy_v1,indoor,278,138.59999999999533,59.68306387210767,17,4,13,9,1.0,False,6,2026-09-12T20:03:24.942013+00:00,239633274
outdoor-0bf2a940b451,legacy_v1,outdoor,120,59.59999999999875,44.90648829041811,3,2,1,0,4.1059786252007875,False,1,2026-09-12T20:04:11.689509+00:00,64628508
indoor-88ccdf670ff6,legacy_v1,indoor,140,69.59999999999926,34.70206201281111,9,4,5,11,1.0,False,9,2026-09-12T20:06:14.542009+00:00,155652815
indoor-3acbfe73f07d,legacy_v1,indoor,131,65.09999999999951,34.52025979906699,10,4,6,10,1.0,False,3,2026-09-12T20:07:19.483937+00:00,86706546
indoor-5e7d3efdc4b7,legacy_v1,indoor,225,112.19999999999683,55.168107421817204,16,4,12,10,1.0,False,6,2026-09-12T20:09:06.815924+00:00,146296492
outdoor-d86618e2d1b3,legacy_v1,outdoor,129,64.39999999999849,51.19349794689614,5,3,2,0,4.675375871859433,False,2,2026-09-12T20:12:03.027369+00:00,61090342
outdoor-2216a432a1f1,legacy_v1,outdoor,134,66.59999999999836,49.42352793061767,5,3,2,0,5.33139020518974,False,1,2026-09-12T20:12:50.104795+00:00,92298381
outdoor-96f757bd7ddf,legacy_v1,outdoor,337,168.40000000000404,131.54187648423692,12,4,8,0,9.917308854439462,True,2,2026-09-12T20:14:45.569322+00:00,263907630
indoor-c68d49b68fee,legacy_v1,indoor,185,92.09999999999798,47.89913911555411,13,4,9,12,1.0,False,12,2026-09-12T20:17:11.045239+00:00,150999505
indoor-fcb4667995b7,legacy_v1,indoor,127,62.99999999999963,27.113595618303066,8,4,4,10,1.0,False,6,2026-09-12T20:18:40.714647+00:00,98324875
outdoor-9c35793cda22,legacy_v1,outdoor,179,88.99999999999709,67.21002559331417,7,3,4,0,6.220002071788974,False,1,2026-09-12T20:19:39.721718+00:00,57286565
indoor-6ff0c1a84a7a,legacy_v1,indoor,116,57.89999999999992,23.748973855474922,6,2,4,10,1.0,False,4,2026-09-12T20:20:50.794184+00:00,71689441
indoor-98a8b88d22c6,legacy_v1,indoor,270,134.69999999999555,55.77861355479406,18,4,14,10,1.0,False,1,2026-09-12T20:22:32.819334+00:00,233670090
outdoor-84a76005c5cf,legacy_v1,outdoor,79,39.19999999999991,32.414597666926504,2,1,1,0,3.1717827103914287,False,1,2026-09-12T20:23:07.132333+00:00,47193205
outdoor-cf96e7396232,legacy_v1,outdoor,88,43.79999999999965,31.65316578314421,2,2,0,0,3.1681504406901646,False,1,2026-09-12T20:23:46.427994+00:00,39389357
indoor-8f12c7874b39,legacy_v1,indoor,160,79.49999999999869,40.48466284263298,13,4,9,8,1.0,False,4,2026-09-12T20:25:03.566602+00:00,90822733
outdoor-9bfaf3960e6d,legacy_v1,outdoor,113,55.999999999998956,39.00502637532431,4,3,1,0,3.8921336551228585,True,2,2026-09-12T20:25:58.824846+00:00,44888178
indoor-05a94e7146dd,legacy_v1,indoor,185,92.09999999999798,38.008865540095314,12,4,8,12,1.0,False,4,2026-09-12T20:27:28.747854+00:00,205216839
indoor-03bfa0430d6b,legacy_v1,indoor,184,91.64999999999802,36.33930975422777,12,3,9,9,1.0,False,5,2026-09-12T20:29:12.200471+00:00,138334806
indoor-9d773e2a3256,legacy_v1,indoor,189,94.19999999999786,35.4624364033375,11,4,7,12,1.0,False,14,2026-09-12T20:31:52.328936+00:00,160232456
outdoor-84b03e81945d,legacy_v1,outdoor,269,134.19999999999627,104.3965341147314,11,3,8,0,8.188184303363276,True,1,2026-09-12T20:33:23.459515+00:00,137217289
indoor-fc31f1b0378b,legacy_v1,indoor,146,72.59999999999908,28.960857339950202,10,4,6,9,1.0,False,7,2026-09-12T20:37:50.338942+00:00,74392751
outdoor-91d758e4bdd2,legacy_v1,outdoor,190,94.79999999999676,72.44166523486408,6,4,2,0,7.110002579648348,False,2,2026-09-12T20:39:03.551888+00:00,92147786
outdoor-7a1805199089,legacy_v1,outdoor,119,59.39999999999876,46.80807625209796,4,2,2,0,4.57879741197104,False,1,2026-09-12T20:39:43.007342+00:00,110798474
indoor-fb0ddbe71e92,legacy_v1,indoor,95,47.10000000000046,25.145210858459,9,4,5,12,1.0,False,2,2026-09-12T20:40:29.887767+00:00,95943664
indoor-ee25f70b2d72,legacy_v1,indoor,134,66.59999999999943,22.482807406330718,8,4,4,11,1.0,False,2,2026-09-12T20:41:38.041096+00:00,108650965
indoor-d577f181f986,legacy_v1,indoor,149,74.39999999999898,32.404550825524765,9,3,6,12,1.0,False,5,2026-09-12T20:43:00.069309+00:00,113384743
indoor-1f737760fc91,legacy_v1,indoor,125,62.399999999999665,28.69625508966724,8,4,4,8,1.0,False,4,2026-09-12T20:44:17.325513+00:00,85603735
outdoor-574dbb1dca37,legacy_v1,outdoor,85,42.19999999999974,30.629643267590694,2,2,0,0,3.44342014407118,True,1,2026-09-12T20:44:55.364571+00:00,41744060
indoor-dd40c4e08510,legacy_v1,indoor,102,50.70000000000033,25.553389113924542,7,4,3,9,1.0,False,1,2026-09-12T20:45:38.352900+00:00,102478095
outdoor-d59c850eb7b6,legacy_v1,outdoor,189,94.39999999999678,70.07551553477424,7,3,4,0,6.453615347971277,False,2,2026-09-12T20:47:09.478444+00:00,149201248
outdoor-f831abe0aa79,legacy_v1,outdoor,206,102.59999999999631,79.05051013639367,7,3,4,0,7.44224275072468,False,1,2026-09-12T20:48:23.327810+00:00,82559002
indoor-bd9f2cb486b5,legacy_v1,indoor,106,52.80000000000021,29.989529381309996,8,4,4,11,1.0,False,14,2026-09-12T20:50:44.923819+00:00,127007568
indoor-20e029b28531,legacy_v1,indoor,206,102.59999999999738,47.4195164085548,14,4,10,11,1.0,False,3,2026-09-12T20:52:29.118706+00:00,149047718
outdoor-5cbfd120a6a6,legacy_v1,outdoor,321,160.20000000000218,125.51312911277697,14,4,10,0,9.473734666269404,True,1,2026-09-12T20:54:09.462769+00:00,118177099
outdoor-90c22e62ea3d,legacy_v1,outdoor,215,107.39999999999604,77.45708506614397,8,4,4,0,6.32497656666508,True,1,2026-09-12T20:55:18.960775+00:00,169959720
indoor-4375945a5c95,legacy_v1,indoor,102,50.70000000000033,28.288523136457783,7,4,3,12,1.0,False,2,2026-09-12T20:56:17.486177+00:00,83146399
outdoor-b9fe29d9d375,legacy_v1,outdoor,82,40.79999999999982,28.64052400344066,3,2,1,0,3.1682114723301256,False,1,2026-09-12T20:56:53.692087+00:00,57055294
outdoor-766441e81c53,legacy_v1,outdoor,239,118.99999999999538,89.33952543123439,9,4,5,0,9.73955808562303,False,1,2026-09-12T20:58:15.540409+00:00,114792692
indoor-9199ff908df4,legacy_v1,indoor,150,74.69999999999897,31.187498924461487,8,4,4,9,1.0,False,19,2026-09-12T21:01:24.723867+00:00,134527181
outdoor-7450ac9ffc2b,legacy_v1,outdoor,240,119.79999999999534,88.26983266735903,9,3,6,0,8.167908425345752,False,1,2026-09-12T21:02:40.134932+00:00,188566760
indoor-e20118b2e206,legacy_v1,indoor,94,46.800000000000466,25.200432754459513,7,4,3,12,1.0,False,1,2026-09-12T21:03:17.426782+00:00,55753291
outdoor-caac07695477,legacy_v1,outdoor,267,133.09999999999602,111.24419182020327,11,4,7,0,4.499491841387284,True,1,2026-09-12T21:04:40.131450+00:00,93492798
indoor-eeb06138ea04,legacy_v1,indoor,156,77.6999999999988,33.44190157410147,9,3,6,12,1.0,False,2,2026-09-12T21:05:47.792895+00:00,109133899
indoor-17e1227cbb96,legacy_v1,indoor,78,38.700000000000344,30.072970372825978,10,3,7,12,1.0,False,1,2026-09-12T21:06:24.874167+00:00,81183919
outdoor-d08fd2ef5d91,legacy_v1,outdoor,100,49.79999999999931,35.62185670768137,4,3,1,0,3.391553715156715,False,1,2026-09-12T21:07:05.316354+00:00,51529798
outdoor-99ae359b1e50,legacy_v1,outdoor,194,96.59999999999665,74.22796891307554,7,3,4,0,6.90153067412025,False,1,2026-09-12T21:08:08.234644+00:00,181929742
indoor-38d5f14cd71f,legacy_v1,indoor,159,79.19999999999871,34.10528698305986,11,4,7,8,1.0,False,5,2026-09-12T21:09:27.265886+00:00,109824888
indoor-d586400d1f80,legacy_v1,indoor,145,71.99999999999912,31.36958882192865,8,3,5,10,1.0,False,11,2026-09-12T21:11:29.395622+00:00,174888807
outdoor-a86082427ea8,legacy_v1,outdoor,270,134.7999999999964,101.795731673116,9,4,5,0,8.671172747609418,True,1,2026-09-12T21:13:18.494723+00:00,138436395
outdoor-82f1da1b8929,legacy_v1,outdoor,158,78.59999999999768,64.01916897500217,6,3,3,0,4.102415506751124,True,1,2026-09-12T21:14:11.674513+00:00,83879451
indoor-2f988d591c5b,legacy_v1,indoor,133,66.29999999999944,26.868479691978347,7,3,4,12,1.0,False,4,2026-09-12T21:15:22.005443+00:00,113956089
outdoor-d950173a48b1,legacy_v1,outdoor,126,62.499999999998586,43.23379475651869,4,3,1,0,4.18732736472869,False,1,2026-09-12T21:16:07.710460+00:00,64494871
outdoor-882632284029,legacy_v1,outdoor,106,52.79999999999914,40.325845373776886,3,3,0,0,4.273097861124931,False,1,2026-09-12T21:16:46.760067+00:00,62271996
indoor-291f9dfab377,legacy_v1,indoor,151,74.99999999999895,28.62443284548145,10,4,6,8,1.0,False,7,2026-09-12T21:18:25.405702+00:00,104648521
outdoor-f274d7be091a,legacy_v1,outdoor,184,91.59999999999694,75.37532353373398,9,4,5,0,5.30580937009281,True,2,2026-09-12T21:19:34.789854+00:00,62451528
indoor-b7f8cc38027a,legacy_v1,indoor,276,137.8499999999954,48.10281207546336,14,4,10,12,1.0,False,6,2026-09-12T21:21:40.793343+00:00,139312490
outdoor-79cc2454c22d,legacy_v1,outdoor,251,125.19999999999503,95.49482149289119,9,4,5,0,9.492764264377932,False,1,2026-09-12T21:23:04.861797+00:00,192946374
indoor-bcd64c673095,legacy_v1,indoor,112,55.80000000000004,20.58759619375324,6,3,3,8,1.0,False,3,2026-09-12T21:24:16.915773+00:00,99779806
outdoor-5ddbc5af75f7,legacy_v1,outdoor,208,103.79999999999625,76.10640041486093,8,4,4,0,8.324043942528174,False,1,2026-09-12T21:28:11.794335+00:00,148789345
outdoor-301e649b2630,legacy_v1,outdoor,149,74.19999999999793,62.57218196407487,5,2,3,0,4.43414485395378,True,1,2026-09-12T21:29:00.163372+00:00,76225190
indoor-78ef2a968e36,legacy_v1,indoor,152,75.59999999999891,21.836801661154848,7,4,3,10,1.0,False,4,2026-09-12T21:30:16.511338+00:00,164768231
outdoor-e0610901180b,legacy_v1,outdoor,138,68.79999999999824,59.32460040639304,7,4,3,0,4.537244648317135,True,3,2026-09-12T21:31:27.638728+00:00,93153916
indoor-390853bed35c,legacy_v1,indoor,83,41.10000000000038,23.992697581855886,7,3,4,8,1.0,False,1,2026-09-12T21:32:05.656561+00:00,62299050
outdoor-52ba97e1fdb9,legacy_v1,outdoor,99,48.99999999999935,39.499512563508134,4,3,1,0,3.988201272920988,False,1,2026-09-12T21:32:43.854051+00:00,35399233
indoor-e68d1cf587e9,legacy_v1,indoor,85,42.0000000000004,21.749358461981352,7,3,4,9,1.0,False,2,2026-09-12T21:33:26.926695+00:00,78530744
indoor-c2b59bbc38a5,legacy_v1,indoor,184,91.49999999999801,38.06687639947523,10,4,6,10,1.0,False,6,2026-09-12T21:35:20.290590+00:00,149151353
indoor-7db57fb38cc2,legacy_v1,indoor,174,86.69999999999828,34.05205748904959,11,4,7,12,1.0,False,6,2026-09-12T21:37:00.571728+00:00,168132538
indoor-c3f32b50a037,legacy_v1,indoor,140,69.89999999999924,31.058989413089858,9,4,5,11,1.0,False,7,2026-09-12T21:38:36.171190+00:00,136829024
indoor-ca347df8925a,legacy_v1,indoor,110,54.90000000000009,20.06832104171589,7,4,3,9,1.0,False,3,2026-09-12T21:39:34.565989+00:00,130969173
indoor-4b46086d6c1b,legacy_v1,indoor,152,75.59999999999891,31.907386981929417,10,4,6,11,1.0,False,16,2026-09-12T21:42:30.254160+00:00,111423488
indoor-a72cfae67a06,legacy_v1,indoor,106,52.80000000000021,24.14571064669397,8,3,5,9,1.0,False,2,2026-09-12T21:43:18.659265+00:00,50975405
indoor-09fcb036067e,legacy_v1,indoor,99,49.200000000000415,23.39701505376987,8,3,5,8,1.0,False,9,2026-09-12T21:45:06.654439+00:00,85315696
outdoor-11a3068f8d4a,legacy_v1,outdoor,280,139.79999999999754,111.7234464374318,10,4,6,0,7.730321738305593,True,1,2026-09-12T21:46:31.229524+00:00,89275500
outdoor-ca884d82ee3c,legacy_v1,outdoor,198,98.59999999999654,70.15425814731927,6,3,3,0,7.402375075174838,False,1,2026-09-12T21:47:43.088017+00:00,82128641
outdoor-1c4d0d6782df,legacy_v1,outdoor,48,23.800000000000203,16.184316987293876,2,2,0,0,5.662059297102989,True,3,2026-09-12T21:48:27.739157+00:00,33566607
outdoor-ce57511cc146,legacy_v1,outdoor,289,144.39999999999858,115.63642952382699,11,4,7,0,8.794810568673569,True,1,2026-09-12T21:50:03.674976+00:00,162206703
outdoor-f42b54fee005,legacy_v1,outdoor,233,116.19999999999554,82.9159973039902,9,4,5,0,9.113751173434986,False,1,2026-09-12T21:51:20.287283+00:00,117147338
outdoor-d7f691348a67,legacy_v1,outdoor,258,128.49999999999497,71.56404415271871,8,3,5,0,6.779824692246369,False,1,2026-09-12T21:52:40.250929+00:00,209638579
indoor-3acc2365bc9a,legacy_v1,indoor,208,103.49999999999733,38.69758785465987,12,3,9,8,1.0,False,1,2026-09-12T21:53:54.745255+00:00,181668436
indoor-125c1616471c,legacy_v1,indoor,101,50.40000000000035,24.055393964215156,8,3,5,9,1.0,False,5,2026-09-12T21:55:00.929187+00:00,53448360
indoor-2661cc462dac,legacy_v1,indoor,188,93.89999999999787,39.15986565915479,13,4,9,12,1.0,False,6,2026-09-12T21:56:48.596682+00:00,162222811
indoor-5be4a12ef920,legacy_v1,indoor,194,96.59999999999772,40.39122712305701,11,4,7,10,1.0,False,10,2026-09-12T21:59:02.924211+00:00,159198030
indoor-48aa3851110a,legacy_v1,indoor,157,77.99999999999878,34.33992874936655,10,3,7,10,1.0,False,16,2026-09-12T22:02:05.305929+00:00,189630828
indoor-d69691d4521f,legacy_v1,indoor,104,51.90000000000026,30.921676927252722,9,4,5,10,1.0,False,1,2026-09-12T22:02:47.998673+00:00,99184747
outdoor-13464e090d54,legacy_v1,outdoor,233,116.19999999999554,81.92211271564307,8,4,4,0,8.53606684957807,False,1,2026-09-12T22:03:57.515210+00:00,134146930
outdoor-a5ab12231f62,legacy_v1,outdoor,283,140.9999999999978,109.56058024168834,11,4,7,0,7.897775030515128,True,1,2026-09-12T22:05:24.008827+00:00,91192355
outdoor-1fd211e7fd8f,legacy_v1,outdoor,114,56.59999999999892,44.46888893584133,4,3,1,0,4.294313002338542,False,1,2026-09-12T22:06:06.215324+00:00,90437456
outdoor-e8dd62bfaa77,legacy_v1,outdoor,93,45.999999999999524,36.93250173889011,4,3,1,0,3.9039895734760828,True,1,2026-09-12T22:06:43.129443+00:00,49590573
indoor-5601758c3ca9,legacy_v1,indoor,102,50.70000000000033,20.322641757717495,6,3,3,10,1.0,False,7,2026-09-12T22:08:05.333325+00:00,81568027
indoor-4accb1cb4179,legacy_v1,indoor,106,52.80000000000021,21.831443761128284,7,3,4,11,1.0,False,10,2026-09-12T22:09:57.226991+00:00,125273223
indoor-e8acce361fe4,legacy_v1,indoor,104,51.90000000000026,39.446742832472665,11,3,8,8,1.0,False,1,2026-09-12T22:10:42.127602+00:00,78262509
indoor-57e2170b2480,legacy_v1,indoor,154,76.79999999999885,32.9045818174213,9,3,6,11,1.0,False,2,2026-09-12T22:11:49.020593+00:00,149645465
indoor-6c13e2c78439,legacy_v1,indoor,147,73.19999999999905,28.61082322134647,8,3,5,10,1.0,False,4,2026-09-12T22:13:02.013377+00:00,124388162
outdoor-c029c9e53142,legacy_v1,outdoor,207,103.19999999999628,84.28335131544452,9,4,5,0,8.321427887827042,False,1,2026-09-12T22:14:11.929303+00:00,103271043
indoor-ce584602dcdb,legacy_v1,indoor,94,46.500000000000455,20.40258646621514,5,3,2,8,1.0,False,4,2026-09-12T22:15:20.227505+00:00,76786023
outdoor-bab744dc6499,legacy_v1,outdoor,135,66.99999999999834,52.113120092292036,4,2,2,0,5.701326980236914,False,1,2026-09-12T22:16:13.842775+00:00,52937981
outdoor-fd9217c3529a,legacy_v1,outdoor,147,72.999999999998,57.68954447641624,6,4,2,0,5.586894506586953,False,1,2026-09-12T22:17:01.377895+00:00,46229495
outdoor-f84d2030bdce,legacy_v1,outdoor,137,67.99999999999828,52.88528065529684,5,1,4,0,4.730268176117226,True,1,2026-09-12T22:17:50.522724+00:00,103893285
outdoor-eef84f4c87c9,legacy_v1,outdoor,160,79.59999999999762,67.83776422721232,6,3,3,0,5.411314566189769,True,1,2026-09-12T22:18:45.426843+00:00,56691558
indoor-d4d888133e4d,legacy_v1,indoor,187,93.4499999999979,44.06841355379824,13,4,9,12,1.0,False,3,2026-09-12T22:20:07.708351+00:00,176740849
outdoor-cbf0e5af36a0,legacy_v1,outdoor,361,180.40000000000677,129.72201034296285,14,4,10,0,8.846452339889296,True,1,2026-09-12T22:22:07.251714+00:00,158347247
outdoor-1807d7ef23cd,legacy_v1,outdoor,218,108.79999999999596,75.16158400172287,9,4,5,0,7.6889047428905055,False,2,2026-09-12T22:23:34.190158+00:00,83977762
indoor-2e8bb966b4db,legacy_v1,indoor,233,116.09999999999661,51.08544197609031,16,4,12,11,1.0,False,12,2026-09-12T22:26:17.869016+00:00,127731483
outdoor-95cb363e5462,legacy_v1,outdoor,235,116.9999999999955,92.30481029955543,10,4,6,0,5.906792266199593,True,1,2026-09-12T22:27:30.339333+00:00,85101536
indoor-c3eb644d6c2f,legacy_v1,indoor,112,55.50000000000006,21.72922662970672,6,4,2,12,1.0,False,10,2026-09-12T22:29:21.345735+00:00,110921497
indoor-eb3b8391c682,legacy_v1,indoor,133,65.99999999999946,30.475985657555523,8,4,4,9,1.0,False,2,2026-09-12T22:30:23.055164+00:00,151856263
outdoor-518a3bb4da7f,legacy_v1,outdoor,117,58.39999999999882,41.701660359188764,4,3,1,0,4.28519938604064,False,1,2026-09-12T22:31:04.802635+00:00,61616711
outdoor-9b56a5e8ae95,legacy_v1,outdoor,232,115.79999999999556,83.20435452673912,7,4,3,0,8.398215031769066,False,1,2026-09-12T22:32:22.560554+00:00,143955402
indoor-b360b95ec6d0,legacy_v1,indoor,113,56.400000000000006,24.126391908821542,7,4,3,11,1.0,False,5,2026-09-12T22:33:44.709817+00:00,83917495
indoor-f7908e2f1aec,legacy_v1,indoor,97,48.300000000000466,21.00436429497507,5,2,3,9,1.0,False,4,2026-09-12T22:34:44.652965+00:00,69496304
outdoor-3bd3b96b2745,legacy_v1,outdoor,269,134.19999999999627,96.81722253322548,10,4,6,0,6.757344212402934,True,2,2026-09-12T22:36:11.947479+00:00,90907516
outdoor-73f4d075498f,legacy_v1,outdoor,361,180.40000000000677,137.57498083285873,14,4,10,0,9.574705013777905,True,1,2026-09-12T22:41:02.239919+00:00,154129514
outdoor-a81a51697fd7,legacy_v1,outdoor,266,132.4999999999959,108.90471039135316,11,4,7,0,5.940251633069734,True,1,2026-09-12T22:42:22.814663+00:00,174324650
outdoor-15191ae9139c,legacy_v1,outdoor,233,115.99999999999555,90.66935832110624,9,4,5,0,5.170111803328256,True,1,2026-09-12T22:43:32.492617+00:00,222706511
indoor-03a809f3203b,legacy_v1,indoor,113,56.400000000000006,21.53562383816707,7,4,3,8,1.0,False,1,2026-09-12T22:44:19.855109+00:00,86365800
outdoor-00d99575800d,legacy_v1,outdoor,227,112.99999999999572,91.45774160277294,8,4,4,0,8.412353366930777,False,1,2026-09-12T22:45:37.264850+00:00,116525199
indoor-306703872b28,legacy_v1,indoor,130,64.49999999999955,22.767154470569395,6,4,2,11,1.0,False,4,2026-09-12T22:46:46.234960+00:00,81890064
indoor-bbc68da08e93,legacy_v1,indoor,83,41.40000000000039,22.54803617560698,7,3,4,11,1.0,False,2,2026-09-12T22:47:39.392513+00:00,88300899
outdoor-31bb0a6cd931,legacy_v1,outdoor,189,93.9999999999968,69.4552387832868,6,3,3,0,6.344661466113607,True,1,2026-09-12T22:48:44.712117+00:00,81242430
outdoor-c156bdb34e90,legacy_v1,outdoor,275,137.19999999999695,103.45361790876586,11,4,7,0,9.735514015082218,False,1,2026-09-12T22:50:22.182548+00:00,168829241
indoor-7081314f8fb2,legacy_v1,indoor,100,49.80000000000038,20.844412484920696,6,3,3,11,1.0,False,5,2026-09-12T22:51:44.436165+00:00,105142678
indoor-49b98daa3217,legacy_v1,indoor,188,93.89999999999787,39.21473064744981,12,4,8,11,1.0,False,3,2026-09-12T22:53:11.974985+00:00,188249689
outdoor-0df1beccacf7,legacy_v1,outdoor,112,55.79999999999897,41.09020172651526,4,3,1,0,4.438132655426561,False,1,2026-09-12T22:53:54.473916+00:00,42223852
outdoor-392259333a97,legacy_v1,outdoor,85,41.99999999999975,30.95751230470541,3,2,1,0,3.404137766563652,False,1,2026-09-12T22:54:28.442185+00:00,40546308
indoor-85499f5e83e7,legacy_v1,indoor,151,74.99999999999895,37.48826906445954,10,4,6,12,1.0,False,5,2026-09-12T22:55:59.447798+00:00,127176620
outdoor-d156b2554849,legacy_v1,outdoor,214,106.59999999999609,81.699906968676,9,4,5,0,7.9375699429228215,False,1,2026-09-12T22:57:16.852559+00:00,83182953
outdoor-fb2b4eae6500,legacy_v1,outdoor,219,109.19999999999594,85.43051620660125,8,4,4,0,8.54690319072235,False,1,2026-09-12T22:58:26.859990+00:00,128013463
outdoor-9cb9b89c7451,legacy_v1,outdoor,102,50.59999999999926,43.93648521244155,3,3,0,0,4.325635369858151,False,1,2026-09-12T22:59:08.760945+00:00,50262883
outdoor-1ce018a65ec4,legacy_v1,outdoor,174,86.59999999999722,67.47110511544184,6,3,3,0,7.504354463195038,True,1,2026-09-12T23:00:09.041397+00:00,67673128
indoor-58926515d3f0,legacy_v1,indoor,151,75.29999999999893,32.04849662558364,9,4,5,8,1.0,False,6,2026-09-12T23:01:45.470432+00:00,109849363
outdoor-fe560604e188,legacy_v1,outdoor,216,107.79999999999602,79.87159868492705,7,4,3,0,7.8944704453836785,False,1,2026-09-12T23:03:02.446493+00:00,104930385
indoor-cd5f132a6f1a,legacy_v1,indoor,204,101.69999999999743,48.688468192854316,15,4,11,10,1.0,False,1,2026-09-12T23:04:07.875373+00:00,81308151
indoor-ba0c28fd86bf,legacy_v1,indoor,151,75.29999999999893,34.2330709451285,9,4,5,12,1.0,False,3,2026-09-12T23:05:24.095002+00:00,155198753
outdoor-d130f07e7d82,legacy_v1,outdoor,85,42.19999999999974,31.911290629002945,4,3,1,0,3.2825387111080704,False,1,2026-09-12T23:06:00.174680+00:00,68574970
indoor-ac5363cd7a6f,legacy_v1,indoor,247,123.2999999999962,56.55113452813288,17,4,13,10,1.0,False,9,2026-09-12T23:08:34.011331+00:00,290931547
indoor-d1345035fb5a,legacy_v1,indoor,188,93.59999999999789,55.73841016347033,18,4,14,9,1.0,False,4,2026-09-12T23:10:02.755196+00:00,138834191
outdoor-9bdc7639bd0c,legacy_v1,outdoor,245,122.39999999999519,95.5192808863488,11,4,7,0,8.536767722520086,True,1,2026-09-12T23:11:27.269732+00:00,155103471
outdoor-05ba7ad070b8,legacy_v1,outdoor,258,128.599999999995,85.4601147077589,9,4,5,0,8.529261856526606,True,1,2026-09-12T23:12:42.680350+00:00,157249225
outdoor-5bf812cbe3c9,legacy_v1,outdoor,158,78.79999999999767,63.30722653568628,6,4,2,0,6.665163087133539,False,1,2026-09-12T23:13:39.215709+00:00,78968178
indoor-fb0d5ba32358,legacy_v1,indoor,136,67.49999999999937,27.88427903586309,7,4,3,9,1.0,False,7,2026-09-12T23:15:04.658300+00:00,75789343
indoor-35cb746e768a,legacy_v1,indoor,189,94.19999999999786,40.318765563728434,13,4,9,8,1.0,False,9,2026-09-12T23:17:06.147253+00:00,152290809
outdoor-04b55c21d815,legacy_v1,outdoor,131,65.19999999999844,48.10957521657726,5,3,2,0,4.113110638141734,True,1,2026-09-12T23:17:49.259731+00:00,46963174
outdoor-dc156bd67d01,legacy_v1,outdoor,153,75.99999999999783,59.935512957675414,5,2,3,0,4.656042450996992,True,3,2026-09-12T23:19:18.980757+00:00,121269200
indoor-fdf4833e933c,legacy_v1,indoor,169,84.29999999999842,32.79276563354624,9,4,5,12,1.0,False,4,2026-09-12T23:20:53.131178+00:00,133508867
outdoor-360d6547fa02,legacy_v1,outdoor,208,103.79999999999625,74.03383613489814,7,4,3,0,7.656966726827875,True,1,2026-09-12T23:21:58.060103+00:00,86921588
outdoor-4ed30d9a5416,legacy_v1,outdoor,160,79.59999999999762,61.865234684930186,6,3,3,0,5.773519304498517,False,1,2026-09-12T23:22:51.908638+00:00,83254489
indoor-d96c73d256a7,legacy_v1,indoor,131,65.09999999999951,23.48647459386988,6,3,3,8,1.0,False,19,2026-09-12T23:25:51.067804+00:00,138949230
indoor-16edd1bdd790,legacy_v1,indoor,53,26.400000000000173,24.63147875220389,7,3,4,10,1.0,False,17,2026-09-12T23:28:13.394940+00:00,45615671
outdoor-ac86243d1473,legacy_v1,outdoor,278,138.7999999999973,109.46476800380154,10,4,6,0,7.409564598868765,True,1,2026-09-12T23:29:43.456017+00:00,136761572
indoor-8b7cf14fd7e9,legacy_v1,indoor,202,100.4999999999975,48.36991338715989,15,4,11,9,1.0,False,6,2026-09-12T23:31:33.309587+00:00,206428920
outdoor-90c5e36c711f,legacy_v1,outdoor,235,117.19999999999548,82.82281832683066,9,4,5,0,8.3593522688988,False,1,2026-09-12T23:32:53.736543+00:00,93981112
indoor-fef6da83684f,legacy_v1,indoor,151,75.29999999999893,33.33218275016765,9,4,5,10,1.0,False,8,2026-09-12T23:34:43.802422+00:00,117071745
indoor-424737501910,legacy_v1,indoor,255,127.19999999999598,56.99514050105586,16,4,12,9,1.0,False,1,2026-09-12T23:36:16.683626+00:00,248218096
outdoor-0326ca4a6e7a,legacy_v1,outdoor,290,144.59999999999863,110.7557030509112,12,3,9,0,8.696073695483884,True,2,2026-09-12T23:38:17.467784+00:00,152500166
outdoor-928780a6eca6,legacy_v1,outdoor,159,79.19999999999764,63.15074150050528,6,2,4,0,6.727681283532702,True,1,2026-09-12T23:39:12.000760+00:00,113196416
outdoor-65455a922d9f,legacy_v1,outdoor,119,58.999999999998785,38.275684768574656,5,3,2,0,4.172902445869019,True,2,2026-09-12T23:40:00.664025+00:00,113321698
indoor-a28703e2e402,legacy_v1,indoor,93,46.20000000000046,24.213955411775242,6,2,4,8,1.0,False,5,2026-09-12T23:41:13.349565+00:00,71529769
indoor-42c15d25c7a0,legacy_v1,indoor,181,90.29999999999808,40.145066562727635,11,4,7,9,1.0,False,2,2026-09-12T23:42:25.491976+00:00,158793621
outdoor-37d73e9f7214,legacy_v1,outdoor,193,96.19999999999668,64.48316290823706,7,3,4,0,6.507294041324455,False,1,2026-09-12T23:43:31.392957+00:00,131119967
indoor-444351c5dff8,legacy_v1,indoor,136,67.79999999999936,33.466559097016244,9,4,5,8,1.0,False,2,2026-09-12T23:44:32.947215+00:00,136164779
indoor-0ac32c6c7476,legacy_v1,indoor,101,50.100000000000364,27.76215286498895,8,4,4,11,1.0,False,4,2026-09-12T23:45:38.534046+00:00,66501568
indoor-6bd922344505,legacy_v1,indoor,218,108.59999999999704,52.82202586056634,17,4,13,12,1.0,False,1,2026-09-12T23:47:04.769735+00:00,202957829
indoor-d06273656ab9,legacy_v1,indoor,105,52.200000000000244,22.754804613453338,6,4,2,12,1.0,False,15,2026-09-12T23:49:23.444494+00:00,59339643
outdoor-6cf4aeb690ff,legacy_v1,outdoor,300,149.59999999999977,109.52965580398995,11,4,7,0,8.763859252283986,True,1,2026-09-12T23:50:53.692515+00:00,118502812
indoor-92b43f078863,legacy_v1,indoor,85,42.300000000000395,32.356620062151435,10,3,7,11,1.0,False,7,2026-09-12T23:52:10.601577+00:00,65817499
outdoor-1becc058b465,legacy_v1,outdoor,174,86.79999999999721,62.34022629647774,5,3,2,0,6.041264061518119,False,1,2026-09-12T23:53:13.980241+00:00,111280437
indoor-06e9dd54b431,legacy_v1,indoor,119,59.09999999999985,29.82431107793152,9,4,5,12,1.0,False,12,2026-09-12T23:55:23.230735+00:00,119586110
indoor-4a3a30881888,legacy_v1,indoor,226,112.49999999999682,60.131086360104746,17,4,13,11,1.0,False,7,2026-09-12T23:57:21.513461+00:00,117425937
indoor-fd837a7f8528,legacy_v1,indoor,151,75.29999999999893,25.435585645652992,8,4,4,8,1.0,False,1,2026-09-12T23:58:16.010192+00:00,204626733
indoor-df2d61932ab7,legacy_v1,indoor,60,29.70000000000022,25.6717984185766,8,3,5,10,1.0,False,5,2026-09-12T23:59:19.131575+00:00,49161487
outdoor-9d3419edfde5,legacy_v1,outdoor,155,77.19999999999776,58.532944159340985,7,4,3,0,5.987058446499142,False,1,2026-09-13T00:00:13.002193+00:00,122692460
outdoor-c79ef1697c44,legacy_v1,outdoor,235,116.9999999999955,82.61155894463685,7,3,4,0,7.275986487116598,True,1,2026-09-13T00:01:29.877046+00:00,224909635
outdoor-2cac53ed5648,legacy_v1,outdoor,157,78.1999999999977,55.895410370652584,5,3,2,0,6.077833502056361,True,1,2026-09-13T00:02:24.936277+00:00,125853516
outdoor-a188b329554b,legacy_v1,outdoor,198,98.59999999999654,75.85929358108221,8,4,4,0,8.424074164353915,False,1,2026-09-13T00:03:34.796628+00:00,77334915
indoor-931de9b7ee20,legacy_v1,indoor,139,68.99999999999929,24.200179408684395,6,3,3,8,1.0,False,6,2026-09-13T00:04:59.868377+00:00,118953962
indoor-f1222af62881,legacy_v1,indoor,116,57.89999999999992,24.989330987704335,8,4,4,12,1.0,False,12,2026-09-13T00:07:05.788712+00:00,121950094
indoor-c63739a156ad,legacy_v1,indoor,231,115.19999999999666,52.17185379470202,16,3,13,11,1.0,False,15,2026-09-13T00:10:10.162255+00:00,211450999
outdoor-b5e9f239b589,legacy_v1,outdoor,159,79.39999999999763,62.44612402302066,7,3,4,0,5.204118502440862,True,2,2026-09-13T00:11:29.745009+00:00,57184181
outdoor-bb472b21d597,legacy_v1,outdoor,95,46.99999999999947,38.05783716345227,4,3,1,0,3.668680564046777,False,1,2026-09-13T00:12:07.543127+00:00,61563852
indoor-5ce05df3d77d,legacy_v1,indoor,161,80.39999999999864,31.912208276518268,10,4,6,12,1.0,False,6,2026-09-13T00:13:41.922671+00:00,120444806
outdoor-e6a5db6dd97f,legacy_v1,outdoor,236,117.59999999999546,86.5903847730816,10,3,7,0,8.283987763675757,False,1,2026-09-13T00:15:00.413359+00:00,120436197
outdoor-aca94d32aa6f,legacy_v1,outdoor,209,104.19999999999622,78.90201047042663,7,4,3,0,8.621577061943334,True,1,2026-09-13T00:16:03.760234+00:00,70179357
indoor-db9c8b168a62,legacy_v1,indoor,155,77.39999999999881,26.7590212564751,9,3,6,9,1.0,False,10,2026-09-13T00:18:01.798072+00:00,141313282
outdoor-7a46ecbb96bc,legacy_v1,outdoor,281,140.39999999999768,106.58876689119435,12,4,8,0,9.957041735662225,False,1,2026-09-13T00:19:37.979089+00:00,84680784
outdoor-3bcd8ed37daa,legacy_v1,outdoor,265,132.39999999999583,83.99956811710422,8,3,5,0,6.469653856723443,True,1,2026-09-13T00:20:55.869968+00:00,86459265
indoor-270b205c6ca1,legacy_v1,indoor,168,83.69999999999845,37.05786361533367,10,4,6,11,1.0,False,5,2026-09-13T00:22:31.021532+00:00,162082074
indoor-6b1e241518cc,legacy_v1,indoor,231,115.19999999999666,61.73351819541641,19,4,15,8,1.0,False,11,2026-09-13T00:26:13.609736+00:00,220156031
indoor-7b3639e59011,legacy_v1,indoor,175,86.99999999999827,39.7804278863955,11,4,7,9,1.0,False,8,2026-09-13T00:27:58.244076+00:00,131523177
indoor-3287a1429232,legacy_v1,indoor,169,84.29999999999842,34.370536593607284,11,4,7,12,1.0,False,9,2026-09-13T00:30:05.222762+00:00,194784260
indoor-f83ce5b90431,legacy_v1,indoor,119,59.09999999999985,26.61937562340037,8,3,5,10,1.0,False,19,2026-09-13T00:33:10.071552+00:00,93821997
indoor-99065bdb7789,legacy_v1,indoor,259,129.29999999999586,55.53004903893589,17,4,13,11,1.0,False,12,2026-09-13T00:38:24.065374+00:00,309397784
outdoor-06f0e8c45aa5,legacy_v1,outdoor,93,46.099999999999525,35.174398029470694,5,3,2,0,3.5384405439505766,False,1,2026-09-13T00:39:03.426877+00:00,78719463
indoor-ef559d49d87b,legacy_v1,indoor,235,117.29999999999654,50.10431902801167,15,3,12,8,1.0,False,6,2026-09-13T00:40:58.519069+00:00,168933602
outdoor-faba5e28dfee,legacy_v1,outdoor,241,120.19999999999531,88.00025735026355,8,3,5,0,8.78435945845202,False,1,2026-09-13T00:42:27.275515+00:00,172406649
outdoor-0383d2b4a2c2,legacy_v1,outdoor,204,101.79999999999636,83.11300560593932,8,4,4,0,5.017307230756428,True,3,2026-09-13T00:43:56.036671+00:00,64961268
outdoor-61fee5a8c52c,legacy_v1,outdoor,109,54.19999999999906,42.14077573034592,4,4,0,0,4.591752448567262,False,1,2026-09-13T00:44:39.330487+00:00,38763022
outdoor-99c636380475,legacy_v1,outdoor,107,52.999999999999126,42.22213928936593,4,3,1,0,4.529936861333177,False,1,2026-09-13T00:45:19.456757+00:00,55321709
outdoor-20397ef17fe3,legacy_v1,outdoor,113,56.199999999998944,41.69202613646636,3,3,0,0,3.922112344773705,True,1,2026-09-13T00:46:01.882737+00:00,81206372
outdoor-8743f9fa88fd,legacy_v1,outdoor,157,78.1999999999977,57.979725560252376,7,3,4,0,5.3547712980139615,False,1,2026-09-13T00:46:58.783617+00:00,52973326
outdoor-ce34a84e416c,legacy_v1,outdoor,132,65.59999999999842,48.196962811897464,5,3,2,0,4.6626414821788345,False,1,2026-09-13T00:47:45.366602+00:00,43752557
indoor-660073e0a439,legacy_v1,indoor,167,83.09999999999849,30.82518870228846,10,4,6,8,1.0,False,1,2026-09-13T00:48:47.946271+00:00,131496177
outdoor-7208f3c57420,legacy_v1,outdoor,126,62.79999999999857,48.35833025057026,5,3,2,0,4.9004605888966335,False,1,2026-09-13T00:52:18.452302+00:00,43490913
outdoor-049f89b39265,legacy_v1,outdoor,174,86.59999999999722,65.16094919172357,6,4,2,0,5.0276930026222155,True,2,2026-09-13T00:58:54.260266+00:00,87998550
outdoor-9d8b6c00166e,legacy_v1,outdoor,215,106.99999999999606,82.22074637600099,7,3,4,0,7.8912650948655,False,1,2026-09-13T01:00:04.687034+00:00,170389572
outdoor-991974676bda,legacy_v1,outdoor,286,142.6999999999982,94.70597730148,9,3,6,0,5.400624923834841,True,3,2026-09-13T01:01:53.554567+00:00,102272226
indoor-c244f2299278,legacy_v1,indoor,182,90.59999999999806,38.03669432582717,11,4,7,9,1.0,False,6,2026-09-13T01:03:47.650460+00:00,152425755
outdoor-1a4e792e166d,legacy_v1,outdoor,351,175.40000000000563,131.8537100696288,14,3,11,0,8.407288814087817,True,1,2026-09-13T01:05:42.771041+00:00,179452196
indoor-2df4c3a3fc58,legacy_v1,indoor,104,51.60000000000028,37.575482594081386,10,4,6,8,1.0,False,3,2026-09-13T01:06:57.563555+00:00,111864494
indoor-c59f56671b81,legacy_v1,indoor,70,34.500000000000284,21.778275519712636,8,3,5,10,1.0,False,4,2026-09-13T01:07:57.244392+00:00,75116157
outdoor-d0347b5b3596,legacy_v1,outdoor,164,81.59999999999751,57.588544934154356,7,3,4,0,5.514237014131535,False,1,2026-09-13T01:08:53.059416+00:00,80131288
outdoor-f9a61195a02e,legacy_v1,outdoor,137,68.19999999999827,49.74207136423529,6,4,2,0,5.850227219920382,True,1,2026-09-13T01:09:40.417275+00:00,50999207
indoor-aaf43c93355c,legacy_v1,indoor,233,116.09999999999661,59.801820599412565,18,4,14,12,1.0,False,9,2026-09-13T01:12:03.223824+00:00,148849333
indoor-2233760d90ea,legacy_v1,indoor,148,73.49999999999903,32.05332437002751,9,4,5,8,1.0,False,1,2026-09-13T01:13:01.602278+00:00,111390406
outdoor-6e033f43d8e0,legacy_v1,outdoor,163,81.39999999999752,66.81434919217475,6,2,4,0,6.143973678367052,False,1,2026-09-13T01:16:39.794826+00:00,160626095
indoor-5b49fef0770a,legacy_v1,indoor,212,105.59999999999721,51.66345754096015,14,4,10,10,1.0,False,16,2026-09-13T01:19:27.417458+00:00,175026322
indoor-b796af0a7937,legacy_v1,indoor,85,42.300000000000395,26.09251034517161,7,4,3,11,1.0,False,2,2026-09-13T01:20:23.762265+00:00,77846753
outdoor-ffb6e7dd4a50,legacy_v1,outdoor,157,78.39999999999769,58.202367558893314,6,3,3,0,5.629544154848075,False,2,2026-09-13T01:21:22.609059+00:00,95681989
outdoor-f66ddcf6c635,legacy_v1,outdoor,89,43.99999999999964,35.236845867941824,5,4,1,0,3.735151957740594,False,2,2026-09-13T01:22:06.879594+00:00,32854971
outdoor-4653eaddf1b1,legacy_v1,outdoor,161,80.39999999999758,56.590851421587544,7,4,3,0,6.280117980695021,False,1,2026-09-13T01:23:01.056637+00:00,136929059
indoor-b14553588dec,legacy_v1,indoor,282,140.6999999999952,59.535489566102065,17,4,13,12,1.0,False,12,2026-09-13T01:26:09.123420+00:00,181009777
outdoor-ae7fea1750a9,legacy_v1,outdoor,145,72.19999999999804,60.71731065484583,5,3,2,0,5.174490260882361,True,1,2026-09-13T01:27:01.727439+00:00,49464049
outdoor-ed1dda9dd4f1,legacy_v1,outdoor,240,119.59999999999535,89.99277991144847,10,4,6,0,8.323288462890671,False,1,2026-09-13T01:28:23.978061+00:00,117726189
indoor-4e1b9a434f46,legacy_v1,indoor,146,72.59999999999908,31.239060467686578,8,3,5,12,1.0,False,6,2026-09-13T01:29:56.949303+00:00,118973456
indoor-19334fbb36f8,legacy_v1,indoor,47,23.100000000000126,23.82390729494216,7,4,3,11,1.0,False,5,2026-09-13T01:31:01.226288+00:00,37775156
indoor-67a0fd0443d2,legacy_v1,indoor,188,93.59999999999789,40.87580053720108,13,4,9,10,1.0,False,1,2026-09-13T01:32:05.128584+00:00,133960451
indoor-b9ed61f557db,legacy_v1,indoor,95,47.400000000000475,22.17307156069704,7,3,4,12,1.0,False,1,2026-09-13T01:35:24.780562+00:00,88114906
indoor-978a8d24fad4,legacy_v1,indoor,134,66.59999999999943,25.09660867779631,8,4,4,11,1.0,False,1,2026-09-13T01:36:17.132804+00:00,117650105
outdoor-63b3e9c3232d,legacy_v1,outdoor,200,99.59999999999648,80.71958491784765,9,2,7,0,6.824041890726224,True,1,2026-09-13T01:37:25.511872+00:00,135755779
indoor-e4174ace925d,legacy_v1,indoor,125,62.399999999999665,36.60190424078796,10,4,6,9,1.0,False,6,2026-09-13T01:38:59.300263+00:00,155175172
outdoor-d86cc4389f58,legacy_v1,outdoor,301,149.99999999999986,110.22625837580941,12,4,8,0,7.60630267316602,True,1,2026-09-13T01:43:19.582159+00:00,244011897
outdoor-3649086cbf58,legacy_v1,outdoor,200,99.79999999999647,69.06893089976032,6,4,2,0,7.207512476833966,False,1,2026-09-13T01:44:27.847515+00:00,108191605
indoor-8487d6bc3e6b,legacy_v1,indoor,124,61.499999999999716,30.58383897831728,9,4,5,11,1.0,False,2,2026-09-13T01:45:29.353987+00:00,95002294
outdoor-34d2139f500e,legacy_v1,outdoor,244,121.79999999999522,96.51307910880445,9,4,5,0,8.438049832485982,True,2,2026-09-13T01:46:55.818114+00:00,206265929
indoor-fc911ea53574,legacy_v1,indoor,114,56.69999999999999,24.020377255050676,7,4,3,11,1.0,False,5,2026-09-13T01:48:04.142960+00:00,68160080
indoor-0b54a94a61eb,legacy_v1,indoor,146,72.89999999999907,34.281844458694394,9,4,5,12,1.0,False,6,2026-09-13T01:49:39.160278+00:00,118125760
outdoor-c7b91cad647d,legacy_v1,outdoor,110,54.799999999999024,45.47382213700192,5,3,2,0,3.82680080029858,True,1,2026-09-13T01:50:24.537098+00:00,57952885
outdoor-a5e90fc8dbb7,legacy_v1,outdoor,203,100.9999999999964,87.62988976856597,9,4,5,0,5.907209419828,True,1,2026-09-13T01:51:25.515000+00:00,190666100
outdoor-cfb0572fe1ca,legacy_v1,outdoor,261,130.3999999999954,94.72447786709077,9,4,5,0,8.771764169407835,False,1,2026-09-13T01:53:01.542925+00:00,167577366
outdoor-a6f8cc929c86,legacy_v1,outdoor,119,58.999999999998785,42.15619294397641,4,3,1,0,4.20961648927039,False,1,2026-09-13T01:53:46.488941+00:00,38460814
outdoor-b07883eefcce,legacy_v1,outdoor,78,38.79999999999993,29.772948668940547,3,3,0,0,3.1535496884411955,False,1,2026-09-13T01:54:19.355012+00:00,37879764
indoor-56ca1855e293,legacy_v1,indoor,163,81.29999999999859,35.69108078495337,11,4,7,10,1.0,False,2,2026-09-13T01:55:34.360898+00:00,134755002
indoor-1493bea7bfcf,legacy_v1,indoor,157,77.99999999999878,31.492772002526465,9,4,5,11,1.0,False,3,2026-09-13T01:56:46.167122+00:00,158477240
outdoor-ca0d7c9c9d5b,legacy_v1,outdoor,237,117.99999999999544,99.68622511967502,9,3,6,0,7.013807598045786,True,2,2026-09-13T01:58:22.503895+00:00,124229666
outdoor-cc27bec2a297,legacy_v1,outdoor,127,62.99999999999856,42.88933670374964,5,3,2,0,4.468685632696927,False,1,2026-09-13T01:59:09.452259+00:00,100893634
indoor-4efb75511202,legacy_v1,indoor,175,86.99999999999827,36.44630651346611,11,4,7,8,1.0,False,2,2026-09-13T02:00:21.749183+00:00,152339607
outdoor-2a4c001c223e,legacy_v1,outdoor,194,96.59999999999665,61.663079759938334,7,4,3,0,6.532100458109278,False,1,2026-09-13T02:01:26.312735+00:00,96915097
outdoor-174185f0a4eb,legacy_v1,outdoor,220,109.7999999999959,80.49651617897408,8,4,4,0,7.5625125516371074,False,1,2026-09-13T02:02:43.061614+00:00,114035719
indoor-1b39695b10a0,legacy_v1,indoor,266,132.59999999999567,57.30881702887049,18,4,14,10,1.0,False,2,2026-09-13T02:04:12.904786+00:00,119114332
outdoor-8115d41c0a80,legacy_v1,outdoor,170,84.59999999999734,63.15129566182,5,3,2,0,6.437050233304843,True,1,2026-09-13T02:05:10.656710+00:00,114940418
indoor-7e350c23a4c1,legacy_v1,indoor,230,114.5999999999967,55.67303335233635,16,4,12,11,1.0,False,1,2026-09-13T02:06:26.724843+00:00,185142099
outdoor-21420ab75637,legacy_v1,outdoor,242,120.59999999999529,90.66162303160709,9,4,5,0,7.377234485917396,True,1,2026-09-13T02:07:48.325547+00:00,162131983
outdoor-ff9815a668f2,legacy_v1,outdoor,432,215.80000000001482,155.4605369420116,15,4,11,0,7.734070638008303,True,1,2026-09-13T02:10:08.272778+00:00,188635882
outdoor-a427223e4d35,legacy_v1,outdoor,97,48.39999999999939,37.08936613014197,3,2,1,0,3.969473077722901,False,1,2026-09-13T02:13:29.811542+00:00,33674525
outdoor-00cc911e0c94,legacy_v1,outdoor,154,76.59999999999779,64.72752397917597,5,3,2,0,5.096191864553025,True,1,2026-09-13T02:14:25.121493+00:00,110761080
outdoor-673bba3dd8b1,legacy_v1,outdoor,265,132.39999999999586,106.24252923268705,12,3,9,0,6.560961990965799,True,2,2026-09-13T02:16:00.748313+00:00,104551939
outdoor-4cbea2b88c64,legacy_v1,outdoor,134,66.59999999999836,49.63156755126253,6,3,3,0,4.418037698102626,True,1,2026-09-13T02:16:52.472733+00:00,55894891
outdoor-929eb3006551,legacy_v1,outdoor,177,87.99999999999714,63.09424607077232,7,3,4,0,6.658015192705352,False,1,2026-09-13T02:17:58.824550+00:00,170540486
indoor-c1f8ca8b278f,legacy_v1,indoor,216,107.69999999999709,53.96364645026096,15,4,11,10,1.0,False,1,2026-09-13T02:19:23.565477+00:00,174893671
indoor-b2a8233eb829,legacy_v1,indoor,136,67.49999999999937,28.764359692300523,9,4,5,12,1.0,False,9,2026-09-13T02:23:47.089774+00:00,164982246
outdoor-7f70cdbdd088,legacy_v1,outdoor,151,74.99999999999788,54.960232575534306,5,4,1,0,6.055958979483117,False,1,2026-09-13T02:24:37.961593+00:00,47203244
indoor-64db34c95561,legacy_v1,indoor,105,52.200000000000244,28.877078703101173,10,4,6,10,1.0,False,5,2026-09-13T02:25:45.048015+00:00,74409422
outdoor-5c389c723653,legacy_v1,outdoor,209,104.19999999999622,71.22227585326118,6,3,3,0,7.567168050766551,False,1,2026-09-13T02:26:56.923285+00:00,126318713
indoor-a46edb98db01,legacy_v1,indoor,118,58.499999999999886,22.497388356926994,6,3,3,11,1.0,False,10,2026-09-13T02:28:59.793424+00:00,104365144
indoor-1ca50dae82c1,legacy_v1,indoor,120,59.69999999999982,29.072863908516446,9,4,5,11,1.0,False,3,2026-09-13T02:30:04.479621+00:00,95964240
indoor-a8b5c6c3fc1c,legacy_v1,indoor,153,76.19999999999888,29.618017099065426,9,4,5,11,1.0,False,3,2026-09-13T02:31:25.092650+00:00,140320010
outdoor-88cfe10d2d22,legacy_v1,outdoor,222,110.59999999999586,81.17284699191482,8,4,4,0,7.920831771217481,False,1,2026-09-13T02:32:39.633501+00:00,118684944
outdoor-83e278e6f5bd,legacy_v1,outdoor,102,50.79999999999925,37.98021609912612,5,2,3,0,3.5892297948345036,False,1,2026-09-13T02:33:18.617901+00:00,38899915
indoor-3c4e4e075450,legacy_v1,indoor,194,96.59999999999772,42.555624784158226,12,4,8,11,1.0,False,1,2026-09-13T02:34:31.077991+00:00,174464760
indoor-f7d2a679aa1d,legacy_v1,indoor,127,63.29999999999961,26.66198573994505,8,4,4,8,1.0,False,12,2026-09-13T02:36:28.333193+00:00,73013439
indoor-8b195e5fc1a0,legacy_v1,indoor,206,102.59999999999738,45.69024187871925,13,4,9,10,1.0,False,7,2026-09-13T02:38:29.701032+00:00,164553546
indoor-f565b6e78b63,legacy_v1,indoor,139,69.29999999999927,30.904924451367776,8,3,5,11,1.0,False,14,2026-09-13T02:41:11.685415+00:00,94344520
indoor-ab0e15cf0260,legacy_v1,indoor,85,42.300000000000395,20.703784141654857,7,4,3,8,1.0,False,9,2026-09-13T02:42:48.257958+00:00,65133267
outdoor-45bbc990b93c,legacy_v1,outdoor,78,38.79999999999993,29.315735670692135,2,2,0,0,3.0300930326109086,False,2,2026-09-13T02:43:34.499016+00:00,48524631
outdoor-a82daaeba25d,legacy_v1,outdoor,105,52.39999999999916,42.267844393542475,3,2,1,0,5.557850503086675,True,1,2026-09-13T02:44:12.935951+00:00,39956926
outdoor-0f4f23bccfb5,legacy_v1,outdoor,129,64.1999999999985,48.307783754608295,5,3,2,0,5.729303616539129,True,1,2026-09-13T02:45:02.852651+00:00,65129159
indoor-52c80b0210f5,legacy_v1,indoor,262,130.79999999999578,58.197049058407714,18,4,14,12,1.0,False,8,2026-09-13T02:47:40.249162+00:00,242224142
outdoor-ed711475dc00,legacy_v1,outdoor,328,163.60000000000295,126.32762694502644,14,4,10,0,7.769126350621628,True,2,2026-09-13T02:49:27.295336+00:00,192155042
outdoor-f4ac8c7b41c8,legacy_v1,outdoor,199,99.1999999999965,73.47764922484019,7,3,4,0,6.975903491863928,False,2,2026-09-13T02:50:34.926993+00:00,159631743
indoor-6902e003768d,legacy_v1,indoor,259,129.29999999999586,56.005495876907055,18,4,14,10,1.0,False,2,2026-09-13T02:52:19.430358+00:00,264228658
outdoor-8dfae3064825,legacy_v1,outdoor,72,35.800000000000104,29.01578503190845,2,1,1,0,3.140802996295813,False,1,2026-09-13T02:54:09.036926+00:00,23163136
indoor-cfba4d25e977,legacy_v1,indoor,152,75.74999999999892,26.13119283498701,9,4,5,10,1.0,False,8,2026-09-13T02:54:16.516410+00:00,163890178
outdoor-bfed6e98e5e7,legacy_v1,outdoor,98,48.599999999999376,36.6412222726114,5,2,3,0,5.153300437151629,True,1,2026-09-13T02:54:20.573056+00:00,63238870
indoor-cf5c87065e60,legacy_v1,indoor,91,45.30000000000044,20.76719258788497,5,3,2,11,1.0,False,1,2026-09-13T02:54:48.363858+00:00,84247736
indoor-4e791cc4edd8,legacy_v1,indoor,113,56.10000000000002,20.023115690170652,6,3,3,12,1.0,False,13,2026-09-13T02:57:48.162738+00:00,86931644
indoor-801d04d42742,legacy_v1,indoor,119,59.09999999999985,24.083074557199264,8,4,4,8,1.0,False,19,2026-09-13T02:58:50.926904+00:00,134314711
outdoor-2955fb1e1567,legacy_v1,outdoor,269,134.19999999999627,105.99011445618305,12,4,8,0,6.870207177922325,True,3,2026-09-13T02:59:08.338789+00:00,95509147
outdoor-f6064dc30622,legacy_v1,outdoor,115,57.19999999999889,43.93321131919164,3,2,1,0,3.849551494579517,True,1,2026-09-13T02:59:11.178303+00:00,59154941
outdoor-77e95056aadf,legacy_v1,outdoor,181,89.99999999999703,64.88513218902341,5,3,2,0,6.332077299228565,False,1,2026-09-13T03:00:26.175159+00:00,91219459
indoor-e42e8a21e9b5,legacy_v1,indoor,184,91.799999999998,36.192745401898975,12,4,8,10,1.0,False,5,2026-09-13T03:00:42.143409+00:00,129820229
outdoor-88a370171004,legacy_v1,outdoor,251,125.39999999999502,90.92464346385106,9,3,6,0,9.61447392041267,False,1,2026-09-13T03:00:52.290673+00:00,83042599
outdoor-a67ce10eef51,legacy_v1,outdoor,171,85.1999999999973,62.31277955321463,6,4,2,0,6.891621472101953,False,1,2026-09-13T03:01:50.269010+00:00,136320191
outdoor-45c3e2011540,legacy_v1,outdoor,91,45.19999999999957,33.45542032255341,4,2,2,0,3.1450899773000436,True,1,2026-09-13T03:02:25.868667+00:00,86132584
indoor-30d7e41e1037,legacy_v1,indoor,238,118.49999999999648,46.536817900613876,15,4,11,12,1.0,False,6,2026-09-13T03:02:27.831921+00:00,121899621
outdoor-8f7f81115bd6,legacy_v1,outdoor,190,94.59999999999677,67.73970616558805,8,3,5,0,7.325726616885634,False,1,2026-09-13T03:03:29.119668+00:00,150534688
indoor-7d255a9e35ac,legacy_v1,indoor,158,78.89999999999873,32.01051982414939,9,4,5,11,1.0,False,4,2026-09-13T03:04:05.572962+00:00,122110958
indoor-a31615830738,legacy_v1,indoor,288,143.69999999999504,54.01364389039104,17,4,13,8,1.0,False,1,2026-09-13T03:04:16.916300+00:00,288905771
indoor-8c6b45f31bad,legacy_v1,indoor,176,87.89999999999822,34.046244126766624,11,4,7,9,1.0,False,8,2026-09-13T03:05:22.683294+00:00,181920453
outdoor-2f7c3a70c881,legacy_v1,outdoor,266,132.79999999999595,107.71277932730348,10,4,6,0,7.422413456330664,True,1,2026-09-13T03:05:57.117212+00:00,134773540
indoor-0dff381fd4ed,legacy_v1,indoor,184,91.799999999998,52.69888329856159,15,4,11,9,1.0,False,9,2026-09-13T03:06:17.070955+00:00,169153737
outdoor-2a44b7aac54f,legacy_v1,outdoor,173,86.09999999999725,64.62736279934421,5,2,3,0,5.634402423178042,True,1,2026-09-13T03:07:03.294670+00:00,126756326
indoor-5399c2b324ac,legacy_v1,indoor,145,71.99999999999912,30.24010865048891,9,4,5,12,1.0,False,7,2026-09-13T03:07:10.603071+00:00,142745688
indoor-d62456fb53ea,legacy_v1,indoor,140,69.89999999999924,25.871558929403804,9,4,5,11,1.0,False,3,2026-09-13T03:07:29.141829+00:00,77772488
indoor-aa05ef962a12,legacy_v1,indoor,127,63.449999999999605,26.96802546684141,9,4,5,12,1.0,False,1,2026-09-13T03:07:56.318026+00:00,148848260
indoor-f48c5769d0ed,legacy_v1,indoor,116,57.89999999999992,28.521122309813677,9,3,6,9,1.0,False,3,2026-09-13T03:08:34.281409+00:00,113559614
indoor-44537b061e9a,legacy_v1,indoor,104,51.90000000000026,25.296972562729145,9,4,5,11,1.0,False,6,2026-09-13T03:08:39.859538+00:00,117710897
outdoor-61026039dc0e,legacy_v1,outdoor,133,66.19999999999838,50.12731774934538,6,4,2,0,4.949218771172609,False,1,2026-09-13T03:08:51.163751+00:00,54634781
indoor-2071f2647a19,legacy_v1,indoor,110,54.90000000000009,23.93815439239433,8,3,5,10,1.0,False,11,2026-09-13T03:11:04.339617+00:00,68312239
indoor-3a13ed4bd9f6,legacy_v1,indoor,159,79.04999999999872,27.051160032163963,7,4,3,10,1.0,False,13,2026-09-13T03:11:31.540491+00:00,160660787
indoor-e25fdc955fa3,legacy_v1,indoor,125,62.09999999999968,27.5812253450796,7,4,3,10,1.0,False,16,2026-09-13T03:11:34.052338+00:00,100722541
indoor-4b9562eb12f1,legacy_v1,indoor,201,100.19999999999752,43.51877328640729,13,3,10,12,1.0,False,2,2026-09-13T03:12:39.070917+00:00,152297920
outdoor-560b7b239c77,legacy_v1,outdoor,343,171.20000000000468,128.70193421723454,12,4,8,0,9.348070206849481,True,3,2026-09-13T03:13:36.035971+00:00,190784069
indoor-c56387039b56,legacy_v1,indoor,182,90.74999999999804,28.4048981385315,10,4,6,9,1.0,False,15,2026-09-13T03:14:19.724955+00:00,114923775
indoor-fadb8559ea0c,legacy_v1,indoor,90,44.70000000000043,29.29362115792328,10,4,6,9,1.0,False,13,2026-09-13T03:15:04.733839+00:00,65001414
outdoor-6ddbae583acd,legacy_v1,outdoor,206,102.7999999999963,78.7028057014729,7,4,3,0,6.3796819397169955,True,2,2026-09-13T03:15:15.999284+00:00,197024383
outdoor-51df92e1cec2,legacy_v1,outdoor,231,114.99999999999562,78.77655503596982,8,4,4,0,5.177634425414123,True,1,2026-09-13T03:15:48.925413+00:00,79854554
outdoor-7d8bc7cf5ceb,legacy_v1,outdoor,125,61.999999999998614,50.18395665103526,5,3,2,0,3.9419903497777513,True,1,2026-09-13T03:16:19.690523+00:00,65128455
outdoor-a67eac97d58b,legacy_v1,outdoor,78,38.599999999999945,31.893571119880992,2,1,1,0,3.1061216135774097,False,1,2026-09-13T03:16:30.938005+00:00,48632813
outdoor-ed3f91b2e0bd,legacy_v1,outdoor,324,161.6000000000025,123.40659425318678,11,4,7,0,9.507375982636368,True,2,2026-09-13T03:17:32.105403+00:00,239210933
outdoor-77c60f3dca83,legacy_v1,outdoor,178,88.7999999999971,68.89165268040163,6,3,3,0,7.476867026271626,False,1,2026-09-13T03:18:05.266537+00:00,53685548
outdoor-fc0d1f53a2c4,legacy_v1,outdoor,137,68.19999999999827,56.44262690039062,6,4,2,0,4.2346155483273895,True,2,2026-09-13T03:19:52.437920+00:00,53310156
outdoor-d3e18275b86a,legacy_v1,outdoor,118,58.799999999998796,44.74764366858076,5,2,3,0,3.298048821339658,True,4,2026-09-13T03:19:53.920406+00:00,41538360
outdoor-38195c79a228,legacy_v1,outdoor,236,117.79999999999545,94.90672044006772,8,4,4,0,8.94744086111503,True,1,2026-09-13T03:22:49.993810+00:00,102248072
indoor-41866ef64875,legacy_v1,indoor,220,109.49999999999699,47.60067826960166,13,4,9,11,1.0,False,14,2026-09-13T03:23:55.142142+00:00,167784707
indoor-671dd8a555f8,legacy_v1,indoor,141,70.19999999999922,35.23696255821545,12,4,8,10,1.0,False,3,2026-09-13T03:25:17.014202+00:00,75931464
indoor-d9334832b4b5,legacy_v1,indoor,280,139.79999999999526,62.39831973345931,20,4,16,12,1.0,False,20,2026-09-13T03:25:21.187757+00:00,302246583
outdoor-49b409b2e4b6,legacy_v1,outdoor,103,51.39999999999922,41.386615081710666,3,2,1,0,3.059454938130348,True,1,2026-09-13T03:25:31.793076+00:00,50324378
outdoor-0a0f428e5e0e,legacy_v1,outdoor,114,56.79999999999891,41.202848793729494,5,3,2,0,3.355845586340351,True,1,2026-09-13T03:26:57.712856+00:00,58235081
outdoor-06bb759980e1,legacy_v1,outdoor,169,84.39999999999735,61.94345558093802,5,3,2,0,6.621265524732648,False,1,2026-09-13T03:27:23.071972+00:00,52469972
indoor-596ac72382d5,legacy_v1,indoor,97,48.00000000000048,24.241235323867993,7,2,5,10,1.0,False,8,2026-09-13T03:28:04.262342+00:00,94507375
outdoor-13ad676ae224,legacy_v1,outdoor,169,84.19999999999736,60.87015647462265,6,4,2,0,5.654817635399258,False,1,2026-09-13T03:29:07.189465+00:00,161811517
indoor-34c3653776e9,legacy_v1,indoor,198,98.6999999999976,46.88735713354218,13,4,9,12,1.0,False,3,2026-09-13T03:29:31.164004+00:00,161051980
outdoor-07c5c2adeabc,legacy_v1,outdoor,201,99.99999999999646,74.23895230009919,6,4,2,0,7.972419909160416,False,1,2026-09-13T03:31:19.429077+00:00,96876731
outdoor-a897010718ed,legacy_v1,outdoor,306,152.60000000000045,114.28555087547876,10,4,6,0,7.286940821172833,True,1,2026-09-13T03:31:24.024890+00:00,240738728
outdoor-2aa47016b68c,legacy_v1,outdoor,283,141.3999999999979,108.61517084111559,10,3,7,0,8.905819020999903,True,1,2026-09-13T03:32:28.766225+00:00,229394012
outdoor-67d32a5e9ec8,legacy_v1,outdoor,99,49.19999999999934,38.56861504048819,3,3,0,0,3.249083306301122,True,1,2026-09-13T03:32:44.336907+00:00,58295745
outdoor-3275b6e4a3d2,legacy_v1,outdoor,133,66.39999999999837,56.856089237689275,5,2,3,0,4.721856017009461,True,1,2026-09-13T03:33:04.043577+00:00,88331238
indoor-eba858cfb2f9,legacy_v1,indoor,107,53.10000000000019,31.736034282674744,10,3,7,10,1.0,False,1,2026-09-13T03:34:11.244245+00:00,94626303
outdoor-76274c1f0de0,legacy_v1,outdoor,129,64.1999999999985,46.86512865476,5,3,2,0,4.714805327360415,False,1,2026-09-13T03:34:55.743944+00:00,85733456
indoor-8b8b53a37103,legacy_v1,indoor,146,72.89999999999907,29.95838165062299,9,3,6,12,1.0,False,19,2026-09-13T03:36:30.045163+00:00,105670213
indoor-cc7fb7305467,legacy_v1,indoor,133,66.29999999999944,32.7631056183724,11,3,8,12,1.0,False,4,2026-09-13T03:36:38.907948+00:00,103706793
indoor-718ad892e894,legacy_v1,indoor,216,107.69999999999709,39.62371838592314,11,4,7,8,1.0,False,8,2026-09-13T03:38:11.735124+00:00,205537269
outdoor-6468ca5e8fad,legacy_v1,outdoor,347,173.20000000000513,131.5447678081801,12,4,8,0,9.436863437098777,True,1,2026-09-13T03:39:59.914404+00:00,275109094
indoor-108f656b5fbd,legacy_v1,indoor,255,127.19999999999598,57.05386261899646,16,4,12,9,1.0,False,10,2026-09-13T03:40:32.999838+00:00,212306058
outdoor-e0930520c786,legacy_v1,outdoor,209,104.39999999999621,82.63406737660443,9,4,5,0,7.698413409173635,False,1,2026-09-13T03:40:50.115648+00:00,135667213
indoor-c65a6880fcc5,legacy_v1,indoor,54,26.700000000000177,23.258645117756824,7,4,3,11,1.0,False,1,2026-09-13T03:41:47.311051+00:00,48525292
indoor-1673eb9752cd,legacy_v1,indoor,108,53.70000000000016,26.459282087390342,9,4,5,8,1.0,False,5,2026-09-13T03:42:05.891752+00:00,136593892
outdoor-f656778b81a0,legacy_v1,outdoor,124,61.799999999998626,50.4257911423086,5,3,2,0,4.763635143843905,False,1,2026-09-13T03:43:31.664633+00:00,79381562
indoor-53e45f5d4d3e,legacy_v1,indoor,129,64.19999999999956,25.81840391349798,7,4,3,11,1.0,False,12,2026-09-13T03:43:33.943645+00:00,117675415
outdoor-fedb2cecbf37,legacy_v1,outdoor,237,118.19999999999543,90.57081948120512,8,4,4,0,8.997442801154687,False,1,2026-09-13T03:44:29.328205+00:00,73836584
outdoor-b66e5414c878,legacy_v1,outdoor,243,121.39999999999525,93.42628227736526,10,4,6,0,9.383534146995103,False,1,2026-09-13T03:46:19.165534+00:00,122506492
indoor-71302025f294,legacy_v1,indoor,134,66.89999999999941,33.33688528256727,11,4,7,9,1.0,False,7,2026-09-13T03:46:20.004418+00:00,112170987
indoor-cd74d7b14360,legacy_v1,indoor,196,97.49999999999767,48.60531147127457,14,4,10,10,1.0,False,1,2026-09-13T03:46:33.823863+00:00,175851587
indoor-0b8a370d0fed,legacy_v1,indoor,102,50.70000000000033,27.22900149512796,8,4,4,11,1.0,False,4,2026-09-13T03:47:54.128542+00:00,76628910
indoor-ac32c61741ec,legacy_v1,indoor,196,97.49999999999767,35.724630335892684,11,4,7,12,1.0,False,6,2026-09-13T03:49:07.694156+00:00,140899364
outdoor-f28b25ae6a80,legacy_v1,outdoor,125,62.39999999999859,51.00449603816622,6,3,3,0,5.431732566932885,False,1,2026-09-13T03:49:33.565510+00:00,78275110
outdoor-45cee6b4e9d6,legacy_v1,outdoor,140,69.79999999999818,58.27871159708739,7,3,4,0,5.622257365187201,False,1,2026-09-13T03:50:49.771340+00:00,71576923
indoor-24a70b0cbf49,legacy_v1,indoor,178,88.79999999999816,31.530495972056254,9,4,5,9,1.0,False,2,2026-09-13T03:51:22.345967+00:00,99868885
indoor-9888e5b4f516,legacy_v1,indoor,176,87.59999999999823,50.8745981157356,14,4,10,10,1.0,False,1,2026-09-13T03:51:30.503118+00:00,199132872
indoor-859979e212db,legacy_v1,indoor,116,57.89999999999992,22.528088771561574,8,4,4,9,1.0,False,4,2026-09-13T03:52:57.725376+00:00,97493297
indoor-f271042c03db,legacy_v1,indoor,197,98.39999999999762,41.302444698564294,11,4,7,12,1.0,False,2,2026-09-13T03:53:36.274831+00:00,107670094
indoor-f25916a05713,legacy_v1,indoor,181,90.29999999999808,39.28115976959235,13,4,9,9,1.0,False,5,2026-09-13T03:54:08.965897+00:00,133943577
outdoor-3d4142aa6ae3,legacy_v1,outdoor,133,66.39999999999837,46.20253355922645,6,3,3,0,5.070795484214868,False,1,2026-09-13T03:55:06.421614+00:00,63175459
indoor-41664c52a999,legacy_v1,indoor,134,66.89999999999941,29.095013120466664,9,4,5,10,1.0,False,3,2026-09-13T03:55:06.462034+00:00,130704031
outdoor-4a035bfca255,legacy_v1,outdoor,121,60.399999999998705,43.62595023022289,4,2,2,0,4.5425826075786,False,1,2026-09-13T03:56:16.732064+00:00,95234508
outdoor-cf3e995fb407,legacy_v1,outdoor,230,114.59999999999563,81.13175284944964,7,4,3,0,8.403324218250763,True,1,2026-09-13T03:57:12.790592+00:00,79216884
indoor-84804707af49,legacy_v1,indoor,160,79.79999999999868,29.603207495204956,8,3,5,11,1.0,False,3,2026-09-13T03:58:17.289070+00:00,143846032
indoor-e2c65a33a037,legacy_v1,indoor,134,66.59999999999943,30.187121137322926,8,4,4,9,1.0,False,20,2026-09-13T03:58:34.974500+00:00,109499497
outdoor-af8999a58d1c,legacy_v1,outdoor,249,123.9999999999951,94.61067107207496,9,3,6,0,5.992219825587407,True,1,2026-09-13T03:59:19.213337+00:00,86620610
outdoor-2a53e2a6712d,legacy_v1,outdoor,208,103.79999999999625,81.01558759411722,9,4,5,0,7.543205020617118,True,1,2026-09-13T04:00:31.316155+00:00,197636395
outdoor-af3207ce35d5,legacy_v1,outdoor,100,49.59999999999932,35.71967531623489,4,4,0,0,3.4811193662827633,False,1,2026-09-13T04:00:44.695820+00:00,42105772
indoor-0e6bd2879179,legacy_v1,indoor,226,112.7999999999968,47.88615054737413,14,4,10,10,1.0,False,2,2026-09-13T04:00:57.442599+00:00,228625697
indoor-4ab640a45608,legacy_v1,indoor,146,72.59999999999908,31.218433960212842,9,4,5,9,1.0,False,2,2026-09-13T04:02:13.114909+00:00,170299851
indoor-d3d7c5a5d425,legacy_v1,indoor,128,63.89999999999958,27.86462960821964,7,2,5,8,1.0,False,4,2026-09-13T04:02:19.110487+00:00,118086670
indoor-9d17989c717c,legacy_v1,indoor,100,49.80000000000038,26.925767828918957,7,3,4,11,1.0,False,3,2026-09-13T04:02:25.399703+00:00,84263594
outdoor-5a14abd6c9a9,legacy_v1,outdoor,99,49.39999999999933,35.68936277671192,5,3,2,0,3.24226484677036,True,1,2026-09-13T04:03:20.112766+00:00,51147082
indoor-54a993ba137f,legacy_v1,indoor,103,51.300000000000296,21.371226071601974,7,4,3,10,1.0,False,6,2026-09-13T04:03:55.229729+00:00,87178206
indoor-89294548ec51,legacy_v1,indoor,121,59.9999999999998,21.489231995668813,7,4,3,8,1.0,False,5,2026-09-13T04:04:05.262985+00:00,89189325
outdoor-97653c139e61,legacy_v1,outdoor,79,39.19999999999991,32.16394968292328,2,1,1,0,3.093782702676334,False,1,2026-09-13T04:04:51.398266+00:00,33187758
indoor-35afc4ef86e5,legacy_v1,indoor,155,77.39999999999881,40.16194648739432,12,4,8,10,1.0,False,2,2026-09-13T04:05:22.311079+00:00,95632614
indoor-ba267086bf55,legacy_v1,indoor,109,54.300000000000125,27.488501897042305,8,4,4,9,1.0,False,17,2026-09-13T04:06:44.173015+00:00,108040946
outdoor-b352189dda3f,legacy_v1,outdoor,159,78.99999999999766,58.792612856632665,7,4,3,0,5.342140514004913,True,1,2026-09-13T04:06:55.614418+00:00,56406907
outdoor-39544b154930,legacy_v1,outdoor,255,127.19999999999492,97.9200930380561,9,4,5,0,7.468584537619777,True,1,2026-09-13T04:07:01.565112+00:00,132024379
outdoor-abaaa7802465,legacy_v1,outdoor,194,96.59999999999665,71.12933239051819,6,4,2,0,6.827977433433891,False,1,2026-09-13T04:08:42.947877+00:00,95807633
indoor-32ea928a4be9,legacy_v1,indoor,128,63.89999999999958,24.1422265908621,6,3,3,12,1.0,False,7,2026-09-13T04:09:26.337229+00:00,151114207
indoor-6efc1868c608,legacy_v1,indoor,161,80.39999999999864,40.191380524895706,12,4,8,11,1.0,False,9,2026-09-13T04:09:40.825597+00:00,178981043
outdoor-b50d9994f8d0,legacy_v1,outdoor,102,50.59999999999926,37.91856230753486,3,3,0,0,3.9146930453215596,True,1,2026-09-13T04:10:10.430382+00:00,37251071
outdoor-ca0c6a6463c8,legacy_v1,outdoor,131,65.19999999999844,56.86644432641626,5,3,2,0,4.930210199024332,True,1,2026-09-13T04:10:57.348791+00:00,57143224
outdoor-88ae25922855,legacy_v1,outdoor,158,78.59999999999768,60.601245739145945,5,3,2,0,5.981662917954868,False,2,2026-09-13T04:11:03.901953+00:00,74447492
indoor-ff98f5857599,legacy_v1,indoor,52,25.800000000000164,25.694280030617783,8,3,5,11,1.0,False,8,2026-09-13T04:12:31.418717+00:00,33976298
outdoor-f321ada5d3ed,legacy_v1,outdoor,292,145.59999999999886,109.84137678365619,10,2,8,0,8.918438661231628,True,1,2026-09-13T04:12:39.054521+00:00,214982478
indoor-7ef1421e2cd5,legacy_v1,indoor,106,52.50000000000023,32.93064695004018,10,3,7,12,1.0,False,10,2026-09-13T04:13:18.688597+00:00,90410159
outdoor-26e5e1a1f3fa,legacy_v1,outdoor,180,89.79999999999704,63.96778608874893,6,3,3,0,6.566922055033246,False,1,2026-09-13T04:14:26.747908+00:00,58385809
outdoor-efa6e1ba4092,legacy_v1,outdoor,197,97.99999999999658,73.48994161209833,7,3,4,0,7.245916730430382,False,1,2026-09-13T04:14:40.328561+00:00,105274298
indoor-823aa3f5c94a,legacy_v1,indoor,201,100.19999999999752,44.25737881973702,14,4,10,8,1.0,False,1,2026-09-13T04:15:12.749515+00:00,98732085
outdoor-fcec3be627d4,legacy_v1,outdoor,86,42.799999999999706,32.321480268035586,2,2,0,0,3.436463627457466,True,1,2026-09-13T04:15:32.815744+00:00,51131928
outdoor-f7edd653f271,legacy_v1,outdoor,105,51.99999999999918,42.94473646386126,3,3,0,0,4.2145849694781745,False,1,2026-09-13T04:15:37.693853+00:00,98323095
outdoor-4823007e877f,legacy_v1,outdoor,158,78.59999999999768,66.5794475013389,8,4,4,0,5.380459629129059,True,1,2026-09-13T04:17:00.900481+00:00,79809471
outdoor-929ac2f5e312,legacy_v1,outdoor,272,135.79999999999663,100.20647876195336,11,4,7,0,6.509720495606773,True,1,2026-09-13T04:17:26.415041+00:00,132528826
indoor-075b27c101f2,legacy_v1,indoor,145,72.2999999999991,37.44078149399118,10,4,6,12,1.0,False,11,2026-09-13T04:18:24.899331+00:00,89012988
indoor-296dc7716f9f,legacy_v1,indoor,166,82.49999999999852,32.142294922355404,10,4,6,12,1.0,False,1,2026-09-13T04:18:46.396164+00:00,132772626
outdoor-a63b7693fbb1,legacy_v1,outdoor,140,69.59999999999819,60.020096361100244,5,3,2,0,3.6246965758961167,True,1,2026-09-13T04:18:52.290367+00:00,69525689
indoor-c611073fe548,legacy_v1,indoor,167,83.09999999999849,34.24939833242842,9,4,5,12,1.0,False,1,2026-09-13T04:20:11.995814+00:00,99372964
indoor-0c00dd5dc9bf,legacy_v1,indoor,151,74.99999999999895,32.880508929501985,9,4,5,8,1.0,False,4,2026-09-13T04:20:39.433453+00:00,133098569
indoor-4d3fb7b067d5,legacy_v1,indoor,143,71.39999999999915,34.802590352233906,10,4,6,12,1.0,False,8,2026-09-13T04:20:45.293637+00:00,132483845
outdoor-9525114354f8,legacy_v1,outdoor,121,59.99999999999873,43.83093723418432,5,4,1,0,4.812807645574596,True,2,2026-09-13T04:21:59.282757+00:00,73662769
indoor-c18180e6c83e,legacy_v1,indoor,167,83.39999999999847,40.1101662409175,13,4,9,9,1.0,False,1,2026-09-13T04:22:31.312147+00:00,154588172
outdoor-462c575384ba,legacy_v1,outdoor,246,122.59999999999518,88.78124389839454,10,4,6,0,8.070748295629796,True,1,2026-09-13T04:22:38.179260+00:00,194033618
outdoor-37b589429c6d,legacy_v1,outdoor,143,71.0999999999981,51.45091547567951,6,4,2,0,5.205920414088962,False,1,2026-09-13T04:23:48.119855+00:00,85159700
indoor-372329c609f2,legacy_v1,indoor,149,74.39999999999898,29.56423823109633,8,3,5,11,1.0,False,9,2026-09-13T04:24:20.983455+00:00,93055826
indoor-2f87eeca4655,legacy_v1,indoor,230,114.5999999999967,54.83604489835706,15,4,11,10,1.0,False,1,2026-09-13T04:25:38.522044+00:00,154404593
indoor-8241eada9465,legacy_v1,indoor,137,68.09999999999934,44.95795503564652,12,4,8,10,1.0,False,17,2026-09-13T04:26:13.830604+00:00,140790895
outdoor-f5cb4df8437a,legacy_v1,outdoor,207,103.19999999999628,83.88013245460849,7,3,4,0,8.87977895398239,False,1,2026-09-13T04:27:32.007651+00:00,104108220
indoor-97688222c33e,legacy_v1,indoor,255,127.19999999999598,55.648882146096526,17,4,13,8,1.0,False,13,2026-09-13T04:31:14.427698+00:00,275096698
outdoor-eba396ebc6f8,legacy_v1,outdoor,255,127.29999999999491,95.38833469085536,11,4,7,0,9.732039319047818,False,1,2026-09-13T04:33:33.832713+00:00,106189036
outdoor-bd0539a97168,legacy_v1,outdoor,164,81.59999999999751,51.96918089360802,6,3,3,0,5.8049558295339665,True,1,2026-09-13T04:35:15.639236+00:00,62666920
outdoor-3d43cc2a8633,legacy_v1,outdoor,161,80.39999999999758,68.17140224784869,6,4,2,0,7.173044686322243,True,1,2026-09-13T04:36:54.751899+00:00,64367494
outdoor-945ce80442f3,legacy_v1,outdoor,157,77.99999999999771,61.22461624933718,5,3,2,0,6.799793955293506,False,1,2026-09-13T04:38:16.254595+00:00,75709149
outdoor-0aefdaa183e8,legacy_v1,outdoor,68,33.80000000000022,32.365487454818904,3,2,1,0,3.5565851433066813,True,1,2026-09-13T04:39:08.779043+00:00,34196779
indoor-170061172ad8,legacy_v1,indoor,191,95.39999999999779,50.535247652236926,16,4,12,8,1.0,False,2,2026-09-13T04:40:54.922849+00:00,150183551
outdoor-64d5f22e92d2,legacy_v1,outdoor,148,73.79999999999795,57.154289250212344,6,4,2,0,6.314714588661571,False,1,2026-09-13T04:42:28.505890+00:00,48244452
outdoor-e046e0decf8c,legacy_v1,outdoor,201,99.99999999999646,77.54401936635091,7,4,3,0,8.106415329141523,False,1,2026-09-13T04:42:45.871053+00:00,119639877
outdoor-148cea630a7f,legacy_v1,outdoor,213,106.3999999999961,85.36966466283864,8,4,4,0,8.427802208749107,False,1,2026-09-13T04:42:58.425630+00:00,138671023
indoor-3600c0553762,legacy_v1,indoor,131,65.3999999999995,26.598682027497787,9,4,5,12,1.0,False,10,2026-09-13T04:43:31.627453+00:00,123404478
outdoor-5d442b37165d,legacy_v1,outdoor,275,136.9999999999969,107.91895501980292,11,4,7,0,6.73991877734386,True,2,2026-09-13T04:43:41.871077+00:00,216539174
outdoor-413a357f0c65,legacy_v1,outdoor,103,50.99999999999924,39.64088955253807,3,2,1,0,3.2029670592219217,True,1,2026-09-13T04:43:42.727083+00:00,33188260
outdoor-1911b40f1b64,legacy_v1,outdoor,147,73.19999999999798,63.450895446822216,6,4,2,0,5.9287034427608996,False,1,2026-09-13T04:43:59.244974+00:00,49277345
outdoor-118c95587834,legacy_v1,outdoor,255,127.19999999999492,100.00257111419026,9,4,5,0,7.543121721175784,True,1,2026-09-13T04:45:07.395931+00:00,109924591
indoor-a85e4606fe15,legacy_v1,indoor,159,79.19999999999871,41.75107038919225,13,4,9,10,1.0,False,4,2026-09-13T04:45:25.165421+00:00,136645033
outdoor-92074138434a,legacy_v1,outdoor,191,95.39999999999672,71.55968242844709,7,4,3,0,5.174150838279012,True,1,2026-09-13T04:45:34.862505+00:00,97824212
indoor-d7144137b30d,legacy_v1,indoor,120,59.69999999999982,27.1927737750592,8,3,5,8,1.0,False,3,2026-09-13T04:45:36.835452+00:00,125602514
outdoor-5fb3dd4f48c8,legacy_v1,outdoor,253,126.39999999999496,90.8392369324408,8,3,5,0,9.02958705125447,True,1,2026-09-13T04:45:56.436013+00:00,83764625
indoor-5937b0f7ef26,legacy_v1,indoor,121,59.9999999999998,22.236268916772843,7,4,3,9,1.0,False,3,2026-09-13T04:47:03.965681+00:00,101491256
outdoor-96e260898b73,legacy_v1,outdoor,196,97.5999999999966,69.65921676319624,8,3,5,0,6.552086262043106,False,1,2026-09-13T04:47:11.858022+00:00,190320844
outdoor-e87693e59054,legacy_v1,outdoor,103,51.39999999999922,42.61310182701056,3,2,1,0,3.19938421894444,True,1,2026-09-13T04:47:13.227132+00:00,51277422
indoor-346d36d065b4,legacy_v1,indoor,103,51.00000000000031,30.074244422209915,8,4,4,12,1.0,False,5,2026-09-13T04:47:26.128751+00:00,98591402
indoor-cc981ecc9721,legacy_v1,indoor,278,138.89999999999532,63.099961614576856,18,4,14,9,1.0,False,2,2026-09-13T04:48:10.099192+00:00,233324156
outdoor-e486add1f065,legacy_v1,outdoor,110,54.799999999999024,48.928615159496466,6,3,3,0,3.3768293051231897,True,1,2026-09-13T04:48:15.780990+00:00,47109756
indoor-12cfe6a9d2e9,legacy_v1,indoor,90,44.70000000000043,20.131030375465045,6,3,3,8,1.0,False,2,2026-09-13T04:48:20.207969+00:00,65557882
outdoor-654bb3a12d19,legacy_v1,outdoor,107,53.3999999999991,38.94738903690274,3,2,1,0,4.1508463957415955,True,1,2026-09-13T04:48:22.929769+00:00,37309314
outdoor-0db02cd1d5c8,legacy_v1,outdoor,234,116.59999999999552,90.21688953980018,10,4,6,0,9.366993068202348,False,1,2026-09-13T04:49:17.902131+00:00,144998426
indoor-d5eb5f7c95e0,legacy_v1,indoor,115,56.99999999999997,28.506809557011906,10,4,6,9,1.0,False,7,2026-09-13T04:50:12.954805+00:00,109808506
indoor-94b861d852c0,legacy_v1,indoor,231,115.19999999999666,48.8598410034773,14,4,10,11,1.0,False,2,2026-09-13T04:50:31.386165+00:00,180488077
indoor-c584f41c4eaf,legacy_v1,indoor,214,106.79999999999714,52.00797674455244,17,3,14,8,1.0,False,8,2026-09-13T04:51:10.706884+00:00,164247691
outdoor-6b330d98b46c,legacy_v1,outdoor,190,94.59999999999677,67.59488604366793,7,4,3,0,7.172068410489695,False,1,2026-09-13T04:51:21.192650+00:00,135489077
indoor-38555eea9a2c,legacy_v1,indoor,265,132.2999999999957,62.45711231854277,20,4,16,12,1.0,False,7,2026-09-13T04:51:33.420536+00:00,203333397
outdoor-f9a43cac6f18,legacy_v1,outdoor,144,71.59999999999808,53.22766055444163,4,3,1,0,5.859338869233287,False,1,2026-09-13T04:52:35.738833+00:00,44187870
outdoor-b6fd942dc391,legacy_v1,outdoor,321,160.40000000000222,130.05413788516225,13,3,10,0,8.373901593612445,True,1,2026-09-13T04:52:52.104982+00:00,164353670
indoor-5dd4f5f2d325,legacy_v1,indoor,85,42.300000000000395,27.862427668727292,8,4,4,9,1.0,False,9,2026-09-13T04:53:10.304093+00:00,84415332
indoor-1a44afde4b0d,legacy_v1,indoor,189,94.19999999999786,42.80906477486138,12,3,9,11,1.0,False,4,2026-09-13T04:53:27.824395+00:00,106353382
indoor-f35221ccc829,legacy_v1,indoor,114,56.69999999999999,20.740425897115607,6,3,3,10,1.0,False,3,2026-09-13T04:53:58.894729+00:00,105874032
outdoor-8d8fe0ea2c07,legacy_v1,outdoor,127,62.99999999999856,45.023977766195394,5,2,3,0,4.798952563321909,False,1,2026-09-13T04:54:34.302598+00:00,102619854
outdoor-9b52b585470b,legacy_v1,outdoor,224,111.5999999999958,79.74209110334732,8,4,4,0,4.905408004938941,True,1,2026-09-13T04:54:39.148583+00:00,133965659
outdoor-9e9c914ee019,legacy_v1,outdoor,218,108.79999999999596,89.06341177367239,9,4,5,0,7.942386461615492,True,1,2026-09-13T04:54:51.834482+00:00,210967385
outdoor-426770de4cfc,legacy_v1,outdoor,112,55.79999999999897,39.94826747470522,3,2,1,0,4.537269203999184,True,1,2026-09-13T04:55:06.070490+00:00,37310202
outdoor-716b02acd54e,legacy_v1,outdoor,148,73.59999999999796,58.7365501856403,5,2,3,0,6.445889694347748,False,1,2026-09-13T04:55:55.043128+00:00,70251293
indoor-256327685335,legacy_v1,indoor,135,67.19999999999939,25.942332030452857,7,3,4,10,1.0,False,4,2026-09-13T04:56:21.916069+00:00,116840140
outdoor-e6820223197d,legacy_v1,outdoor,425,212.40000000001405,162.74284022795746,16,4,12,0,9.926338915266331,True,1,2026-09-13T04:56:35.669763+00:00,225646683
indoor-af72138c16d3,legacy_v1,indoor,66,32.70000000000026,24.268800382009058,6,2,4,10,1.0,False,9,2026-09-13T04:56:47.652972+00:00,55390226
outdoor-1776d74b5abb,legacy_v1,outdoor,99,49.19999999999934,38.279956880165884,3,2,1,0,3.6401882212671213,False,1,2026-09-13T04:56:53.220929+00:00,77600676
outdoor-9ec00191e8a5,legacy_v1,outdoor,97,47.99999999999941,35.88749292484384,3,3,0,0,3.7402211571557986,False,1,2026-09-13T04:57:28.263075+00:00,61636482
outdoor-6be71e39e9bd,legacy_v1,outdoor,245,121.99999999999521,86.4574398476386,9,3,6,0,9.264263697840786,False,1,2026-09-13T04:57:30.500887+00:00,96357398
outdoor-d0e115235a31,legacy_v1,outdoor,117,57.99999999999884,43.22738306323952,3,2,1,0,3.429134550853991,True,1,2026-09-13T04:57:45.522775+00:00,40336182
indoor-de6bdc1ce870,legacy_v1,indoor,111,55.200000000000074,21.933188525397174,8,3,5,10,1.0,False,3,2026-09-13T04:57:45.675525+00:00,84295333
outdoor-a2de68d5ef17,legacy_v1,outdoor,181,89.99999999999703,72.21719782246174,6,4,2,0,9.688786559445392,True,1,2026-09-13T04:58:24.284875+00:00,65933028
outdoor-8644ae508433,legacy_v1,outdoor,137,67.99999999999828,53.37136423669597,4,3,1,0,5.844682701718572,False,1,2026-09-13T04:58:48.384040+00:00,55882365
indoor-bd9007ad74ad,legacy_v1,indoor,226,112.49999999999682,47.514938706626296,14,4,10,11,1.0,False,3,2026-09-13T04:59:24.628069+00:00,152976282
outdoor-87db633fb180,legacy_v1,outdoor,231,114.99999999999561,84.13284115485922,7,3,4,0,8.487530756788441,False,1,2026-09-13T04:59:28.007382+00:00,181987440
outdoor-e5d8ee832bae,legacy_v1,outdoor,193,96.19999999999668,77.45250891268523,7,3,4,0,7.433247075066639,False,1,2026-09-13T05:00:22.521173+00:00,182499257
indoor-cafab9e79cdc,legacy_v1,indoor,63,31.20000000000024,20.077460685671102,7,3,4,10,1.0,False,1,2026-09-13T05:00:37.826431+00:00,48213994
outdoor-4d54d80e5041,legacy_v1,outdoor,224,111.79999999999582,87.14186342137504,10,4,6,0,8.361401155716347,False,1,2026-09-13T05:01:31.589267+00:00,106480424
outdoor-e753623648a7,legacy_v1,outdoor,173,86.19999999999725,66.13000208851845,6,4,2,0,6.785410437554084,True,1,2026-09-13T05:02:38.206081+00:00,163413336
outdoor-d681132c7e89,legacy_v1,outdoor,203,101.39999999999638,78.54580417204582,7,3,4,0,6.353289909736075,True,1,2026-09-13T05:03:04.303225+00:00,103178408
indoor-8893ee7a8bc4,legacy_v1,indoor,213,106.19999999999717,44.46054836968484,13,4,9,10,1.0,False,11,2026-09-13T05:03:43.113449+00:00,127126924
indoor-89f61bb87e3b,legacy_v1,indoor,274,136.79999999999544,62.35440628183403,18,4,14,10,1.0,False,1,2026-09-13T05:03:54.642237+00:00,197748630
indoor-d1a2220e8bd8,legacy_v1,indoor,97,48.00000000000048,21.769894408550783,6,4,2,11,1.0,False,8,2026-09-13T05:04:36.238828+00:00,74669193
outdoor-8fcb7b5f598c,legacy_v1,outdoor,137,67.99999999999828,46.33486277377497,5,3,2,0,4.8484082619630655,False,1,2026-09-13T05:04:42.045749+00:00,57405347
indoor-9cb0ac59fe3d,legacy_v1,indoor,114,56.69999999999999,28.273331461152097,7,3,4,11,1.0,False,2,2026-09-13T05:05:10.429969+00:00,117560665
outdoor-97f226b9b857,legacy_v1,outdoor,171,85.39999999999729,61.98410743791895,6,4,2,0,6.82304198033198,False,1,2026-09-13T05:06:07.639073+00:00,66408335
outdoor-795a9746a9c9,legacy_v1,outdoor,243,120.99999999999527,89.79420246138902,9,4,5,0,8.692850451225727,False,1,2026-09-13T05:06:36.769118+00:00,78374052
indoor-e94af0dd53fd,legacy_v1,indoor,131,65.3999999999995,28.00679428274028,7,3,4,12,1.0,False,4,2026-09-13T05:07:04.478950+00:00,134532856
outdoor-ca8b2d8274d5,legacy_v1,outdoor,151,75.39999999999786,59.26924308413424,5,3,2,0,6.325352833248923,False,1,2026-09-13T05:07:10.287624+00:00,47906480
outdoor-ffeb4ae5cde3,legacy_v1,outdoor,116,57.79999999999885,37.940054635803975,5,2,3,0,3.8613345755658046,False,1,2026-09-13T05:08:32.700296+00:00,74333266
indoor-6a9cce5b5cd9,legacy_v1,indoor,202,100.4999999999975,53.18423127405879,17,4,13,10,1.0,False,8,2026-09-13T05:09:46.738018+00:00,152968059
indoor-77668eb8da02,legacy_v1,indoor,239,119.39999999999642,53.25155862925165,15,4,11,9,1.0,False,3,2026-09-13T05:09:49.307775+00:00,176357230
indoor-f807b472bab7,legacy_v1,indoor,131,65.3999999999995,35.59600072850255,12,4,8,11,1.0,False,18,2026-09-13T05:11:13.635218+00:00,104258570
outdoor-b98667199489,legacy_v1,outdoor,242,120.59999999999529,96.31556652190403,10,3,7,0,5.503284138666151,True,2,2026-09-13T05:11:49.662439+00:00,77090715
indoor-29a042d76d89,legacy_v1,indoor,104,51.60000000000028,21.031709898646838,5,3,2,9,1.0,False,19,2026-09-13T05:12:08.249256+00:00,108513318
outdoor-97e8dccf9935,legacy_v1,outdoor,163,81.19999999999753,56.33359242490777,6,4,2,0,5.324839377110374,False,1,2026-09-13T05:12:32.495111+00:00,155028473
indoor-0a88279b4dce,legacy_v1,indoor,45,22.20000000000011,25.034083708343825,7,3,4,10,1.0,False,1,2026-09-13T05:14:12.732958+00:00,35626880
indoor-c7b243a6a719,legacy_v1,indoor,144,71.69999999999914,31.39921618485667,8,4,4,12,1.0,False,3,2026-09-13T05:14:13.597322+00:00,115102950
indoor-3ad93a8bafe1,legacy_v1,indoor,121,60.299999999999784,19.976092574716247,5,3,2,12,1.0,False,16,2026-09-13T05:14:18.912018+00:00,104752510
outdoor-f797e7e16b07,legacy_v1,outdoor,245,122.1999999999952,86.8659655637277,8,3,5,0,9.473018214308437,False,1,2026-09-13T05:15:29.790958+00:00,161503874
indoor-d76dde089370,legacy_v1,indoor,146,72.59999999999908,26.287813747630338,7,3,4,8,1.0,False,2,2026-09-13T05:16:57.302241+00:00,133731231
indoor-f8d46a2d6aef,legacy_v1,indoor,182,90.59999999999806,38.34602484123289,11,4,7,11,1.0,False,1,2026-09-13T05:17:25.186379+00:00,179299532
indoor-b296bc89d3a4,legacy_v1,indoor,129,64.19999999999956,26.62772934724123,7,4,3,11,1.0,False,14,2026-09-13T05:18:14.919944+00:00,97717449
indoor-e450cca55e77,legacy_v1,indoor,122,60.89999999999975,43.66843734000244,12,4,8,9,1.0,False,6,2026-09-13T05:18:20.741983+00:00,83726730
indoor-173eac64feb3,legacy_v1,indoor,126,62.69999999999965,26.003720319919374,8,4,4,10,1.0,False,6,2026-09-13T05:19:42.440569+00:00,61715362
indoor-2be12726ed0b,legacy_v1,indoor,204,101.69999999999743,43.485602533125544,12,4,8,12,1.0,False,1,2026-09-13T05:19:49.768344+00:00,160960536
outdoor-730a5ec793c0,legacy_v1,outdoor,155,76.99999999999777,65.43889818043921,7,3,4,0,4.51921559125671,True,2,2026-09-13T05:20:28.794900+00:00,99572937
indoor-44edf671aef6,legacy_v1,indoor,100,49.80000000000038,33.184938400392525,10,4,6,9,1.0,False,11,2026-09-13T05:21:12.887889+00:00,89904848
outdoor-4f095315813e,legacy_v1,outdoor,103,50.99999999999924,36.98982066364822,4,2,2,0,4.367491601871489,True,1,2026-09-13T05:21:27.307856+00:00,74683161
outdoor-aecca8444491,legacy_v1,outdoor,137,68.39999999999826,51.68096471349507,4,2,2,0,4.920795914340756,False,1,2026-09-13T05:21:37.783004+00:00,67874496
outdoor-92b744990cb0,legacy_v1,outdoor,194,96.79999999999664,71.17768923047942,6,2,4,0,7.89400160808437,False,1,2026-09-13T05:22:06.723508+00:00,61366056
outdoor-d96765054a09,legacy_v1,outdoor,132,65.7999999999984,54.31038777123561,6,2,4,0,3.4056117185753036,True,1,2026-09-13T05:23:09.504009+00:00,68507824
outdoor-6a92759be2cc,legacy_v1,outdoor,177,87.99999999999714,60.576374201891284,5,2,3,0,6.14209338681334,False,1,2026-09-13T05:23:24.328711+00:00,78272254
indoor-baca5359a2c9,legacy_v1,indoor,202,100.79999999999748,44.63605641812038,12,4,8,10,1.0,False,9,2026-09-13T05:23:48.724755+00:00,134489305
indoor-f733ae82b763,legacy_v1,indoor,127,63.29999999999961,26.134817008184367,7,3,4,11,1.0,False,7,2026-09-13T05:24:31.383088+00:00,104017778
indoor-23881b2e0bef,legacy_v1,indoor,74,36.60000000000032,20.72697784296065,6,3,3,8,1.0,False,1,2026-09-13T05:25:02.483272+00:00,62661046
indoor-953df83aaf6b,legacy_v1,indoor,182,90.89999999999804,43.03848758073134,12,4,8,8,1.0,False,4,2026-09-13T05:26:00.611830+00:00,159314277
outdoor-e916811dd5c5,legacy_v1,outdoor,133,65.9999999999984,48.14218931635877,4,3,1,0,6.901634589146935,True,1,2026-09-13T05:26:40.145243+00:00,52020888
indoor-d0230380fbc5,legacy_v1,indoor,121,59.9999999999998,25.862194649728206,7,4,3,8,1.0,False,5,2026-09-13T05:26:50.140200+00:00,115325980
outdoor-51310934bb06,legacy_v1,outdoor,130,64.79999999999846,50.38780120492076,4,2,2,0,4.940757400613684,False,1,2026-09-13T05:27:39.348121+00:00,42214309
outdoor-cda116e0eadc,legacy_v1,outdoor,184,91.59999999999694,73.91243036062929,7,4,3,0,5.308949818796698,True,1,2026-09-13T05:28:39.294756+00:00,101341104
indoor-561120cbc8d7,legacy_v1,indoor,150,74.69999999999897,29.097759226445497,10,4,6,11,1.0,False,18,2026-09-13T05:28:56.140940+00:00,154877511
outdoor-29827c727cd3,legacy_v1,outdoor,295,146.99999999999918,104.10048507374236,11,4,7,0,8.913433879122508,True,1,2026-09-13T05:29:17.715270+00:00,105547134
indoor-e92f20c868e5,legacy_v1,indoor,103,51.00000000000031,25.37463901221305,7,4,3,11,1.0,False,2,2026-09-13T05:29:30.385924+00:00,117595536
indoor-e5957602957d,legacy_v1,indoor,68,33.900000000000276,21.12526105958869,6,4,2,8,1.0,False,1,2026-09-13T05:29:43.350553+00:00,60866316
indoor-b85c310feb64,legacy_v1,indoor,143,71.39999999999915,26.443277021708028,8,4,4,10,1.0,False,13,2026-09-13T05:29:54.781353+00:00,80990734
outdoor-72102b73b234,legacy_v1,outdoor,194,96.79999999999664,78.97640406576296,9,4,5,0,5.344810890312772,True,1,2026-09-13T05:31:07.794062+00:00,182416153
indoor-2bc86ac42464,legacy_v1,indoor,80,39.600000000000364,29.301713544907557,8,4,4,12,1.0,False,6,2026-09-13T05:31:32.360478+00:00,52841025
indoor-602178b7b15f,legacy_v1,indoor,196,97.49999999999767,40.110650185453395,13,4,9,8,1.0,False,4,2026-09-13T05:31:54.423778+00:00,157130089
indoor-61e13454bf7d,legacy_v1,indoor,164,81.89999999999856,36.9815488326619,10,4,6,9,1.0,False,11,2026-09-13T05:32:31.589571+00:00,175158864
indoor-509a6ccbdb0e,legacy_v1,indoor,163,81.29999999999859,37.067741713904454,10,3,7,10,1.0,False,8,2026-09-13T05:32:42.412759+00:00,133590489
outdoor-378d788818d0,legacy_v1,outdoor,163,81.19999999999753,58.873617629553124,7,3,4,0,5.432425247542898,False,1,2026-09-13T05:32:59.308991+00:00,51229078
outdoor-a4501cc08313,legacy_v1,outdoor,125,61.999999999998614,46.82828129418283,6,3,3,0,3.740898394054114,True,1,2026-09-13T05:34:05.504338+00:00,100942732
outdoor-5b3261fdef13,legacy_v1,outdoor,99,49.19999999999934,41.47600054713797,3,3,0,0,4.3403986656163385,False,1,2026-09-13T05:34:14.893940+00:00,62718159
indoor-e4e320608460,legacy_v1,indoor,107,53.10000000000019,22.11713040462702,8,4,4,10,1.0,False,11,2026-09-13T05:34:34.319270+00:00,91112114
outdoor-32757e021081,legacy_v1,outdoor,252,125.799999999995,99.17708101698663,9,4,5,0,7.310490119483152,True,2,2026-09-13T05:35:14.753806+00:00,196883598
outdoor-3979712f2f47,legacy_v1,outdoor,151,75.19999999999787,61.01972224895343,7,4,3,0,6.194491989766174,False,1,2026-09-13T05:35:53.509021+00:00,91354612
outdoor-aed747bb717c,legacy_v1,outdoor,278,138.59999999999727,98.91895029584236,10,4,6,0,9.8790793389933,False,1,2026-09-13T05:37:07.668912+00:00,131637960
indoor-20c2f4c2d5df,legacy_v1,indoor,128,63.599999999999596,37.97296554469354,10,4,6,8,1.0,False,3,2026-09-13T05:37:23.950985+00:00,146179920
outdoor-2b6d4dfef67e,legacy_v1,outdoor,220,109.59999999999592,88.14924177746119,8,4,4,0,9.987029738327873,True,2,2026-09-13T05:37:25.134066+00:00,127309710
indoor-018ec130567b,legacy_v1,indoor,170,84.89999999999839,29.718467632251016,8,3,5,11,1.0,False,1,2026-09-13T05:37:58.751583+00:00,101779665
indoor-f059c14c2ac5,legacy_v1,indoor,97,48.45000000000044,28.67009347348401,10,4,6,8,1.0,False,4,2026-09-13T05:39:05.902084+00:00,93885754
outdoor-58394a080441,legacy_v1,outdoor,180,89.59999999999705,67.29450137204742,6,3,3,0,6.545646696933915,False,1,2026-09-13T05:39:14.634155+00:00,106669674
indoor-b2abc9857926,legacy_v1,indoor,130,64.79999999999953,26.000899468982073,8,4,4,10,1.0,False,5,2026-09-13T05:39:30.593073+00:00,118008839
indoor-ad015d212e65,legacy_v1,indoor,96,47.70000000000047,21.362697844889755,5,3,2,8,1.0,False,11,2026-09-13T05:39:46.214658+00:00,63434421
outdoor-ba53301ffd2c,legacy_v1,outdoor,102,50.59999999999926,37.64097732021186,3,2,1,0,3.9901189376023343,False,1,2026-09-13T05:40:33.899045+00:00,68765888
outdoor-10135331a408,legacy_v1,outdoor,131,65.19999999999844,49.72212960502581,5,3,2,0,5.458141225209323,False,1,2026-09-13T05:41:17.526861+00:00,44466229
outdoor-9dede72409bb,legacy_v1,outdoor,214,106.79999999999607,75.73338164948908,7,3,4,0,7.2680286849603855,False,1,2026-09-13T05:41:54.672424+00:00,85240556
indoor-f9722927a35e,legacy_v1,indoor,146,72.59999999999908,33.340697221257116,9,4,5,12,1.0,False,11,2026-09-13T05:42:20.078097+00:00,129675289
indoor-d4a714f1e124,legacy_v1,indoor,178,88.49999999999818,43.52822913108507,13,4,9,9,1.0,False,2,2026-09-13T05:42:54.058432+00:00,154627434
outdoor-a7d17c9f6200,legacy_v1,outdoor,131,64.99999999999845,49.8818090126551,4,3,1,0,4.597011122986203,False,1,2026-09-13T05:43:39.927658+00:00,42336399
indoor-bc4ba99a4208,legacy_v1,indoor,85,42.0000000000004,23.330678921732904,7,3,4,11,1.0,False,15,2026-09-13T05:43:42.594490+00:00,55486592
indoor-28e5cc505319,legacy_v1,indoor,217,107.99999999999707,45.24302383824631,15,4,11,9,1.0,False,5,2026-09-13T05:45:30.093504+00:00,173859340
outdoor-db935b42daa4,legacy_v1,outdoor,279,139.39999999999745,101.60294828077764,10,4,6,0,9.111621125395942,True,1,2026-09-13T05:49:14.110426+00:00,176725319
indoor-a0daa2c7a3f1,legacy_v1,indoor,261,130.1999999999958,57.02412407984623,16,4,12,11,1.0,False,8,2026-09-13T05:53:35.040833+00:00,201677136
outdoor-827cda42191a,legacy_v1,outdoor,158,78.79999999999767,67.39589956443258,8,4,4,0,5.270418997626732,True,2,2026-09-13T05:56:23.139699+00:00,82554485
outdoor-7ec36e14019d,legacy_v1,outdoor,193,96.19999999999668,77.28030765473605,7,3,4,0,8.224596142211066,True,2,2026-09-13T06:02:22.575438+00:00,82863471
indoor-fb99a403e7b2,legacy_v1,indoor,148,73.79999999999902,30.915125084746506,9,4,5,11,1.0,False,7,2026-09-13T06:06:08.510898+00:00,125914467
outdoor-70b97de86be8,legacy_v1,outdoor,273,135.99999999999667,109.7184925888036,12,4,8,0,8.341227515851962,True,1,2026-09-13T06:13:01.801526+00:00,90548727
indoor-edf64554aedd,legacy_v1,indoor,169,84.29999999999842,41.01613957400935,11,4,7,9,1.0,False,3,2026-09-13T06:17:25.231730+00:00,137135675
indoor-f02a25339a2d,legacy_v1,indoor,230,114.5999999999967,54.47237203144601,17,4,13,8,1.0,False,2,2026-09-13T06:22:31.180703+00:00,118907366
indoor-f42d7287a918,legacy_v1,indoor,129,64.19999999999956,31.54471210720334,8,3,5,9,1.0,False,6,2026-09-13T06:26:52.312074+00:00,105077586
indoor-91b826dd4c28,legacy_v1,indoor,245,122.09999999999627,61.94023709078916,18,3,15,11,1.0,False,5,2026-09-13T06:32:55.134228+00:00,322130433
indoor-9da1946bd686,legacy_v1,indoor,146,72.89999999999907,30.536423112392836,10,4,6,9,1.0,False,13,2026-09-13T06:38:22.491415+00:00,95661087
outdoor-718dfddcbd70,legacy_v1,outdoor,263,130.99999999999554,108.49815561162579,10,4,6,0,9.185900787491512,True,1,2026-09-13T06:47:12.058430+00:00,107230155
indoor-3d7c5ae2270d,legacy_v1,indoor,130,64.49999999999955,25.189543954610734,8,4,4,9,1.0,False,1,2026-09-13T06:51:08.271127+00:00,76021324
indoor-70eb1da63229,legacy_v1,indoor,101,50.100000000000364,22.48045806535299,8,4,4,9,1.0,False,1,2026-09-13T06:52:49.892182+00:00,84618176
indoor-d70c493ddc9f,legacy_v1,indoor,100,49.5000000000004,20.12293984975051,5,4,1,9,1.0,False,12,2026-09-13T06:58:08.859828+00:00,101384764
outdoor-896b2171df5e,legacy_v1,outdoor,193,96.39999999999667,72.04468122480037,7,3,4,0,7.923529337710958,False,1,2026-09-13T06:59:41.209048+00:00,76281269
indoor-ec410f2c5ed4,legacy_v1,indoor,137,68.09999999999934,23.559608147684603,7,4,3,12,1.0,False,1,2026-09-13T07:00:50.273072+00:00,126572224
indoor-78b459d6482f,legacy_v1,indoor,145,71.99999999999912,29.455107896774116,8,4,4,10,1.0,False,3,2026-09-13T07:02:40.036192+00:00,176812806
indoor-f8d36ebf1a00,legacy_v1,indoor,85,42.0000000000004,21.757315229732942,6,3,3,9,1.0,False,4,2026-09-13T07:04:01.939933+00:00,67432942
indoor-93526fc4a088,legacy_v1,indoor,262,130.4999999999958,53.86280829251276,17,4,13,12,1.0,False,2,2026-09-13T07:06:13.385922+00:00,204445484
outdoor-c0ab6833cf29,legacy_v1,outdoor,251,124.99999999999504,100.72764969759639,10,4,6,0,9.42963792385836,False,1,2026-09-13T07:08:20.419910+00:00,152439191
indoor-124dad2eac05,legacy_v1,indoor,87,43.200000000000415,27.71682466891109,8,3,5,8,1.0,False,7,2026-09-13T07:10:22.379098+00:00,65490871
indoor-7a0976a0256e,legacy_v1,indoor,103,51.00000000000031,27.774591089150725,8,3,5,12,1.0,False,1,2026-09-13T07:11:19.134268+00:00,100945120
outdoor-0fe63f1b863d,legacy_v1,outdoor,237,118.19999999999543,88.52481583388385,10,4,6,0,9.711877931757108,False,1,2026-09-13T07:13:00.806214+00:00,126399451
outdoor-e61b60aa2189,legacy_v1,outdoor,81,40.199999999999854,32.816809353250264,3,2,1,0,3.0342950951218786,True,1,2026-09-13T07:13:55.164654+00:00,46509809
outdoor-b574d94d5496,legacy_v1,outdoor,138,68.79999999999824,53.20728335882956,6,3,3,0,4.961448518779706,False,1,2026-09-13T07:15:01.922373+00:00,49843698
indoor-4d23e465b67f,legacy_v1,indoor,189,94.19999999999786,39.425805907161944,11,4,7,12,1.0,False,9,2026-09-13T07:17:38.539620+00:00,175224163
outdoor-a2faed30d138,legacy_v1,outdoor,171,85.1999999999973,65.93220155252116,8,4,4,0,6.353542907359494,False,1,2026-09-13T07:19:00.388616+00:00,110922920
outdoor-e86fed6d3409,legacy_v1,outdoor,111,55.39999999999899,41.08853762223802,5,4,1,0,4.430937247149873,False,1,2026-09-13T07:19:59.159634+00:00,37879054
outdoor-0458a5780eef,legacy_v1,outdoor,173,85.99999999999726,66.54383661276424,7,3,4,0,6.447642959027976,True,1,2026-09-13T07:24:05.863760+00:00,72030103
indoor-f25a82ff918c,legacy_v1,indoor,124,61.7999999999997,26.874235845710956,7,3,4,9,1.0,False,4,2026-09-13T07:25:37.631543+00:00,96097327
outdoor-d55077636917,legacy_v1,outdoor,163,80.99999999999754,58.59656560256707,6,3,3,0,6.024121669406077,True,1,2026-09-13T07:26:49.681086+00:00,55488164
outdoor-f6a987926c7d,legacy_v1,outdoor,126,62.79999999999857,49.21025787126309,5,3,2,0,6.817241379926321,True,2,2026-09-13T07:28:17.282778+00:00,75612525
indoor-b80a52c80dc3,legacy_v1,indoor,201,100.19999999999752,44.53736834244815,12,4,8,8,1.0,False,13,2026-09-13T07:31:34.484913+00:00,163826684
outdoor-3c9284b3eeaf,legacy_v1,outdoor,391,195.20000000001014,146.05836013781766,15,4,11,0,7.765506675180896,True,1,2026-09-13T07:34:14.091769+00:00,208047706
indoor-b194aad0a457,legacy_v1,indoor,158,78.59999999999874,31.451020811524227,10,4,6,11,1.0,False,1,2026-09-13T07:35:28.252805+00:00,130190637
outdoor-fe329ff6a4a1,legacy_v1,outdoor,201,100.39999999999644,73.90605917318229,7,4,3,0,7.518938518291333,False,1,2026-09-13T07:36:45.468977+00:00,82763744
indoor-b2e9717f909f,legacy_v1,indoor,111,55.200000000000074,20.925751644558048,5,4,1,11,1.0,False,4,2026-09-13T07:37:59.407215+00:00,108742680
indoor-bbcded6cae8f,legacy_v1,indoor,184,91.799999999998,47.257819583968484,15,4,11,9,1.0,False,8,2026-09-13T07:40:03.878803+00:00,158553267
outdoor-c2059178e29d,legacy_v1,outdoor,268,133.59999999999613,97.28156416886328,11,3,8,0,9.025768702179178,False,1,2026-09-13T07:41:41.191943+00:00,138716345
outdoor-774b8cbafad9,legacy_v1,outdoor,223,110.99999999999584,86.32604167410503,8,4,4,0,6.576961661093817,True,2,2026-09-13T07:43:23.559819+00:00,155595322
indoor-c891f806512f,legacy_v1,indoor,119,59.399999999999835,23.43150060029508,8,3,5,11,1.0,False,3,2026-09-13T07:44:27.299661+00:00,106125264
outdoor-fa7ea821ddf1,legacy_v1,outdoor,220,109.59999999999592,90.43967582311713,8,4,4,0,6.284598830972688,True,1,2026-09-13T07:45:40.147554+00:00,170435239
indoor-b406c8bea23e,legacy_v1,indoor,127,63.29999999999961,25.860102142615162,9,3,6,12,1.0,False,3,2026-09-13T07:49:52.426701+00:00,81300501
outdoor-ec7cb2182204,legacy_v1,outdoor,229,114.19999999999565,85.72984162491747,10,4,6,0,8.003308422073808,True,1,2026-09-13T07:51:11.601462+00:00,118266755
outdoor-76f2cd34a0bf,legacy_v1,outdoor,179,89.19999999999708,69.65130065450296,7,4,3,0,7.294511412033485,True,1,2026-09-13T07:52:16.232087+00:00,88904244
indoor-49e23da29c80,legacy_v1,indoor,112,55.80000000000004,23.66954327791956,6,3,3,9,1.0,False,2,2026-09-13T07:53:15.128813+00:00,129046905
outdoor-c7e29d29be3d,legacy_v1,outdoor,118,58.59999999999881,45.23745795852929,6,4,2,0,4.565197269664391,False,1,2026-09-13T07:54:01.831467+00:00,49839003
outdoor-c643b6c7a875,legacy_v1,outdoor,203,101.39999999999638,75.4305004584681,9,4,5,0,8.187161137977547,False,1,2026-09-13T07:55:11.786321+00:00,66057168
outdoor-adc047664711,legacy_v1,outdoor,195,97.19999999999663,65.48963406500174,7,3,4,0,6.803885100161087,False,1,2026-09-13T07:56:20.451834+00:00,129139980
outdoor-119ae30bd18d,legacy_v1,outdoor,365,182.00000000000713,137.9060815251676,13,4,9,0,9.641122577785033,True,1,2026-09-13T07:58:32.946596+00:00,187082298
indoor-24a0fa9bbc0f,legacy_v1,indoor,111,55.200000000000074,22.43587321728332,7,3,4,11,1.0,False,4,2026-09-13T07:59:41.163460+00:00,112890205
indoor-8c6cce9bb04d,legacy_v1,indoor,134,66.89999999999941,36.77503204066487,12,4,8,10,1.0,False,2,2026-09-13T08:00:45.398710+00:00,95158592
outdoor-86b6e5c517b4,legacy_v1,outdoor,135,66.99999999999834,49.18294934362808,4,3,1,0,5.635378930986379,True,1,2026-09-13T08:01:37.507756+00:00,64268922
outdoor-957e50e21fdd,legacy_v1,outdoor,267,132.999999999996,93.88945840142256,9,3,6,0,9.542349191000472,False,1,2026-09-13T08:03:10.658984+00:00,101208945
outdoor-9db9245ecd68,legacy_v1,outdoor,182,90.79999999999697,51.37151037868811,6,3,3,0,6.393758527268318,True,1,2026-09-13T08:04:12.302950+00:00,149537210
outdoor-d60b90afd68e,legacy_v1,outdoor,213,106.19999999999611,78.46116935630158,7,2,5,0,7.948676531402517,False,1,2026-09-13T08:05:22.057475+00:00,167541699
outdoor-8f2c63a895d8,legacy_v1,outdoor,169,83.99999999999737,65.02230304409963,7,3,4,0,6.128512290704329,False,1,2026-09-13T08:06:27.479585+00:00,72538187
outdoor-ed5b79ead434,legacy_v1,outdoor,254,126.59999999999495,93.69548547623744,10,3,7,0,9.274200603446651,False,1,2026-09-13T08:10:38.538076+00:00,149238704
indoor-ea1bcd0e9143,legacy_v1,indoor,178,88.49999999999818,37.726035732290946,12,4,8,9,1.0,False,9,2026-09-13T08:12:41.520273+00:00,150846219
indoor-5b7042bf0f56,legacy_v1,indoor,163,81.29999999999859,34.46665286599648,9,4,5,8,1.0,False,5,2026-09-13T08:14:28.847345+00:00,157732047
outdoor-95ec7b9468bb,legacy_v1,outdoor,136,67.79999999999829,49.61432291956808,6,3,3,0,5.315081555296853,False,1,2026-09-13T08:15:20.745041+00:00,42687650
indoor-00b5002040c5,legacy_v1,indoor,56,27.900000000000194,20.65013439581656,5,2,3,9,1.0,False,6,2026-09-13T08:16:20.637947+00:00,52926355
indoor-9648c935f35f,legacy_v1,indoor,110,54.90000000000009,22.536253812171324,6,3,3,9,1.0,False,4,2026-09-13T08:17:34.997878+00:00,87427339
outdoor-6e5e0593bd49,legacy_v1,outdoor,247,123.19999999999514,91.23741156405126,10,4,6,0,9.273102246875968,False,1,2026-09-13T08:19:07.273470+00:00,126815694
outdoor-ea09b8a1e173,legacy_v1,outdoor,199,98.99999999999652,75.13110445971873,7,4,3,0,7.555204791666951,False,1,2026-09-13T08:20:14.569178+00:00,153948716
outdoor-f9313fe45a50,legacy_v1,outdoor,98,48.799999999999365,38.95363839756652,3,1,2,0,3.463845354248227,True,1,2026-09-13T08:20:55.695475+00:00,32802955
outdoor-e3278825ef9f,legacy_v1,outdoor,227,112.99999999999572,83.57584915311514,9,3,6,0,9.045480357872261,True,1,2026-09-13T08:22:14.557237+00:00,78807046
outdoor-43bdaa00f42a,legacy_v1,outdoor,162,80.59999999999756,59.983677493378075,7,4,3,0,5.96159850544872,False,1,2026-09-13T08:23:10.725801+00:00,55598124
indoor-255955d2c0bf,legacy_v1,indoor,184,91.799999999998,28.1351190771775,8,4,4,11,1.0,False,18,2026-09-13T08:26:28.702978+00:00,144883511
outdoor-1e2698eecd2b,legacy_v1,outdoor,125,61.999999999998614,51.50895730625357,4,3,1,0,4.2209312102294945,True,3,2026-09-13T08:27:39.967558+00:00,61891987
outdoor-9c7f1112bb64,legacy_v1,outdoor,104,51.599999999999206,42.38665241200847,5,4,1,0,3.0042249757707586,True,1,2026-09-13T08:28:27.517211+00:00,51668372
outdoor-f44ea29f8aeb,legacy_v1,outdoor,176,87.59999999999717,73.08063951248124,6,3,3,0,5.222176858844735,True,2,2026-09-13T08:29:34.025310+00:00,144374410
outdoor-9b36170be7e4,legacy_v1,outdoor,210,104.69999999999622,77.34435025040077,9,4,5,0,7.778290241401317,False,1,2026-09-13T08:30:43.514129+00:00,71044669
outdoor-da6d9b2d7a6f,legacy_v1,outdoor,209,104.39999999999621,85.81213537227521,8,4,4,0,7.42019324438831,True,4,2026-09-13T08:32:29.062545+00:00,128547655
indoor-f1a552afef22,legacy_v1,indoor,172,85.49999999999835,53.30436442145387,16,4,12,10,1.0,False,1,2026-09-13T08:33:39.694462+00:00,104687138
outdoor-28c319aa0766,legacy_v1,outdoor,100,49.79999999999931,38.8379599103426,4,3,1,0,3.0895515112814524,True,1,2026-09-13T08:34:25.252676+00:00,53260098
indoor-db7b406d4aae,legacy_v1,indoor,171,85.19999999999837,42.36040556954404,12,4,8,8,1.0,False,7,2026-09-13T08:36:11.242030+00:00,120882723
outdoor-ea56c945482f,legacy_v1,outdoor,185,92.1999999999969,70.28514707992235,6,4,2,0,7.236656144027047,False,1,2026-09-13T08:37:21.592110+00:00,87667856
outdoor-70e733af6349,legacy_v1,outdoor,122,60.79999999999868,48.692667246960355,4,3,1,0,5.201376712515308,False,1,2026-09-13T08:38:09.205438+00:00,84275792
outdoor-05bae373d417,legacy_v1,outdoor,172,85.59999999999728,78.57979181799604,8,4,4,0,4.455943776161294,True,1,2026-09-13T08:39:08.896463+00:00,136184959
outdoor-2e28cc4b035d,legacy_v1,outdoor,308,153.80000000000072,123.04404826140816,11,4,7,0,7.082335803605592,True,1,2026-09-13T08:40:44.569039+00:00,101691548
outdoor-7a487d67702c,legacy_v1,outdoor,80,39.59999999999989,33.72476485032209,2,2,0,0,3.7507127084984155,False,1,2026-09-13T08:41:19.429376+00:00,57957022
indoor-bac8c049b875,legacy_v1,indoor,94,46.800000000000466,26.475600724923947,7,3,4,9,1.0,False,1,2026-09-13T08:42:01.991413+00:00,106944580
outdoor-c37c41a0d0a8,legacy_v1,outdoor,241,120.3999999999953,92.02416765610117,9,3,6,0,9.388909546637828,False,1,2026-09-13T08:43:26.892585+00:00,86082106
outdoor-d82e4e09198c,legacy_v1,outdoor,123,61.39999999999865,42.215459008612626,3,3,0,0,3.9222890930857446,False,1,2026-09-13T08:44:17.269591+00:00,63710769
outdoor-ca62b3d7a1d5,legacy_v1,outdoor,341,170.4000000000045,136.88652179754513,13,4,9,0,9.554891788753153,True,1,2026-09-13T08:46:20.691651+00:00,286641007
indoor-9a3dea56f56b,legacy_v1,indoor,97,48.300000000000466,21.566215795205203,5,3,2,8,1.0,False,20,2026-09-13T08:52:25.341027+00:00,54313053
outdoor-1010b75c65bd,legacy_v1,outdoor,139,69.3999999999982,53.80468526132556,4,2,2,0,5.757322906381258,False,1,2026-09-13T08:53:16.662390+00:00,43100209
indoor-dd528c29d932,legacy_v1,indoor,118,58.499999999999886,20.22121182851409,6,4,2,10,1.0,False,1,2026-09-13T08:54:09.997467+00:00,115913304
outdoor-3289a61f1fbb,legacy_v1,outdoor,180,89.59999999999705,67.88027522595318,6,4,2,0,6.877135776530408,False,1,2026-09-13T08:55:12.779758+00:00,146298825
indoor-1e7331b1edde,legacy_v1,indoor,123,61.19999999999973,31.53664754240659,8,2,6,8,1.0,False,6,2026-09-13T08:56:43.252765+00:00,92713259
indoor-9540cde8dd10,legacy_v1,indoor,170,84.5999999999984,34.70719899777719,10,4,6,9,1.0,False,5,2026-09-13T09:00:54.015734+00:00,112695200
outdoor-150cd91c14fb,legacy_v1,outdoor,127,63.199999999998546,51.777869190092844,6,3,3,0,5.600590792731866,False,1,2026-09-13T09:01:44.309902+00:00,66498875
indoor-3b25096ba5d9,legacy_v1,indoor,136,67.49999999999937,21.12933245442743,6,3,3,12,1.0,False,2,2026-09-13T13:13:24.637169+00:00,86157072
outdoor-75a24c67e0aa,legacy_v1,outdoor,205,102.19999999999634,80.52443167668069,7,3,4,0,5.416798779244241,True,1,2026-09-13T13:14:37.473431+00:00,159511566
outdoor-871367d4b3f5,legacy_v1,outdoor,365,182.3000000000072,112.5490097641952,10,4,6,0,7.777162834574032,True,1,2026-09-13T13:16:47.865858+00:00,200393325
indoor-413bc8a681cc,legacy_v1,indoor,176,87.89999999999822,46.05280815084173,14,4,10,8,1.0,False,7,2026-09-13T13:18:28.265528+00:00,110208420
outdoor-2a5a7588317a,legacy_v1,outdoor,92,45.799999999999535,35.25751696716213,5,3,2,0,3.4822866084713744,False,2,2026-09-13T13:20:16.960421+00:00,75187755
indoor-c0e0efdf2147,legacy_v1,indoor,82,40.50000000000037,32.30631690637846,10,3,7,9,1.0,False,17,2026-09-13T13:21:08.442358+00:00,70353830
outdoor-75e3c6cad602,legacy_v1,outdoor,117,58.19999999999883,42.22515168072274,5,3,2,0,3.9133009675793304,True,2,2026-09-13T13:21:17.836735+00:00,65900845
indoor-4a6ab730865a,legacy_v1,indoor,200,99.59999999999755,52.10114135947208,17,4,13,11,1.0,False,14,2026-09-13T13:22:27.486787+00:00,237674114
outdoor-a0b91ad2221f,legacy_v1,outdoor,213,106.09999999999611,77.64441246625927,8,4,4,0,7.179157226551333,False,1,2026-09-13T13:22:34.219413+00:00,165104608
indoor-bacc695cd0a2,legacy_v1,indoor,113,56.10000000000002,25.901829380554545,7,4,3,9,1.0,False,2,2026-09-13T13:23:25.648258+00:00,109076110
indoor-1e5f15011500,legacy_v1,indoor,89,44.10000000000042,27.03510741128071,9,4,5,10,1.0,False,14,2026-09-13T13:23:28.034282+00:00,87144055
outdoor-ba4e3edd527d,legacy_v1,outdoor,82,40.59999999999983,34.155162487618,3,3,0,0,3.31476903156953,False,1,2026-09-13T13:23:58.148295+00:00,77422882
outdoor-6ceb45123b48,legacy_v1,outdoor,284,141.59999999999795,113.43048107088045,12,4,8,0,7.429200315098712,True,1,2026-09-13T13:24:13.583573+00:00,152111644
outdoor-56460a558566,legacy_v1,outdoor,81,40.199999999999854,30.973872243644443,2,2,0,0,3.0473487969271638,False,1,2026-09-13T13:24:14.348047+00:00,48513408
outdoor-81f233f57974,legacy_v1,outdoor,76,37.79999999999999,29.319863369637567,2,2,0,0,3.0035596913564464,False,1,2026-09-13T13:24:51.750364+00:00,23345656
indoor-0e8db9736749,legacy_v1,indoor,122,60.59999999999977,27.144464114314026,7,4,3,12,1.0,False,4,2026-09-13T13:25:18.023796+00:00,119686239
indoor-15b8cca7a406,legacy_v1,indoor,106,52.80000000000021,23.994279212156204,7,3,4,8,1.0,False,13,2026-09-13T13:26:32.760050+00:00,74744990
indoor-d86aeee49012,legacy_v1,indoor,193,95.99999999999775,41.76515048093813,12,4,8,12,1.0,False,4,2026-09-13T13:27:59.036631+00:00,156173944
indoor-aebb69f100b2,legacy_v1,indoor,107,53.400000000000176,22.564948802686327,6,2,4,8,1.0,False,20,2026-09-13T13:30:02.590617+00:00,121383340
indoor-b309029e47f7,legacy_v1,indoor,149,74.099999999999,35.036551135402554,12,4,8,9,1.0,False,13,2026-09-13T13:30:44.250326+00:00,125440718
indoor-41b092544c69,legacy_v1,indoor,145,72.2999999999991,37.6705597728358,10,4,6,10,1.0,False,16,2026-09-13T13:31:24.575369+00:00,60992294
outdoor-84847cbffbf5,legacy_v1,outdoor,154,76.59999999999779,63.21263199595098,7,4,3,0,5.701277433865053,True,1,2026-09-13T13:31:42.615690+00:00,79069886
indoor-c112dc000753,legacy_v1,indoor,116,57.89999999999992,26.76441450143693,8,4,4,8,1.0,False,1,2026-09-13T13:32:38.351531+00:00,76630281
indoor-1ad2e63b8b0f,legacy_v1,indoor,190,94.49999999999784,44.62361114258509,14,4,10,8,1.0,False,12,2026-09-13T13:32:48.510243+00:00,175442715
outdoor-8ae6a0fff678,legacy_v1,outdoor,258,128.79999999999504,93.6895343769189,10,4,6,0,9.299578746528542,False,1,2026-09-13T13:33:07.737520+00:00,133654343
outdoor-ff0c66d174fb,legacy_v1,outdoor,235,117.19999999999548,78.54202777865879,7,4,3,0,8.20178486718464,False,1,2026-09-13T13:34:18.101170+00:00,149603493
outdoor-fad0ac89b365,legacy_v1,outdoor,249,124.39999999999507,94.75739816037944,8,4,4,0,8.56723556205776,True,3,2026-09-13T13:34:26.896234+00:00,142501866
outdoor-378610270ec5,legacy_v1,outdoor,88,43.79999999999965,30.744036377440253,3,3,0,0,3.4289572705190556,True,2,2026-09-13T13:35:14.124891+00:00,30018659
indoor-29a969983fbf,legacy_v1,indoor,106,52.50000000000023,22.23377309477427,6,3,3,10,1.0,False,14,2026-09-13T13:35:34.713323+00:00,86321394
indoor-1541a74b2778,legacy_v1,indoor,142,70.79999999999919,29.571004838268614,9,4,5,12,1.0,False,10,2026-09-13T13:36:28.672570+00:00,153583665
indoor-1c09a1532b89,legacy_v1,indoor,109,54.00000000000014,25.79380285150252,7,3,4,8,1.0,False,3,2026-09-13T13:36:49.922646+00:00,105275899
indoor-f80ed76f5445,legacy_v1,indoor,227,113.09999999999678,54.616848701229614,16,4,12,11,1.0,False,2,2026-09-13T13:36:50.245079+00:00,216226714
outdoor-9250fe08f245,legacy_v1,outdoor,190,94.49999999999679,58.333110957595224,7,3,4,0,5.91244484886896,False,1,2026-09-13T13:37:39.948377+00:00,129513129
indoor-ed3f96bf4252,legacy_v1,indoor,149,74.39999999999898,29.300384347035546,9,3,6,12,1.0,False,6,2026-09-13T13:38:31.051529+00:00,95136567
outdoor-3a1c58a1c685,legacy_v1,outdoor,288,143.5999999999984,98.35102319945477,10,4,6,0,7.458559194875749,True,2,2026-09-13T13:39:00.302682+00:00,184926808
outdoor-c33a875f6f2a,legacy_v1,outdoor,232,115.79999999999556,83.27943928938355,8,3,5,0,9.45301073348767,True,1,2026-09-13T13:39:17.605152+00:00,83385215
outdoor-4360f89f2b85,legacy_v1,outdoor,310,154.80000000000095,126.81635120745894,13,4,9,0,8.051812754529415,True,1,2026-09-13T13:40:33.162912+00:00,122439820
indoor-5d862829c811,legacy_v1,indoor,118,58.79999999999987,21.850309824552355,7,4,3,9,1.0,False,16,2026-09-13T13:42:03.299939+00:00,103934924
indoor-5d56850419c4,legacy_v1,indoor,156,77.5499999999988,34.894273770106096,10,4,6,9,1.0,False,15,2026-09-13T13:42:03.351851+00:00,164597953
indoor-ede6c98de1f6,legacy_v1,indoor,122,60.59999999999977,36.443763748566866,11,4,7,8,1.0,False,15,2026-09-13T13:42:58.546071+00:00,114894281
indoor-e883910e5864,legacy_v1,indoor,155,77.39999999999881,35.042912863656646,11,4,7,10,1.0,False,5,2026-09-13T13:43:39.882150+00:00,105801628
outdoor-f0674b704ca4,legacy_v1,outdoor,136,67.5999999999983,46.73024399362414,4,3,1,0,4.175335625355524,True,2,2026-09-13T13:44:50.459924+00:00,77482715
indoor-58fad5496c9f,legacy_v1,indoor,213,106.19999999999717,45.29290702431276,13,4,9,11,1.0,False,11,2026-09-13T13:45:01.625049+00:00,134855664
indoor-c991139b29b0,legacy_v1,indoor,116,57.59999999999994,35.6715959501136,11,4,7,11,1.0,False,17,2026-09-13T13:45:35.975625+00:00,103881322
indoor-9b793b405008,legacy_v1,indoor,129,64.19999999999956,24.35526413485224,7,4,3,12,1.0,False,1,2026-09-13T13:46:03.187022+00:00,122289812
indoor-a91467e80326,legacy_v1,indoor,136,67.49999999999937,28.590035852377095,9,4,5,9,1.0,False,2,2026-09-13T13:46:08.076656+00:00,131094089
outdoor-918e8ea6f8b1,legacy_v1,outdoor,139,69.19999999999821,49.72611202562926,6,4,2,0,5.027887614402945,False,1,2026-09-13T13:46:38.864874+00:00,68756722
outdoor-c9426f484474,legacy_v1,outdoor,190,94.79999999999676,72.03072480447068,7,4,3,0,7.4468423089065015,False,1,2026-09-13T13:47:22.568527+00:00,117698095
indoor-ff355fac6a1a,legacy_v1,indoor,124,61.7999999999997,28.290953947535762,8,2,6,8,1.0,False,2,2026-09-13T13:47:39.430077+00:00,87470203
outdoor-b00b5a731843,legacy_v1,outdoor,75,37.200000000000024,28.522702383908744,2,1,1,0,3.324121939183726,True,1,2026-09-13T13:47:59.122688+00:00,44910831
indoor-3c18ce0b6952,legacy_v1,indoor,130,64.79999999999953,30.943271742203574,10,4,6,8,1.0,False,8,2026-09-13T13:48:04.618038+00:00,147185404
indoor-9d9a1223cdd3,legacy_v1,indoor,109,54.300000000000125,23.355348189745573,8,4,4,11,1.0,False,3,2026-09-13T13:48:48.443327+00:00,89497097
outdoor-71d9fc6a958b,legacy_v1,outdoor,223,110.99999999999584,75.8250228055353,7,4,3,0,7.884542378860454,False,1,2026-09-13T13:49:24.388364+00:00,73852276
outdoor-7ca10ecd7fc3,legacy_v1,outdoor,269,133.99999999999622,98.4379738609253,9,3,6,0,9.579912499689396,False,1,2026-09-13T13:49:51.666029+00:00,208557118
outdoor-901cda6a03f7,legacy_v1,outdoor,219,108.99999999999595,80.74388714812795,7,4,3,0,8.106954125197404,False,1,2026-09-13T13:50:09.898625+00:00,207756594
outdoor-892e94e15d84,legacy_v1,outdoor,131,64.99999999999845,46.722103889550475,6,4,2,0,4.922598259296052,True,1,2026-09-13T13:50:19.444178+00:00,95512462
outdoor-38336a544de0,legacy_v1,outdoor,63,31.000000000000306,24.799037737604724,3,3,0,0,4.263001836054893,True,1,2026-09-13T13:50:53.812036+00:00,49229410
outdoor-cbb3d98868c4,legacy_v1,outdoor,151,75.19999999999787,56.41045384175263,6,4,2,0,5.813877157937515,False,1,2026-09-13T13:50:56.460832+00:00,86438931
indoor-754e96480a46,legacy_v1,indoor,99,49.200000000000415,21.098047510113638,5,3,2,10,1.0,False,5,2026-09-13T13:51:23.806530+00:00,73940978
outdoor-7950fa0e567b,legacy_v1,outdoor,151,75.39999999999786,57.02200805189087,7,4,3,0,5.1228016865988,True,2,2026-09-13T13:52:03.999266+00:00,78323887
outdoor-79f8bac17afb,legacy_v1,outdoor,182,90.599999999997,62.6557881085423,6,3,3,0,5.800275711605222,False,2,2026-09-13T13:52:05.845244+00:00,103734147
outdoor-782da06f79ae,legacy_v1,outdoor,178,88.7999999999971,59.84583811072567,7,4,3,0,4.500153572594051,True,1,2026-09-13T13:53:15.429796+00:00,111058746
outdoor-32f5a306bc98,legacy_v1,outdoor,195,97.39999999999661,73.05657721267372,8,3,5,0,7.1438442649457565,False,1,2026-09-13T13:53:29.428603+00:00,86039673
indoor-bc1e5df71aa6,legacy_v1,indoor,114,56.69999999999999,25.130621721281557,9,3,6,11,1.0,False,13,2026-09-13T13:53:42.704207+00:00,110777662
outdoor-55ebe6db780f,legacy_v1,outdoor,247,123.19999999999514,99.18796814701388,9,4,5,0,7.134736286980404,True,1,2026-09-13T13:54:53.647261+00:00,120460745
outdoor-474b111b40a6,legacy_v1,outdoor,187,92.99999999999686,67.37285005235988,8,4,4,0,6.699442183965526,False,1,2026-09-13T13:54:55.491080+00:00,123971037
outdoor-048f115500a0,legacy_v1,outdoor,96,47.79999999999942,36.89552101661624,4,2,2,0,3.6417781347049663,False,1,2026-09-13T13:55:36.848965+00:00,45892545
outdoor-dd6d9a3c595c,legacy_v1,outdoor,167,83.19999999999742,57.03394561464777,7,4,3,0,5.7341026531684705,False,1,2026-09-13T13:56:00.044021+00:00,54805934
indoor-e982c6d3b9f6,legacy_v1,indoor,214,106.49999999999716,49.39277513774975,14,4,10,8,1.0,False,14,2026-09-13T13:56:24.615860+00:00,158676394
indoor-8436d27599e4,legacy_v1,indoor,87,43.200000000000415,20.899645860876944,6,4,2,10,1.0,False,4,2026-09-13T13:56:45.007582+00:00,56933413
indoor-852a43916557,legacy_v1,indoor,38,18.900000000000066,30.017493891545005,8,4,4,7,1.0,False,2,2026-09-13T13:57:00.408247+00:00,33606800
indoor-b66691877ffc,legacy_v1,indoor,105,52.200000000000244,23.104184758933812,7,4,3,9,1.0,False,7,2026-09-13T13:57:39.078968+00:00,92340504
outdoor-e19823787203,legacy_v1,outdoor,251,125.19999999999503,94.48724307538117,10,3,7,0,5.080372813179614,True,2,2026-09-13T13:58:37.678548+00:00,136714088
indoor-037876d3cd16,legacy_v1,indoor,144,71.69999999999914,35.27442262735201,11,4,7,10,1.0,False,3,2026-09-13T13:59:01.956742+00:00,119073916
indoor-d80be92afc99,legacy_v1,indoor,85,42.0000000000004,26.201779728512932,7,4,3,12,1.0,False,11,2026-09-13T13:59:07.749264+00:00,70660812
indoor-9f8714060cf9,legacy_v1,indoor,94,46.500000000000455,20.751613172196333,7,4,3,12,1.0,False,4,2026-09-13T13:59:47.804406+00:00,64543841
outdoor-45b7bbc8b0de,legacy_v1,outdoor,155,76.99999999999777,60.610806388830376,7,3,4,0,4.811187891978644,True,1,2026-09-13T14:00:01.713308+00:00,87665467
indoor-3e199f0e1b78,legacy_v1,indoor,115,57.299999999999955,21.6108363195734,7,4,3,8,1.0,False,2,2026-09-13T14:00:16.674404+00:00,140113967
outdoor-fb7bae892494,legacy_v1,outdoor,141,70.19999999999816,52.445607799791304,6,4,2,0,5.232959210010246,False,1,2026-09-13T14:01:11.062346+00:00,50983463
outdoor-31d3e2b2c6c3,legacy_v1,outdoor,269,134.3999999999963,104.8518331380769,9,4,5,0,9.675327338054121,False,1,2026-09-13T14:01:52.818122+00:00,127771747
indoor-b13610a87f2d,legacy_v1,indoor,116,57.59999999999994,25.387287829425354,7,3,4,10,1.0,False,1,2026-09-13T14:02:13.698277+00:00,102902594
indoor-8ca1554127e8,legacy_v1,indoor,207,103.19999999999735,45.83204733746186,13,4,9,11,1.0,False,9,2026-09-13T14:02:17.072068+00:00,194317771
indoor-fa2386e918f0,legacy_v1,indoor,72,35.7000000000003,34.102871739019314,11,3,8,9,1.0,False,1,2026-09-13T14:02:50.241393+00:00,55889509
indoor-57667ac62ca0,legacy_v1,indoor,86,42.900000000000404,21.681772216333066,6,3,3,9,1.0,False,5,2026-09-13T14:02:55.619206+00:00,72499772
indoor-9ab29140a10d,legacy_v1,indoor,80,39.600000000000364,20.17499261917761,5,3,2,8,1.0,False,2,2026-09-13T14:03:41.432444+00:00,77869307
indoor-6d81111dba58,legacy_v1,indoor,163,80.99999999999861,32.40842586977292,10,3,7,12,1.0,False,2,2026-09-13T14:04:08.090056+00:00,177622188
outdoor-76f96ccabd1b,legacy_v1,outdoor,138,68.59999999999825,49.50474550540936,5,3,2,0,4.881439608588849,False,1,2026-09-13T14:05:03.504725+00:00,98422754
outdoor-bb68b607f6b8,legacy_v1,outdoor,204,101.79999999999636,72.83640380920397,8,4,4,0,7.909145910085435,False,1,2026-09-13T14:05:09.971242+00:00,118611598
outdoor-2898169a5065,legacy_v1,outdoor,170,84.79999999999733,59.62744544247018,6,4,2,0,6.38689948023748,False,1,2026-09-13T14:06:16.945465+00:00,65528862
outdoor-3928d78e5ede,legacy_v1,outdoor,224,111.5999999999958,79.9732520011622,9,3,6,0,8.442849843454908,False,1,2026-09-13T14:06:25.949678+00:00,146249857
indoor-f673f68aead9,legacy_v1,indoor,175,86.99999999999827,33.50312522573296,11,4,7,12,1.0,False,3,2026-09-13T14:07:46.588796+00:00,182753325
outdoor-2c22917868d4,legacy_v1,outdoor,284,141.799999999998,98.60034635127569,10,4,6,0,7.257053950101842,True,1,2026-09-13T14:08:02.164164+00:00,100881147
outdoor-3234ad52ba3b,legacy_v1,outdoor,79,39.3999999999999,32.718234143642825,3,3,0,0,3.0352212725364276,False,1,2026-09-13T14:08:40.706698+00:00,34898454
indoor-f6a9ed6d81e7,legacy_v1,indoor,159,79.3499999999987,28.92905310771925,8,4,4,12,1.0,False,4,2026-09-13T14:09:16.289556+00:00,134959739
outdoor-de8093c99fe0,legacy_v1,outdoor,150,74.7999999999979,57.333722260214394,7,3,4,0,5.202915536920577,True,1,2026-09-13T14:09:34.430225+00:00,55375584
indoor-1c0d7350cf4e,legacy_v1,indoor,223,111.29999999999688,63.90035888186996,19,4,15,12,1.0,False,11,2026-09-13T14:10:25.134684+00:00,255319097
outdoor-093b66af858f,legacy_v1,outdoor,141,70.19999999999816,48.711091836589674,6,3,3,0,6.6262120978694865,True,2,2026-09-13T14:10:48.971094+00:00,61720581
outdoor-c0b1d6220bab,legacy_v1,outdoor,116,57.89999999999885,42.76409098981755,5,4,1,0,4.674653073255184,True,1,2026-09-13T14:11:27.692983+00:00,81962548
indoor-8a091440c160,legacy_v1,indoor,110,54.90000000000009,23.728884907819882,7,4,3,8,1.0,False,16,2026-09-13T14:12:13.760479+00:00,83161764
indoor-e644274e84b7,legacy_v1,indoor,136,67.79999999999936,31.827280540162114,11,3,8,9,1.0,False,9,2026-09-13T14:13:32.648713+00:00,101644280
outdoor-cb4150331739,legacy_v1,outdoor,152,75.79999999999784,62.28781156925672,5,3,2,0,6.2789102168343,False,1,2026-09-13T14:15:29.446241+00:00,53681652
outdoor-399df0150600,legacy_v1,outdoor,231,115.39999999999559,87.97682927357664,10,3,7,0,8.206625870189626,False,1,2026-09-13T14:15:32.807492+00:00,114354155
indoor-1f56dd243918,legacy_v1,indoor,118,58.499999999999886,27.490883076217443,8,3,5,9,1.0,False,19,2026-09-13T14:15:33.561933+00:00,93388157
outdoor-ea28db3e1610,legacy_v1,outdoor,155,76.99999999999777,60.809107409921765,5,3,2,0,4.856162188059384,True,1,2026-09-13T14:16:32.137147+00:00,124573464
outdoor-2d245edb01e4,legacy_v1,outdoor,249,124.39999999999507,93.25231880502088,9,4,5,0,9.367034109700347,True,1,2026-09-13T14:17:24.735941+00:00,127335098
outdoor-98dc8e7866b4,legacy_v1,outdoor,136,67.79999999999829,54.24408417703685,6,3,3,0,5.972340222195452,False,1,2026-09-13T14:17:43.391112+00:00,74345414
outdoor-e30980fa4e77,legacy_v1,outdoor,271,134.99999999999645,105.13560046246818,10,4,6,0,8.280917699315713,True,3,2026-09-13T14:17:51.518543+00:00,186114912
indoor-02f10a68c017,legacy_v1,indoor,86,42.600000000000406,29.422310285560215,9,4,5,11,1.0,False,2,2026-09-13T14:18:19.212045+00:00,85200732
indoor-a703d65d6376,legacy_v1,indoor,103,51.00000000000031,22.56736660457037,7,3,4,10,1.0,False,4,2026-09-13T14:19:18.071785+00:00,101395882
indoor-e95e1421a429,legacy_v1,indoor,159,79.19999999999871,29.00315096790964,9,2,7,11,1.0,False,1,2026-09-13T14:19:36.856292+00:00,107401839
indoor-0868cd89c913,legacy_v1,indoor,264,131.69999999999573,56.161032328036384,17,4,13,10,1.0,False,2,2026-09-13T14:19:49.535102+00:00,232422219
outdoor-6c0509b536fe,legacy_v1,outdoor,272,135.59999999999658,95.93853173594471,11,4,7,0,9.214049458076847,False,1,2026-09-13T14:21:47.505533+00:00,212267945
outdoor-2cc2b85be62a,legacy_v1,outdoor,260,129.59999999999522,93.20628321720886,10,4,6,0,8.794453744389646,False,1,2026-09-13T14:22:09.818613+00:00,180080785
indoor-a439ab293576,legacy_v1,indoor,134,66.59999999999943,32.68538552715353,9,4,5,10,1.0,False,4,2026-09-13T14:23:33.160944+00:00,126014721
indoor-d5dbaaeda673,legacy_v1,indoor,112,55.50000000000006,25.863381003993773,9,3,6,12,1.0,False,3,2026-09-13T14:23:38.814105+00:00,74192076
outdoor-5be636b73c3a,legacy_v1,outdoor,237,117.99999999999544,85.49129006757774,9,3,6,0,8.31389579021805,False,1,2026-09-13T14:23:57.948825+00:00,94990588
indoor-839806c90024,legacy_v1,indoor,161,80.09999999999866,40.66259510966,13,4,9,8,1.0,False,2,2026-09-13T14:24:49.411875+00:00,71591380
outdoor-bc79c346b9a6,legacy_v1,outdoor,199,99.3999999999965,77.52532921115525,8,4,4,0,7.43977167056579,False,1,2026-09-13T14:25:12.720473+00:00,154900483
outdoor-2b2f913710be,legacy_v1,outdoor,169,84.39999999999735,62.224468635448645,5,4,1,0,5.973087612605129,False,1,2026-09-13T14:26:19.198511+00:00,61484686
outdoor-4fb995b799a3,legacy_v1,outdoor,265,132.1999999999958,100.08196169472816,9,4,5,0,9.4961007962612,True,1,2026-09-13T14:26:40.315106+00:00,113445379
outdoor-9929bf5f5a5e,legacy_v1,outdoor,242,120.59999999999529,96.13951442884796,11,4,7,0,6.076209454437571,True,1,2026-09-13T14:27:45.776930+00:00,92754437
outdoor-2af04ab17c05,legacy_v1,outdoor,155,76.99999999999777,66.89592028483754,8,4,4,0,4.893243678843306,True,1,2026-09-13T14:27:49.047607+00:00,79138122
indoor-f67507dbf172,legacy_v1,indoor,228,113.84999999999675,62.240761081175656,20,4,16,12,1.0,False,8,2026-09-13T14:28:35.848482+00:00,196694758
outdoor-e5285bde6cbe,legacy_v1,outdoor,185,91.99999999999692,71.04698919594361,7,3,4,0,4.79126038086914,True,1,2026-09-13T14:28:53.783205+00:00,109847655
indoor-1f72920aedf3,legacy_v1,indoor,125,62.399999999999665,38.13277816157302,10,4,6,12,1.0,False,4,2026-09-13T14:29:10.791904+00:00,142688601
outdoor-8a23767693bb,legacy_v1,outdoor,248,123.59999999999512,95.87460779721847,11,3,8,0,6.978582686918134,True,1,2026-09-13T14:29:58.049900+00:00,130990099
indoor-9d18c62d9eba,legacy_v1,indoor,104,51.60000000000028,22.60711032066692,6,3,3,11,1.0,False,2,2026-09-13T14:30:08.732293+00:00,87134065
outdoor-70e704d8b731,legacy_v1,outdoor,270,134.59999999999636,102.29852138853528,9,4,5,0,9.894182212820755,False,1,2026-09-13T14:30:39.074412+00:00,131466720
outdoor-6d4f09240a29,legacy_v1,outdoor,125,62.39999999999859,46.862145357691716,5,3,2,0,4.964265523524172,False,1,2026-09-13T14:31:01.737071+00:00,63911555
indoor-0627ba7bb345,legacy_v1,indoor,106,52.50000000000023,31.322686594385555,8,4,4,11,1.0,False,1,2026-09-13T14:31:25.679602+00:00,87156129
indoor-f3da653ad4fe,legacy_v1,indoor,68,33.900000000000276,21.219003388532315,7,4,3,9,1.0,False,13,2026-09-13T14:32:02.716683+00:00,85033178
indoor-7074522dab89,legacy_v1,indoor,167,83.09999999999849,33.15500221440264,11,4,7,11,1.0,False,3,2026-09-13T14:32:27.769602+00:00,156642552
indoor-f9ceb3297096,legacy_v1,indoor,149,74.099999999999,47.37548982005373,14,4,10,11,1.0,False,1,2026-09-13T14:32:36.107764+00:00,147683016
outdoor-88542d1b2961,legacy_v1,outdoor,133,66.39999999999837,54.34811152803129,4,2,2,0,5.340710613262948,False,1,2026-09-13T14:33:26.089069+00:00,62701629
indoor-8defc69b25c1,legacy_v1,indoor,228,113.69999999999675,47.8654966552469,13,4,9,9,1.0,False,7,2026-09-13T14:34:01.519425+00:00,156192461
indoor-266357378868,legacy_v1,indoor,216,107.69999999999709,44.79183219524688,14,4,10,12,1.0,False,5,2026-09-13T14:34:20.370838+00:00,222912952
outdoor-ea5765c8a580,legacy_v1,outdoor,246,122.79999999999517,95.85744122691517,11,4,7,0,9.393880117431394,False,1,2026-09-13T14:34:51.337416+00:00,141162264
indoor-4658be013084,legacy_v1,indoor,115,57.299999999999955,25.890910462454265,7,4,3,9,1.0,False,2,2026-09-13T14:35:21.322913+00:00,112315896
outdoor-250c2912a592,legacy_v1,outdoor,152,75.79999999999784,60.45987752325186,5,4,1,0,6.056969042650632,False,1,2026-09-13T14:35:52.707487+00:00,48112606
indoor-0a2459d1a5e9,legacy_v1,indoor,271,135.29999999999552,41.12451992321799,11,4,7,11,1.0,False,4,2026-09-13T14:36:02.882614+00:00,271243920
outdoor-f1bdbe8e044d,legacy_v1,outdoor,221,110.39999999999587,82.01505667903717,8,3,5,0,8.574488526441488,False,1,2026-09-13T14:37:27.516920+00:00,108206143
indoor-33e067189934,legacy_v1,indoor,189,94.19999999999786,39.64558707146254,13,3,10,10,1.0,False,3,2026-09-13T14:37:30.039422+00:00,150703107
indoor-016c5ba14d12,legacy_v1,indoor,128,63.89999999999958,26.340071163363177,7,4,3,8,1.0,False,12,2026-09-13T14:37:37.634927+00:00,140764937
outdoor-34f9a313b7a9,legacy_v1,outdoor,173,86.19999999999725,66.92473618795816,8,4,4,0,6.939166447992131,False,1,2026-09-13T14:38:27.524400+00:00,58698950
indoor-13e28be7099c,legacy_v1,indoor,160,79.79999999999868,34.09918673815555,11,4,7,11,1.0,False,3,2026-09-13T14:38:47.913940+00:00,168193373
indoor-3ec96c7f3d46,legacy_v1,indoor,160,79.49999999999869,32.250877057999546,11,4,7,11,1.0,False,3,2026-09-13T14:39:00.509779+00:00,130507540
outdoor-27b230b05624,legacy_v1,outdoor,114,56.79999999999891,38.29563970661408,4,3,1,0,4.255592233425041,True,2,2026-09-13T14:39:27.604678+00:00,57991871
outdoor-822deae251ad,legacy_v1,outdoor,125,61.999999999998614,45.915488799201256,5,4,1,0,5.347711341706625,True,1,2026-09-13T14:39:51.546393+00:00,81920882
outdoor-2699b5146c6d,legacy_v1,outdoor,247,123.39999999999513,89.28180955951083,10,4,6,0,8.983913714770948,False,1,2026-09-13T14:40:23.773316+00:00,96804431
outdoor-ff61008b49ef,legacy_v1,outdoor,101,50.199999999999285,38.31956245984348,5,4,1,0,3.7776732622872573,False,3,2026-09-13T14:40:42.954188+00:00,62626841
indoor-37c8e09be047,legacy_v1,indoor,187,92.99999999999793,42.57564800568788,14,4,10,8,1.0,False,8,2026-09-13T14:42:19.297338+00:00,165034927
indoor-ec5ea6f7403e,legacy_v1,indoor,236,117.59999999999653,54.60157249403387,17,4,13,9,1.0,False,10,2026-09-13T14:42:33.308552+00:00,263467903
indoor-3a19a37faa85,legacy_v1,indoor,122,60.89999999999975,21.556308038658024,6,3,3,12,1.0,False,2,2026-09-13T14:43:16.798202+00:00,139220380
outdoor-3580a078a522,legacy_v1,outdoor,227,113.3999999999957,94.01387581032478,9,4,5,0,6.166035811820574,True,1,2026-09-13T14:43:59.391882+00:00,122771996
outdoor-30d1072a042f,legacy_v1,outdoor,129,63.9999999999985,51.41134893875608,4,2,2,0,5.186348690436637,False,1,2026-09-13T14:44:50.980562+00:00,42275731
outdoor-06cc9dd5334e,legacy_v1,outdoor,258,128.79999999999504,100.14168403664581,9,4,5,0,7.890084915325751,True,2,2026-09-13T14:45:16.453530+00:00,93659313
outdoor-aab30d5c7a11,legacy_v1,outdoor,150,74.5999999999979,56.27933152076032,5,2,3,0,5.176266746222319,False,1,2026-09-13T14:46:09.879256+00:00,142760916
indoor-ffc171ae94ca,legacy_v1,indoor,184,91.799999999998,39.119875233544846,11,4,7,8,1.0,False,19,2026-09-13T14:47:40.501701+00:00,162771212
indoor-0442ac73d0e7,legacy_v1,indoor,265,131.9999999999957,60.16351596836034,17,4,13,8,1.0,False,2,2026-09-13T14:48:56.438093+00:00,158751191
indoor-e585bbc03eed,legacy_v1,indoor,223,111.29999999999688,52.322488780993325,15,4,11,12,1.0,False,2,2026-09-13T14:49:23.155149+00:00,208239163
outdoor-8f6f9710558d,legacy_v1,outdoor,282,140.59999999999772,101.9118679043653,11,4,7,0,9.285337412503395,False,1,2026-09-13T14:49:40.944002+00:00,114278589
outdoor-83b2f6babdec,legacy_v1,outdoor,191,94.99999999999675,76.21767909377591,7,4,3,0,7.378334404851067,False,1,2026-09-13T14:50:57.363938+00:00,132662126
outdoor-71b0a92a5d64,legacy_v1,outdoor,301,149.99999999999986,120.05820811516105,12,4,8,0,9.933856330461925,True,2,2026-09-13T14:50:57.686440+00:00,155530014
indoor-99a6c9c80702,legacy_v1,indoor,146,72.59999999999908,31.439476111464394,9,4,5,9,1.0,False,6,2026-09-13T14:51:16.112205+00:00,161741708
outdoor-098dbe6e8b54,legacy_v1,outdoor,169,84.39999999999735,66.83283264956256,7,3,4,0,5.010266750249977,True,1,2026-09-13T14:52:02.051772+00:00,61326084
outdoor-90d0dd3dc179,legacy_v1,outdoor,103,51.19999999999923,43.08627067782788,5,3,2,0,4.215232306018462,False,1,2026-09-13T14:52:04.786469+00:00,49759313
indoor-de6f6ece9e3f,legacy_v1,indoor,83,41.10000000000038,30.993443538453747,10,4,6,10,1.0,False,1,2026-09-13T14:52:45.664048+00:00,97730762
indoor-8cc6d7cd8e08,legacy_v1,indoor,203,101.09999999999746,51.70133091213824,15,4,11,10,1.0,False,10,2026-09-13T14:53:28.791834+00:00,231853702
outdoor-842c28804c93,legacy_v1,outdoor,133,66.19999999999838,57.40429823605821,6,3,3,0,5.403534994777542,False,1,2026-09-13T14:54:21.981619+00:00,89599833
outdoor-9a4fb1b65128,legacy_v1,outdoor,279,139.1999999999974,105.77703890655182,10,4,6,0,9.494648586405548,True,1,2026-09-13T14:54:41.629457+00:00,99869717
indoor-6bce90729fae,legacy_v1,indoor,140,69.89999999999924,34.303010516540056,9,4,5,9,1.0,False,13,2026-09-13T14:54:47.083485+00:00,158615808
indoor-e3eb1a2643a6,legacy_v1,indoor,153,76.19999999999888,29.497524499834963,10,4,6,11,1.0,False,2,2026-09-13T14:55:35.303103+00:00,161576752
outdoor-b66f688e29f0,legacy_v1,outdoor,130,64.79999999999846,53.77772834903632,6,1,5,0,4.854982404366458,True,1,2026-09-13T14:55:38.980219+00:00,63685222
indoor-290fdf8d8b00,legacy_v1,indoor,171,85.19999999999837,37.67869448393918,10,4,6,10,1.0,False,4,2026-09-13T14:56:21.686321+00:00,95616648
indoor-6a4ddb8b573a,legacy_v1,indoor,153,76.19999999999888,41.76549327650257,14,4,10,12,1.0,False,1,2026-09-13T14:56:39.898253+00:00,128429684
outdoor-ac79f9c67392,legacy_v1,outdoor,255,126.99999999999493,83.51686066493005,9,4,5,0,9.19633642343072,False,1,2026-09-13T14:57:25.297437+00:00,109223672
outdoor-7ac92a6ee02e,legacy_v1,outdoor,189,94.39999999999678,64.69956671859812,5,3,2,0,9.342022352859837,True,2,2026-09-13T14:57:41.640488+00:00,68758165
outdoor-965d41470b67,legacy_v1,outdoor,217,107.999999999996,79.85732657209185,8,4,4,0,7.917583860936126,False,1,2026-09-13T14:58:49.663875+00:00,156563610
indoor-c8af0ed0dbb3,legacy_v1,indoor,138,68.6999999999993,30.37104580334131,10,4,6,12,1.0,False,9,2026-09-13T14:58:53.199662+00:00,143469987
outdoor-775cbb49e4d4,legacy_v1,outdoor,109,54.39999999999905,45.60639188643262,6,4,2,0,3.433332583132227,True,1,2026-09-13T14:59:33.184658+00:00,89294386
indoor-5610b0bd5aa8,legacy_v1,indoor,52,25.800000000000164,23.625594748250425,7,4,3,10,1.0,False,5,2026-09-13T14:59:57.929658+00:00,51991486
indoor-45d169fb19bd,legacy_v1,indoor,128,63.599999999999596,26.359809298627255,7,3,4,8,1.0,False,14,2026-09-13T15:00:08.669562+00:00,119799104
outdoor-6325ed6eda19,legacy_v1,outdoor,155,77.39999999999775,54.53212016055606,6,3,3,0,5.409877062747125,False,1,2026-09-13T15:00:37.167968+00:00,94747829
outdoor-600433214b8e,legacy_v1,outdoor,217,107.999999999996,84.94524395711039,8,3,5,0,6.6823826664017405,True,1,2026-09-13T15:01:19.580558+00:00,136485152
indoor-e6399f9452ea,legacy_v1,indoor,113,56.400000000000006,21.551015712182213,7,4,3,10,1.0,False,3,2026-09-13T15:01:40.890890+00:00,68976181
outdoor-f65c5408e1be,legacy_v1,outdoor,237,118.39999999999542,86.37842310586366,9,3,6,0,8.803091750472877,False,1,2026-09-13T15:01:43.926822+00:00,96380965
outdoor-40767e145944,legacy_v1,outdoor,77,37.99999999999998,28.77078077877379,4,3,1,0,3.0792593444877063,False,1,2026-09-13T15:02:16.732620+00:00,25091320
outdoor-035cf1cbb8a1,legacy_v1,outdoor,171,84.99999999999731,64.52884233471588,7,4,3,0,7.070547849830177,False,1,2026-09-13T15:02:54.243898+00:00,91192328
outdoor-a118214e7865,legacy_v1,outdoor,215,106.99999999999606,83.39588980942295,9,3,6,0,9.268251511080226,False,1,2026-09-13T15:03:39.213514+00:00,130276212
outdoor-5ea89930019e,legacy_v1,outdoor,217,108.39999999999598,79.47721394721114,7,4,3,0,8.726918740225823,False,1,2026-09-13T15:04:17.372962+00:00,103793108
outdoor-104cebbe3a74,legacy_v1,outdoor,157,78.0999999999977,55.38706685494898,7,4,3,0,5.537891255432648,False,1,2026-09-13T15:04:41.466185+00:00,96247715
outdoor-5239a71fd44e,legacy_v1,outdoor,77,38.399999999999956,31.173899785968867,3,2,1,0,3.306711617880383,True,1,2026-09-13T15:04:55.997072+00:00,49649197
outdoor-c0f8a41ca65f,legacy_v1,outdoor,110,54.799999999999024,36.11984118414814,4,3,1,0,3.765635075363664,False,1,2026-09-13T15:05:04.508100+00:00,91887516
indoor-a5e90681681b,legacy_v1,indoor,110,54.90000000000009,31.86051336040694,11,4,7,11,1.0,False,1,2026-09-13T15:05:52.876522+00:00,72649296
indoor-1f5664115800,legacy_v1,indoor,210,104.69999999999726,50.49393451303621,14,3,11,12,1.0,False,3,2026-09-13T15:06:47.560859+00:00,168611743
indoor-33f5a477bb6d,legacy_v1,indoor,114,56.69999999999999,29.507280233172125,8,4,4,8,1.0,False,13,2026-09-13T15:07:11.404675+00:00,86795799
outdoor-400c4bd2edd4,legacy_v1,outdoor,261,129.9999999999953,101.67152351557532,10,3,7,0,5.452332162330311,True,1,2026-09-13T15:07:23.641231+00:00,220635695
indoor-b749de5ffcd1,legacy_v1,indoor,98,48.60000000000045,22.055816491995856,7,4,3,9,1.0,False,5,2026-09-13T15:08:34.331361+00:00,99259108
indoor-29be61cfabe2,legacy_v1,indoor,265,132.2999999999957,57.318001737341035,17,4,13,8,1.0,False,1,2026-09-13T15:09:04.639552+00:00,244483494
indoor-65442573cecc,legacy_v1,indoor,179,89.09999999999816,37.65255527118966,12,4,8,12,1.0,False,9,2026-09-13T15:09:17.726876+00:00,109611306
outdoor-9eabbbf68e38,legacy_v1,outdoor,244,121.79999999999522,86.70827150356368,9,4,5,0,9.02070287332149,False,1,2026-09-13T15:10:15.759502+00:00,120437932
indoor-ad010f880b2d,legacy_v1,indoor,74,36.90000000000032,21.63047562755331,7,2,5,10,1.0,False,4,2026-09-13T15:10:17.233590+00:00,65162983
outdoor-ee2755fcd4c5,legacy_v1,outdoor,85,42.39999999999973,33.094282904546134,2,2,0,0,3.528194273343487,False,2,2026-09-13T15:10:33.355666+00:00,59565364
outdoor-72ca64237f02,legacy_v1,outdoor,135,67.19999999999833,53.150148068367905,6,2,4,0,4.495564749204103,True,1,2026-09-13T15:11:35.176943+00:00,48951726
outdoor-121f9df9ef45,legacy_v1,outdoor,242,120.79999999999528,90.37962744858494,9,3,6,0,7.028686988998301,True,1,2026-09-13T15:11:54.315301+00:00,145325916
indoor-f4ac0e7f9af1,legacy_v1,indoor,167,83.39999999999847,32.36759122172843,9,3,6,11,1.0,False,7,2026-09-13T15:12:33.038106+00:00,141445296
indoor-896de1975389,legacy_v1,indoor,139,69.29999999999927,37.18487033514611,11,4,7,8,1.0,False,1,2026-09-13T15:13:08.807264+00:00,131813451
outdoor-ecb995a7800e,legacy_v1,outdoor,232,115.59999999999557,88.9010416919404,9,4,5,0,7.20432037012093,True,1,2026-09-13T15:13:23.116347+00:00,152722169
outdoor-4eb09e2f10aa,legacy_v1,outdoor,197,97.99999999999658,74.61058679012758,8,3,5,0,6.7846020596793455,True,1,2026-09-13T15:13:52.651348+00:00,64624140
outdoor-96ff6d129bbe,legacy_v1,outdoor,102,50.59999999999926,43.1146676235585,3,2,1,0,3.3985288106607667,True,1,2026-09-13T15:13:55.517042+00:00,34968263
outdoor-5dcce7cb9937,legacy_v1,outdoor,100,49.59999999999932,41.758535381419115,3,3,0,0,4.383666152065177,False,1,2026-09-13T15:14:40.553006+00:00,38068981
outdoor-223e15c6d168,legacy_v1,outdoor,298,148.79999999999959,113.56968328386282,10,4,6,0,9.957889686873596,True,1,2026-09-13T15:15:30.643671+00:00,158163964
indoor-d979a8457f32,legacy_v1,indoor,140,69.59999999999926,30.290020119391166,9,4,5,9,1.0,False,5,2026-09-13T15:15:34.417410+00:00,89685439
outdoor-ac24e5f73c65,legacy_v1,outdoor,169,83.99999999999737,62.25360286802324,6,3,3,0,4.644742552763368,True,1,2026-09-13T15:15:54.550448+00:00,136752968
outdoor-9a38b268affa,legacy_v1,outdoor,129,64.1999999999985,49.917866783759465,6,3,3,0,4.406065754470558,True,1,2026-09-13T15:16:27.128908+00:00,47513044
indoor-e0fe7de79d22,legacy_v1,indoor,115,57.299999999999955,24.011211393744325,8,4,4,12,1.0,False,3,2026-09-13T15:16:52.325983+00:00,105048150
outdoor-6cbac4eaa018,legacy_v1,outdoor,140,69.79999999999818,53.26752824016575,4,2,2,0,4.243730584040518,True,1,2026-09-13T15:17:26.432017+00:00,101396341
outdoor-05d7d6e3fbaf,legacy_v1,outdoor,252,125.799999999995,101.80067865468371,10,4,6,0,7.543572474400272,True,1,2026-09-13T15:17:49.578703+00:00,139005891
indoor-5a5f3543249d,legacy_v1,indoor,116,57.89999999999992,24.721681963544345,7,3,4,11,1.0,False,1,2026-09-13T15:17:54.427923+00:00,81436063
outdoor-f2b7a42d72df,legacy_v1,outdoor,155,76.99999999999777,60.88973953334097,5,2,3,0,4.243797978607491,True,1,2026-09-13T15:18:57.721115+00:00,51382081
outdoor-475ee6b4b291,legacy_v1,outdoor,212,105.59999999999614,77.41049508312301,8,3,5,0,8.228828249825872,False,1,2026-09-13T15:19:04.349569+00:00,94975308
indoor-7e63c605bf93,legacy_v1,indoor,124,61.7999999999997,26.668312426565087,9,4,5,12,1.0,False,2,2026-09-13T15:20:14.322940+00:00,111928933
indoor-be15cfbb5f06,legacy_v1,indoor,272,135.5999999999955,56.38197759310269,16,4,12,9,1.0,False,1,2026-09-13T15:20:53.583277+00:00,197905734
outdoor-0183d389b6b8,legacy_v1,outdoor,207,103.39999999999627,79.66786951855637,9,3,6,0,6.001250994341579,True,1,2026-09-13T15:22:22.177139+00:00,116966359
outdoor-46bb40bc4899,legacy_v1,outdoor,252,125.599999999995,95.91931361452613,10,4,6,0,9.537968165148595,False,1,2026-09-13T15:24:41.503943+00:00,146415583
outdoor-eaf291176e32,legacy_v1,outdoor,101,50.399999999999274,36.58878714697573,3,2,1,0,3.8987156847186997,True,1,2026-09-13T15:25:29.011085+00:00,54804729
indoor-08a21600b188,legacy_v1,indoor,68,33.900000000000276,23.797106233332794,8,3,5,9,1.0,False,17,2026-09-13T15:25:37.573077+00:00,67026647
outdoor-c4e3c81239e0,legacy_v1,outdoor,170,84.59999999999734,62.93462672161835,6,4,2,0,6.2598442887092665,False,1,2026-09-13T15:26:45.623549+00:00,53189164
indoor-a841e80ee18e,legacy_v1,indoor,174,86.69999999999828,47.3299410992392,13,4,9,8,1.0,False,5,2026-09-13T15:27:31.740167+00:00,134197397
indoor-985da86d793c,legacy_v1,indoor,155,77.09999999999883,35.380586530185425,10,4,6,10,1.0,False,14,2026-09-13T15:27:42.346310+00:00,124572836
outdoor-654578799634,legacy_v1,outdoor,203,100.9999999999964,81.07201732749067,7,3,4,0,5.706681009663198,True,2,2026-09-13T15:29:21.631767+00:00,148104674
indoor-5b9627ee43b7,legacy_v1,indoor,199,99.14999999999759,35.999840294813104,11,4,7,9,1.0,False,8,2026-09-13T15:29:24.841235+00:00,157046419
outdoor-983fd8f265eb,legacy_v1,outdoor,205,102.19999999999634,78.21202966831478,7,3,4,0,8.607316240036685,True,1,2026-09-13T15:30:51.539321+00:00,104532627
indoor-84f11af93585,legacy_v1,indoor,116,57.74999999999993,21.858493061966517,6,3,3,9,1.0,False,17,2026-09-13T15:31:12.927618+00:00,101664016
indoor-5513760b05e8,legacy_v1,indoor,238,118.94999999999646,58.85665176516669,17,4,13,11,1.0,False,1,2026-09-13T15:32:24.271676+00:00,189296625
outdoor-7d379eed481a,legacy_v1,outdoor,150,74.7999999999979,58.22610292907996,7,3,4,0,5.985063674572248,False,1,2026-09-13T15:33:25.803101+00:00,95445169
indoor-1b378c14daa0,legacy_v1,indoor,103,51.300000000000296,21.58560288999945,7,3,4,11,1.0,False,18,2026-09-13T15:34:36.726459+00:00,112399099
indoor-7be6035877ca,legacy_v1,indoor,144,71.69999999999914,42.39597287650287,14,4,10,8,1.0,False,2,2026-09-13T15:34:46.910456+00:00,108371274
outdoor-2601e8eef05f,legacy_v1,outdoor,145,71.99999999999805,51.219213755593,5,3,2,0,4.751282556411215,False,1,2026-09-13T15:35:53.198373+00:00,82682757
outdoor-104c42d74f4f,legacy_v1,outdoor,273,136.39999999999677,106.86966480576007,10,3,7,0,9.507617973434312,True,2,2026-09-13T15:36:43.211020+00:00,90518392
indoor-c1c542c2dc12,legacy_v1,indoor,140,69.59999999999926,35.910143996772746,12,4,8,11,1.0,False,2,2026-09-13T15:37:02.887889+00:00,144620958
outdoor-9ae72a46de6a,legacy_v1,outdoor,161,80.19999999999759,64.11360067109162,6,4,2,0,6.840937603453101,False,1,2026-09-13T15:38:09.871788+00:00,59073590
outdoor-011d1a48ddbf,legacy_v1,outdoor,141,70.19999999999816,53.491056015815175,4,3,1,0,5.118771423244277,False,1,2026-09-13T15:38:43.311477+00:00,133291294
indoor-bd965e6cd00e,legacy_v1,indoor,101,50.100000000000364,21.648108341016798,5,3,2,12,1.0,False,8,2026-09-13T15:39:21.246675+00:00,66353710
outdoor-e94fcd4e0ce4,legacy_v1,outdoor,194,96.59999999999665,70.31728547569436,7,2,5,0,7.88521039356688,True,1,2026-09-13T15:40:07.534925+00:00,82570333
outdoor-73ddac81def8,legacy_v1,outdoor,168,83.5999999999974,55.06949689837129,5,4,1,0,5.4976168076455565,False,1,2026-09-13T15:40:22.379391+00:00,100334165
outdoor-19e794d6d8fb,legacy_v1,outdoor,156,77.79999999999772,57.16362370817971,7,2,5,0,5.620448151907767,True,1,2026-09-13T15:40:48.333595+00:00,123904596
outdoor-261d1307c764,legacy_v1,outdoor,197,98.19999999999656,78.44163643949236,9,3,6,0,7.071250626959835,True,1,2026-09-13T15:41:48.729087+00:00,122961538
outdoor-4a2d5cac2eb6,legacy_v1,outdoor,211,105.19999999999617,79.74278860672254,7,2,5,0,8.37119178748647,False,1,2026-09-13T15:42:11.576092+00:00,79666860
indoor-8c58b5fe20fe,legacy_v1,indoor,104,51.60000000000028,23.821234442235042,7,4,3,9,1.0,False,4,2026-09-13T15:42:23.262314+00:00,79790452
outdoor-8a4b1a36f774,legacy_v1,outdoor,85,42.19999999999974,31.762296084635175,3,2,1,0,3.088323540420299,False,1,2026-09-13T15:42:58.992893+00:00,52851020
outdoor-9ae944bd4b42,legacy_v1,outdoor,188,93.79999999999681,72.76409473364987,6,3,3,0,6.851867078257247,False,2,2026-09-13T15:43:36.805686+00:00,95897297
outdoor-28e5b704a5a8,legacy_v1,outdoor,135,66.99999999999834,51.98250338813873,4,2,2,0,4.757553648555047,False,1,2026-09-13T15:43:39.427812+00:00,85100467
indoor-e8f61331a089,legacy_v1,indoor,111,55.200000000000074,23.17766115656014,8,3,5,11,1.0,False,3,2026-09-13T15:45:15.431231+00:00,88880604
outdoor-03101f02220e,legacy_v1,outdoor,122,60.89999999999868,46.64101672756587,5,3,2,0,3.5794028467956416,True,2,2026-09-13T15:45:16.156168+00:00,69599480
outdoor-2e32f0dee838,legacy_v1,outdoor,115,57.399999999998876,55.36420149609003,5,3,2,0,4.98039077970909,True,1,2026-09-13T15:46:12.787910+00:00,57907881
indoor-aedda23467e1,legacy_v1,indoor,250,124.49999999999613,56.58104658272837,18,4,14,9,1.0,False,17,2026-09-13T15:47:15.795547+00:00,268661072
outdoor-f434592fcdee,legacy_v1,outdoor,139,69.3999999999982,52.06858046641859,4,2,2,0,4.923407506032404,False,1,2026-09-13T15:48:15.098418+00:00,68295224
indoor-4dfb79e2405c,legacy_v1,indoor,122,60.59999999999977,25.744960413126016,8,3,5,8,1.0,False,13,2026-09-13T15:48:50.481764+00:00,110955530
indoor-da61be9a3e04,legacy_v1,indoor,166,82.7999999999985,35.5285298337937,11,4,7,8,1.0,False,2,2026-09-13T15:49:33.679659+00:00,163612370
outdoor-cc8877fba8f7,legacy_v1,outdoor,131,64.99999999999845,48.435327035208886,5,2,3,0,3.892748014142414,True,3,2026-09-13T15:49:41.450484+00:00,69204622
indoor-7404c5041594,legacy_v1,indoor,111,55.200000000000074,23.740153551310303,6,3,3,10,1.0,False,2,2026-09-13T15:50:46.662892+00:00,121502362
indoor-bfd0b401618a,legacy_v1,indoor,208,103.49999999999733,38.4064228301819,12,4,8,10,1.0,False,12,2026-09-13T15:51:35.877952+00:00,222639763
indoor-333412440d10,legacy_v1,indoor,128,63.89999999999958,33.75340087620637,9,4,5,9,1.0,False,9,2026-09-13T15:51:53.633736+00:00,103924557
indoor-621a771c9919,legacy_v1,indoor,141,70.19999999999922,32.14376865634452,10,4,6,8,1.0,False,7,2026-09-13T15:52:46.018594+00:00,145739648
outdoor-8d09beb60a34,legacy_v1,outdoor,174,86.59999999999722,60.983557427947346,7,3,4,0,6.09399007299211,True,1,2026-09-13T15:53:12.704962+00:00,89407031
indoor-b5a886788ac6,legacy_v1,indoor,152,75.59999999999891,28.72118617993854,8,4,4,10,1.0,False,11,2026-09-13T15:54:14.479377+00:00,121322527
indoor-33e0c889dea7,legacy_v1,indoor,121,59.9999999999998,30.935131394069245,9,4,5,9,1.0,False,1,2026-09-13T15:54:24.050506+00:00,113498454
outdoor-8a96237a2362,legacy_v1,outdoor,251,125.19999999999503,92.72129190591698,8,3,5,0,9.25837666955525,False,1,2026-09-13T15:54:44.025712+00:00,237884324
indoor-e631e100033a,legacy_v1,indoor,178,88.79999999999816,40.146713863108104,13,4,9,9,1.0,False,1,2026-09-13T15:55:41.041917+00:00,119431995
outdoor-3d5e6f958d2c,legacy_v1,outdoor,137,68.19999999999827,53.332598276256824,4,3,1,0,4.654483560230327,True,2,2026-09-13T15:55:47.125395+00:00,110792622
indoor-20ae4a24811e,legacy_v1,indoor,173,86.3999999999983,31.249531122879006,10,4,6,9,1.0,False,3,2026-09-13T15:57:22.641556+00:00,97141095
outdoor-3b9bfecfc1a3,legacy_v1,outdoor,264,131.59999999999567,95.25210856965793,10,4,6,0,9.658283574677245,False,1,2026-09-13T15:57:40.825907+00:00,210659716
indoor-85f353eae6f8,legacy_v1,indoor,138,68.6999999999993,27.557496103781983,9,4,5,10,1.0,False,1,2026-09-13T15:58:30.499567+00:00,99544522
indoor-312647e65aba,legacy_v1,indoor,160,79.49999999999869,32.263775206388715,10,4,6,8,1.0,False,5,2026-09-13T15:59:09.504430+00:00,181718887
outdoor-010dfb3cb70c,legacy_v1,outdoor,336,167.60000000000386,121.46749358749062,12,4,8,0,9.11609934178402,True,1,2026-09-13T15:59:59.685345+00:00,261736769
outdoor-303b85cf39b9,legacy_v1,outdoor,179,89.39999999999706,69.06024392961005,6,3,3,0,5.2048895373446955,True,1,2026-09-13T16:00:02.057725+00:00,90552446
outdoor-7f7a41b2ca7c,legacy_v1,outdoor,186,92.79999999999687,67.20386953612874,6,3,3,0,6.8317944194728675,False,1,2026-09-13T16:00:27.127231+00:00,145234761
indoor-793a61031492,legacy_v1,indoor,140,69.89999999999924,32.0012854789678,9,3,6,12,1.0,False,7,2026-09-13T16:02:12.278514+00:00,125068519
indoor-0fa0c77ccf06,legacy_v1,indoor,107,53.400000000000176,23.99185695803953,6,3,3,8,1.0,False,8,2026-09-13T16:02:14.159348+00:00,108397319
outdoor-ccb78b094b62,legacy_v1,outdoor,128,63.79999999999851,45.22734756572747,4,3,1,0,4.651483500648804,False,1,2026-09-13T16:03:15.897666+00:00,66602688
indoor-fa2d10a6d212,legacy_v1,indoor,125,62.399999999999665,32.45988644730595,10,3,7,10,1.0,False,20,2026-09-13T16:03:58.023539+00:00,56362767
outdoor-9d3d7430f9fe,legacy_v1,outdoor,126,62.79999999999857,46.72672508803693,5,3,2,0,3.6785476933445462,True,4,2026-09-13T16:05:04.665479+00:00,92224899
outdoor-65ad7c199999,legacy_v1,outdoor,126,62.59999999999858,44.79617417381796,3,3,0,0,4.490284945420753,False,1,2026-09-13T16:06:03.840206+00:00,82289091
indoor-9e87bce421dd,legacy_v1,indoor,124,61.7999999999997,33.77383110752345,11,4,7,10,1.0,False,5,2026-09-13T16:06:45.439225+00:00,93927688
indoor-264f96e3f838,legacy_v1,indoor,93,46.20000000000046,20.560014941554115,6,3,3,10,1.0,False,2,2026-09-13T16:07:16.384150+00:00,105366913
outdoor-4627ca2ed245,legacy_v1,outdoor,343,171.40000000000472,136.76482105168,14,4,10,0,9.216324331322014,True,4,2026-09-13T16:07:19.271633+00:00,125667444
outdoor-d9b8a468a139,legacy_v1,outdoor,96,47.79999999999942,39.10498045342057,3,3,0,0,3.784164965670083,False,1,2026-09-13T16:07:35.410544+00:00,29549962
outdoor-3b11678653e1,legacy_v1,outdoor,139,69.3999999999982,50.34183313321354,5,3,2,0,5.559038700466234,False,1,2026-09-13T16:08:18.079594+00:00,109566072
indoor-32435a3d2743,legacy_v1,indoor,194,96.8999999999977,44.49689436080635,12,4,8,11,1.0,False,8,2026-09-13T16:10:07.351375+00:00,213582084
indoor-1b0175ac41ed,legacy_v1,indoor,186,92.69999999999794,45.697200166621585,14,4,10,10,1.0,False,10,2026-09-13T16:10:10.921827+00:00,202104368
outdoor-7ed13d1d0a1e,legacy_v1,outdoor,128,63.59999999999852,45.07486247072235,4,4,0,0,5.005138274853877,True,1,2026-09-13T16:11:03.655316+00:00,94615284
indoor-294880ab65fe,legacy_v1,indoor,98,48.90000000000043,20.496080391873136,7,3,4,12,1.0,False,4,2026-09-13T16:11:19.385854+00:00,116997923
indoor-612cf90f58eb,legacy_v1,indoor,180,89.69999999999811,36.287659188048494,10,4,6,10,1.0,False,17,2026-09-13T16:12:03.941292+00:00,193208141
indoor-c551b8dd03e1,legacy_v1,indoor,119,59.399999999999835,21.710280381340716,7,4,3,8,1.0,False,14,2026-09-13T16:13:42.498751+00:00,93272257
indoor-72559f6705b0,legacy_v1,indoor,109,54.300000000000125,26.337157391725327,9,3,6,8,1.0,False,9,2026-09-13T16:13:48.706405+00:00,69176276
indoor-bba8571a0bce,legacy_v1,indoor,139,69.29999999999927,27.684419057921843,8,4,4,8,1.0,False,15,2026-09-13T16:14:27.603906+00:00,166249794
outdoor-e3fcd8cd345c,legacy_v1,outdoor,105,52.19999999999917,40.25218403106177,3,3,0,0,4.187117420984148,False,1,2026-09-13T16:14:33.428177+00:00,75434307
outdoor-37bebb0f75c9,legacy_v1,outdoor,142,70.59999999999813,49.16652088587807,5,3,2,0,5.25687921294489,False,1,2026-09-13T16:15:23.906526+00:00,72254674
indoor-727674f56913,legacy_v1,indoor,121,59.9999999999998,25.326988416876986,9,4,5,11,1.0,False,11,2026-09-13T16:15:50.786733+00:00,121811781
indoor-c55a9623a96a,legacy_v1,indoor,220,109.49999999999699,48.29081625381154,15,4,11,12,1.0,False,5,2026-09-13T16:16:47.252898+00:00,183221237
outdoor-f37e285fde9d,legacy_v1,outdoor,209,103.99999999999623,77.31398585614284,7,3,4,0,8.413179245239537,False,1,2026-09-13T16:16:47.698042+00:00,69607950
indoor-16b849ae2f84,legacy_v1,indoor,113,56.10000000000002,29.69315960318989,9,4,5,10,1.0,False,6,2026-09-13T16:17:27.867016+00:00,93314339
indoor-439018e63428,legacy_v1,indoor,70,34.500000000000284,23.612087313183498,6,3,3,8,1.0,False,2,2026-09-13T16:17:38.376854+00:00,45872902
indoor-47d80ba751ca,legacy_v1,indoor,145,72.2999999999991,43.39390138487434,13,4,9,10,1.0,False,6,2026-09-13T16:18:32.034729+00:00,80796343
indoor-38d3a29387f7,legacy_v1,indoor,167,83.09999999999849,39.357675147975584,11,4,7,8,1.0,False,7,2026-09-13T16:19:27.647751+00:00,122253733
outdoor-4648b3fceb93,legacy_v1,outdoor,128,63.59999999999852,48.11099130424777,5,4,1,0,4.077998210393687,True,1,2026-09-13T16:19:29.882343+00:00,129215235
indoor-99bed5c30a3b,legacy_v1,indoor,106,52.80000000000021,21.781062234010196,8,3,5,9,1.0,False,17,2026-09-13T16:20:38.690450+00:00,91232261
outdoor-7ca1dbb3dcf8,legacy_v1,outdoor,215,107.19999999999605,89.12697263033975,8,4,4,0,8.291817187098697,True,2,2026-09-13T16:21:04.074317+00:00,211962615
indoor-44aef2d8796f,legacy_v1,indoor,197,98.09999999999764,36.41838481520672,11,4,7,8,1.0,False,6,2026-09-13T16:21:27.919093+00:00,189552986
indoor-a386495042c6,legacy_v1,indoor,130,64.79999999999953,25.921299598182586,7,4,3,11,1.0,False,4,2026-09-13T16:22:08.685537+00:00,121298293
outdoor-908f44c21e40,legacy_v1,outdoor,247,123.19999999999514,92.79175390892075,9,4,5,0,7.130692174191034,True,1,2026-09-13T16:22:39.093370+00:00,82194566
indoor-71397a138fb6,legacy_v1,indoor,109,54.00000000000014,19.99333495201324,7,3,4,12,1.0,False,6,2026-09-13T16:23:03.934971+00:00,78985952
outdoor-9c8449b58746,legacy_v1,outdoor,199,99.1999999999965,77.95434774663978,7,3,4,0,7.676459525233741,False,1,2026-09-13T16:23:28.774627+00:00,59436971
outdoor-42d053a0113c,legacy_v1,outdoor,176,87.59999999999717,64.22129121525077,5,3,2,0,7.12301959230369,False,1,2026-09-13T16:24:09.775522+00:00,122973747
indoor-e166b90dac94,legacy_v1,indoor,107,53.400000000000176,20.37192942193718,6,4,2,11,1.0,False,6,2026-09-13T16:24:12.883787+00:00,91241283
indoor-5dabc815b61f,legacy_v1,indoor,59,29.10000000000021,21.102901185627772,5,4,1,10,1.0,False,2,2026-09-13T16:24:16.710032+00:00,52775891
outdoor-55bfd96ca97b,legacy_v1,outdoor,143,70.99999999999811,58.40004705979575,7,4,3,0,6.198911269836365,False,1,2026-09-13T16:25:28.453018+00:00,59706703
outdoor-9b4d901d6230,legacy_v1,outdoor,233,115.99999999999555,80.2377611857952,9,4,5,0,8.060574213176668,False,1,2026-09-13T16:25:47.562952+00:00,181949018
outdoor-ac6504e3f07a,legacy_v1,outdoor,267,132.999999999996,97.10919740092012,9,4,5,0,9.917708182928134,False,1,2026-09-13T16:26:17.515234+00:00,129205861
outdoor-77eab2c1fff0,legacy_v1,outdoor,116,57.79999999999885,37.69357873710306,5,4,1,0,3.7577812837866276,False,1,2026-09-13T16:27:08.928156+00:00,53802844
indoor-0042b5cca123,legacy_v1,indoor,89,44.40000000000043,33.48076290592146,11,4,7,10,1.0,False,4,2026-09-13T16:28:26.095232+00:00,91504369
indoor-ed39c9b7535d,legacy_v1,indoor,163,81.29999999999859,31.083921155760173,8,3,5,9,1.0,False,12,2026-09-13T16:28:26.145312+00:00,139650617
indoor-4fdfe39b30ad,legacy_v1,indoor,156,77.6999999999988,32.581928576104225,10,4,6,11,1.0,False,3,2026-09-13T16:29:39.352272+00:00,157183756
outdoor-b3911d38f0de,legacy_v1,outdoor,184,91.79999999999693,66.71873202587054,7,3,4,0,6.256188695459249,False,1,2026-09-13T16:29:40.171403+00:00,129846999
outdoor-8d268371d734,legacy_v1,outdoor,138,68.59999999999825,54.79237931811969,4,4,0,0,5.622380247851009,False,1,2026-09-13T16:30:37.528847+00:00,99568761
indoor-bb9fe2a2846f,legacy_v1,indoor,205,101.99999999999741,41.62509629173478,12,3,9,11,1.0,False,11,2026-09-13T16:31:19.656501+00:00,146465787
outdoor-22d0ce578fc4,legacy_v1,outdoor,391,195.20000000001014,149.54964356762025,14,4,10,0,9.305039797672759,True,1,2026-09-13T16:32:00.011287+00:00,371266763
outdoor-8e1f86c96e0c,legacy_v1,outdoor,143,70.99999999999811,53.73989431012176,4,3,1,0,3.886495656447364,True,1,2026-09-13T16:32:18.726263+00:00,45969041
indoor-8abb4ea59281,legacy_v1,indoor,192,95.69999999999777,36.450286889566556,12,4,8,10,1.0,False,2,2026-09-13T16:33:27.790371+00:00,222506781
outdoor-9662fdef6ee4,legacy_v1,outdoor,209,103.99999999999623,90.85942462858281,9,3,6,0,5.1696633888861445,True,1,2026-09-13T16:33:37.366270+00:00,80541937
indoor-9af74abf9d6a,legacy_v1,indoor,177,88.1999999999982,46.48528092733582,14,4,10,10,1.0,False,19,2026-09-13T16:34:15.957531+00:00,213984591
outdoor-985ec0f9c706,legacy_v1,outdoor,233,115.99999999999555,87.62192518573131,10,3,7,0,8.32316832489016,False,1,2026-09-13T16:35:00.927387+00:00,186056923
outdoor-e75e1a6a0e34,legacy_v1,outdoor,266,132.49999999999585,98.07113101200183,10,4,6,0,9.910758159141672,False,1,2026-09-13T16:35:37.262579+00:00,136910614
outdoor-18606015da7c,legacy_v1,outdoor,221,110.39999999999587,83.4858324384314,8,3,5,0,7.362405986460229,True,1,2026-09-13T16:36:43.875003+00:00,75107148
indoor-e710c6c55c6a,legacy_v1,indoor,184,91.799999999998,37.36442633005055,10,4,6,10,1.0,False,10,2026-09-13T16:36:55.224798+00:00,148890797
indoor-b5d3addd2899,legacy_v1,indoor,98,48.90000000000043,26.281910263375003,7,4,3,10,1.0,False,11,2026-09-13T16:37:48.460750+00:00,67222124
outdoor-450b8f6db939,legacy_v1,outdoor,135,67.19999999999833,48.751363113268994,5,4,1,0,4.676551135554851,True,2,2026-09-13T16:38:09.060680+00:00,56179313
indoor-a9bd61050a9e,legacy_v1,indoor,93,46.20000000000046,21.570508224707567,5,3,2,8,1.0,False,6,2026-09-13T16:38:13.735206+00:00,83223894
outdoor-7e95d1ed6f20,legacy_v1,outdoor,107,53.3999999999991,41.27183025662296,5,3,2,0,4.26977688160466,False,1,2026-09-13T16:38:35.257730+00:00,50641268
outdoor-90c080ad1bb2,legacy_v1,outdoor,188,93.79999999999681,69.45424095208594,7,3,4,0,7.526435751449732,False,1,2026-09-13T16:39:37.575737+00:00,94344890
outdoor-10b83eb786e9,legacy_v1,outdoor,130,64.59999999999847,43.461936698096935,4,3,1,0,7.945027764701604,True,1,2026-09-13T16:39:40.925655+00:00,102521020
outdoor-9aa0d8e85698,legacy_v1,outdoor,368,183.6000000000075,146.4273624339033,14,4,10,0,9.167630773244927,True,2,2026-09-13T16:41:08.208256+00:00,156601644
indoor-bcfdf4ae41a2,legacy_v1,indoor,82,40.50000000000037,23.50306634243814,8,3,5,10,1.0,False,8,2026-09-13T16:41:36.256670+00:00,80197014
outdoor-5e09826bf026,legacy_v1,outdoor,254,126.79999999999494,101.79010607689968,9,4,5,0,5.733353056180176,True,1,2026-09-13T16:41:38.166242+00:00,127447220
indoor-1e681b9690de,legacy_v1,indoor,174,86.69999999999828,40.930444205909424,12,4,8,8,1.0,False,3,2026-09-13T16:43:21.996195+00:00,139629289
indoor-d64af8ba0472,legacy_v1,indoor,208,103.79999999999731,46.723580847064696,14,4,10,8,1.0,False,6,2026-09-13T16:43:55.558036+00:00,164915052
outdoor-53ec269dfa83,legacy_v1,outdoor,171,85.39999999999729,69.25860293586928,6,4,2,0,6.572608165129497,False,1,2026-09-13T16:45:22.995331+00:00,117362788
outdoor-4e62d1c69d40,legacy_v1,outdoor,141,69.99999999999817,58.59928320350296,6,3,3,0,6.099890510249423,True,1,2026-09-13T16:45:51.517841+00:00,112894702
outdoor-d2527af91514,legacy_v1,outdoor,319,159.400000000002,117.16433233227576,12,4,8,0,9.77502174846003,True,1,2026-09-13T16:46:01.412942+00:00,118517580
indoor-483347fd0f14,legacy_v1,indoor,177,88.1999999999982,40.48339976280059,13,4,9,9,1.0,False,5,2026-09-13T16:47:43.868138+00:00,191608004
outdoor-3426bb80f39a,legacy_v1,outdoor,203,100.9999999999964,67.06224552104459,8,4,4,0,6.422414804985763,False,1,2026-09-13T16:47:44.534131+00:00,134246478
outdoor-cf372d4b83a8,legacy_v1,outdoor,245,122.3999999999952,92.37747082337987,8,3,5,0,7.977639502746538,True,1,2026-09-13T16:47:59.591437+00:00,226660789
indoor-f55300a5ca3b,legacy_v1,indoor,162,80.69999999999862,36.42303988913082,11,4,7,9,1.0,False,2,2026-09-13T16:49:25.025130+00:00,125350649
indoor-97fc3aae29db,legacy_v1,indoor,168,83.69999999999845,33.37247841548708,9,4,5,9,1.0,False,1,2026-09-13T16:49:34.032886+00:00,161019989
outdoor-7ed840bf3f2d,legacy_v1,outdoor,249,124.39999999999507,92.22504911226574,9,4,5,0,9.328738339427844,False,1,2026-09-13T16:49:51.691143+00:00,129349093
outdoor-238546169f9e,legacy_v1,outdoor,113,56.39999999999893,40.853492681152794,4,3,1,0,3.78379076185118,False,1,2026-09-13T16:50:16.019899+00:00,66868128
outdoor-7e1f5902f5d2,legacy_v1,outdoor,117,58.19999999999883,46.930763405520636,4,3,1,0,4.477897514692909,False,1,2026-09-13T16:50:31.673637+00:00,83369090
outdoor-9936d00f0eb1,legacy_v1,outdoor,165,82.19999999999747,60.66723714852735,6,3,3,0,5.7757731843727935,False,1,2026-09-13T16:52:08.513419+00:00,104471731
indoor-fe5e5f5d3561,legacy_v1,indoor,231,115.19999999999666,49.031673226434236,14,3,11,12,1.0,False,4,2026-09-13T16:52:21.388355+00:00,143588453
outdoor-d32bfe5f77a9,legacy_v1,outdoor,308,153.80000000000072,121.5017390841872,13,3,10,0,9.097438149241217,True,1,2026-09-13T16:52:52.768765+00:00,133107013
indoor-50a426b538d4,legacy_v1,indoor,95,47.10000000000046,21.606838986423146,6,4,2,9,1.0,False,1,2026-09-13T16:53:11.678589+00:00,45052252
indoor-9027e6ff2d90,legacy_v1,indoor,126,62.69999999999965,23.73169552902757,7,4,3,12,1.0,False,1,2026-09-13T16:54:23.996253+00:00,100721153
indoor-28d0889406ca,legacy_v1,indoor,165,82.19999999999854,39.0982059513422,13,4,9,11,1.0,False,6,2026-09-13T16:54:35.564905+00:00,153360616
outdoor-e3b12d770a3d,legacy_v1,outdoor,254,126.79999999999494,90.03806360473817,10,4,6,0,9.497942025531302,False,1,2026-09-13T16:55:02.858517+00:00,81981659
outdoor-08f5f97f0b7a,legacy_v1,outdoor,147,73.39999999999797,56.8501057061052,7,3,4,0,5.427674913046828,False,1,2026-09-13T16:55:44.927766+00:00,52956945
outdoor-181e71957c6b,legacy_v1,outdoor,109,54.39999999999905,41.65927218951262,5,3,2,0,3.746809248390253,True,1,2026-09-13T16:56:06.194073+00:00,57603897
outdoor-2cc4d2c1428e,legacy_v1,outdoor,258,128.79999999999504,98.34648494812656,9,4,5,0,9.934124852518126,False,1,2026-09-13T16:56:44.126709+00:00,245967474
outdoor-b369c927f3fe,legacy_v1,outdoor,87,43.39999999999967,39.31981092160155,5,3,2,0,3.6417259638980664,True,1,2026-09-13T16:56:47.702188+00:00,33978062
outdoor-311633f739b5,legacy_v1,outdoor,245,122.1999999999952,93.9692356849875,10,4,6,0,8.011393362586048,True,1,2026-09-13T16:57:53.073390+00:00,114215471
outdoor-799e5d8916e7,legacy_v1,outdoor,199,98.99999999999652,71.2025319808775,8,4,4,0,7.1775642783681715,True,2,2026-09-13T16:58:23.357136+00:00,106207180
indoor-1a3221484597,legacy_v1,indoor,124,61.7999999999997,29.504735822713243,9,4,5,11,1.0,False,10,2026-09-13T16:59:06.864640+00:00,146219655
outdoor-30d75f70f00f,legacy_v1,outdoor,173,86.39999999999723,67.85284325479728,6,3,3,0,6.603306884324581,True,1,2026-09-13T16:59:12.755752+00:00,123933013
outdoor-c7be53c4c11e,legacy_v1,outdoor,193,95.99999999999669,68.62639040663751,8,3,5,0,6.977718142359327,False,1,2026-09-13T16:59:49.913419+00:00,114681669
outdoor-e634b2017bc8,legacy_v1,outdoor,113,56.39999999999893,43.26140575544197,5,4,1,0,3.9835735039314337,False,1,2026-09-13T17:00:03.361084+00:00,62034029
outdoor-b86199a70eb3,legacy_v1,outdoor,259,129.19999999999513,96.89733482067874,9,3,6,0,9.363015508719705,False,1,2026-09-13T17:01:27.954973+00:00,153903210
indoor-aafcfc710e95,legacy_v1,indoor,112,55.80000000000004,23.747551788250103,7,4,3,10,1.0,False,12,2026-09-13T17:01:29.349079+00:00,69735460
outdoor-52654695ea93,legacy_v1,outdoor,289,143.9999999999985,105.59846979644848,12,4,8,0,9.868597993789457,True,1,2026-09-13T17:03:29.280016+00:00,187875813
indoor-0090da8d0f09,legacy_v1,indoor,259,128.99999999999588,60.27252480774226,18,4,14,10,1.0,False,17,2026-09-13T17:03:51.983469+00:00,199734038
indoor-54ec4d4ebe60,legacy_v1,indoor,222,110.69999999999692,39.92142120919592,12,4,8,12,1.0,False,12,2026-09-13T17:04:42.978470+00:00,180991172
indoor-4d3592d4d019,legacy_v1,indoor,142,70.79999999999919,36.71836082253644,10,4,6,8,1.0,False,5,2026-09-13T17:05:12.298644+00:00,115859198
indoor-b179a6b69c94,legacy_v1,indoor,146,72.89999999999907,31.427717838498662,10,4,6,12,1.0,False,8,2026-09-13T17:05:49.096916+00:00,103544921
outdoor-fd56facc71c8,legacy_v1,outdoor,177,88.39999999999712,66.93000164871475,8,4,4,0,6.871443620037819,False,1,2026-09-13T17:05:58.581975+00:00,92606707
outdoor-435efd110833,legacy_v1,outdoor,220,109.69999999999591,78.17562909755814,9,3,6,0,4.291717165243936,True,1,2026-09-13T17:06:37.722303+00:00,118293698
outdoor-f568c58040dc,legacy_v1,outdoor,126,62.59999999999858,47.62104275641546,4,3,1,0,4.244317346148545,True,1,2026-09-13T17:07:38.512474+00:00,60998146
indoor-e36955a70a33,legacy_v1,indoor,125,62.399999999999665,22.596997087405445,6,2,4,12,1.0,False,9,2026-09-13T17:07:51.716297+00:00,109872596
indoor-64c59e622157,legacy_v1,indoor,66,32.70000000000026,26.089762993058855,7,4,3,12,1.0,False,16,2026-09-13T17:08:49.336975+00:00,55015952
indoor-5b68fb821a18,legacy_v1,indoor,128,63.89999999999958,31.186543057122172,8,3,5,9,1.0,False,4,2026-09-13T17:09:17.204366+00:00,110378916
outdoor-a402ca29ac9d,legacy_v1,outdoor,237,117.99999999999544,88.13001997506957,10,4,6,0,9.387354424417744,False,1,2026-09-13T17:09:27.533380+00:00,79396356
outdoor-601197897bfb,legacy_v1,outdoor,225,111.99999999999578,82.17475419524368,8,4,4,0,8.836539879762478,False,1,2026-09-13T17:10:45.739549+00:00,109107693
indoor-d2fdc5754c11,legacy_v1,indoor,135,67.19999999999939,25.9182818600535,7,3,4,8,1.0,False,9,2026-09-13T17:10:58.559184+00:00,151480445
indoor-4cd8758e3bc0,legacy_v1,indoor,280,139.79999999999526,60.83474390394545,18,4,14,10,1.0,False,6,2026-09-13T17:12:05.599207+00:00,193985706
outdoor-5dbe1a5ef3f9,legacy_v1,outdoor,232,115.59999999999557,86.83058639712806,8,3,5,0,7.595886863297475,True,1,2026-09-13T17:12:25.181758+00:00,75401913
outdoor-1cb07440f1c5,legacy_v1,outdoor,93,46.099999999999525,34.6434380381513,4,3,1,0,3.4255295856590506,False,1,2026-09-13T17:13:03.133106+00:00,51805579
outdoor-077a2bf7c7b4,legacy_v1,outdoor,319,159.400000000002,119.24107252149356,11,4,7,0,9.64633466462488,True,1,2026-09-13T17:13:14.079553+00:00,103117324
outdoor-7f39fd5d50c9,legacy_v1,outdoor,167,83.19999999999742,64.91700634234942,6,3,3,0,6.819862129809078,False,1,2026-09-13T17:13:43.654718+00:00,67030449
indoor-a70db2432c3b,legacy_v1,indoor,152,75.8999999999989,32.95509391563611,11,4,7,10,1.0,False,1,2026-09-13T17:14:28.454190+00:00,199241516
indoor-194f9a04de72,legacy_v1,indoor,127,63.29999999999961,26.895640105948175,8,4,4,12,1.0,False,9,2026-09-13T17:15:17.272923+00:00,115890518
indoor-4b96d93697e2,legacy_v1,indoor,64,31.500000000000245,26.989973529837297,7,2,5,11,1.0,False,8,2026-09-13T17:15:56.039248+00:00,44013890
outdoor-bf9e5902332f,legacy_v1,outdoor,78,38.599999999999945,32.63169639949713,4,3,1,0,3.6024619007430134,False,1,2026-09-13T17:16:00.887967+00:00,27907473
outdoor-d9b144c79518,legacy_v1,outdoor,113,55.999999999998956,35.67724069925687,5,3,2,0,5.9722814124311565,True,2,2026-09-13T17:17:05.141071+00:00,40581858
outdoor-0d278514f448,legacy_v1,outdoor,143,70.99999999999811,57.309628768501064,6,3,3,0,5.352857862872511,False,1,2026-09-13T17:17:11.831673+00:00,57562057
indoor-f73e83f0c02a,legacy_v1,indoor,252,125.69999999999607,52.72226719470488,17,4,13,12,1.0,False,15,2026-09-13T17:17:21.836909+00:00,212585044
outdoor-acd2fac5ce2d,legacy_v1,outdoor,129,64.29999999999849,37.008616373207225,3,3,0,0,3.9480120441078776,True,2,2026-09-13T17:18:09.886235+00:00,66419275
outdoor-2cb7b645621f,legacy_v1,outdoor,158,78.79999999999767,57.636822688174135,5,3,2,0,5.68318636288855,False,1,2026-09-13T17:18:19.839880+00:00,81576706
outdoor-448c1d62b739,legacy_v1,outdoor,258,128.79999999999504,92.00818859960697,8,4,4,0,8.645291773768458,False,1,2026-09-13T17:19:08.498967+00:00,127755479
outdoor-e5385e4a743e,legacy_v1,outdoor,159,79.39999999999763,62.92433099235015,6,2,4,0,6.145340537263072,True,1,2026-09-13T17:19:23.961337+00:00,63596002
outdoor-c23f7c955c7c,legacy_v1,outdoor,102,50.59999999999926,36.35728617474216,4,4,0,0,3.272423086208878,True,2,2026-09-13T17:19:47.902542+00:00,57123621
outdoor-2c21360627ff,legacy_v1,outdoor,182,90.79999999999698,63.610931812759176,5,3,2,0,9.36473904298151,True,1,2026-09-13T17:20:27.855921+00:00,74220193
outdoor-69eaa7533af0,legacy_v1,outdoor,157,78.39999999999769,58.92961730238286,7,3,4,0,6.182326295565021,True,1,2026-09-13T17:20:39.740930+00:00,58684112
outdoor-ce7af2012e68,legacy_v1,outdoor,179,88.99999999999709,66.97858013806349,7,3,4,0,6.243233100603902,False,1,2026-09-13T17:21:49.919571+00:00,65013127
indoor-6c96fd8eed1b,legacy_v1,indoor,157,78.29999999999876,29.49621095249613,9,4,5,11,1.0,False,9,2026-09-13T17:22:37.158886+00:00,145978814
indoor-5f939a675497,legacy_v1,indoor,107,53.400000000000176,20.327436673502127,6,4,2,11,1.0,False,3,2026-09-13T17:23:00.350390+00:00,90734912
outdoor-073132b1cb37,legacy_v1,outdoor,198,98.59999999999654,75.30673537552477,9,3,6,0,7.285892339102776,False,1,2026-09-13T17:23:57.036718+00:00,77559260
indoor-769475aa2558,legacy_v1,indoor,117,58.1999999999999,25.02585270889032,8,4,4,11,1.0,False,3,2026-09-13T17:24:02.601100+00:00,113533443
outdoor-ac8146f43156,legacy_v1,outdoor,80,39.799999999999876,37.86747775709976,4,3,1,0,3.056850035420241,True,2,2026-09-13T17:24:54.370700+00:00,57555905
outdoor-5bab22f36a8f,legacy_v1,outdoor,261,129.9999999999953,93.5725873762155,10,4,6,0,9.906144471293448,False,2,2026-09-13T17:25:44.747825+00:00,101050431
indoor-a914c2454744,legacy_v1,indoor,96,47.70000000000047,25.12593826973853,7,3,4,9,1.0,False,4,2026-09-13T17:26:11.221242+00:00,96389784
outdoor-e19c8030c9d5,legacy_v1,outdoor,91,45.39999999999956,31.343423100391902,4,4,0,0,3.2097003828027586,False,1,2026-09-13T17:26:28.045568+00:00,61627302
indoor-e6227a6c8e08,legacy_v1,indoor,116,57.59999999999994,27.886434156700382,8,4,4,12,1.0,False,2,2026-09-13T17:27:15.676712+00:00,90892562
indoor-8fd046863b1c,legacy_v1,indoor,56,27.900000000000194,27.68878992737877,7,3,4,12,1.0,False,5,2026-09-13T17:27:36.074979+00:00,49145353
indoor-fa910ac0f21b,legacy_v1,indoor,53,26.10000000000017,34.990170114115955,11,4,7,12,1.0,False,1,2026-09-13T17:27:56.911760+00:00,53478831
indoor-7d691d4a044b,legacy_v1,indoor,174,86.69999999999828,41.52578775582954,11,4,7,12,1.0,False,10,2026-09-13T17:28:06.279177+00:00,187714359
outdoor-b857e46cb9fb,legacy_v1,outdoor,209,104.19999999999622,82.48736820255242,8,4,4,0,6.936999595174672,True,2,2026-09-13T17:28:54.670564+00:00,69643875
outdoor-79034cec429a,legacy_v1,outdoor,219,109.19999999999594,81.41779007020608,7,4,3,0,5.996379964134551,True,1,2026-09-13T17:29:20.420288+00:00,128629104
outdoor-9bb726e3c232,legacy_v1,outdoor,256,127.59999999999489,98.86417052799469,10,4,6,0,7.346245491868629,True,1,2026-09-13T17:29:40.610109+00:00,239944692
outdoor-9a0d4be0d2c9,legacy_v1,outdoor,80,39.799999999999876,32.59783551510253,3,2,1,0,3.2865458924634616,False,1,2026-09-13T17:30:02.350020+00:00,35605681
indoor-bb587a632401,legacy_v1,indoor,181,89.9999999999981,58.0218019765572,17,4,13,11,1.0,False,3,2026-09-13T17:30:35.396845+00:00,121926369
outdoor-078907fc2425,legacy_v1,outdoor,203,100.9999999999964,76.75048069315974,7,3,4,0,7.966728115091918,False,1,2026-09-13T17:31:02.063521+00:00,155887021
outdoor-bdee73c9c663,legacy_v1,outdoor,143,70.99999999999811,51.80664731388617,5,2,3,0,4.815119646997725,False,1,2026-09-13T17:31:05.592428+00:00,56136342
outdoor-2cfe7e9d704c,legacy_v1,outdoor,118,58.799999999998796,44.69933779784248,5,3,2,0,4.773436720182733,True,1,2026-09-13T17:31:55.692456+00:00,98585230
indoor-8f60db7245f1,legacy_v1,indoor,201,100.19999999999752,46.603043209600315,15,4,11,8,1.0,False,7,2026-09-13T17:33:12.084083+00:00,138871464
indoor-e569bb89bb10,legacy_v1,indoor,237,118.19999999999649,43.048135038720105,12,3,9,11,1.0,False,18,2026-09-13T17:34:33.292039+00:00,194618720
outdoor-52fc0b14698c,legacy_v1,outdoor,187,93.29999999999684,68.87294624040581,8,4,4,0,6.6506287285219985,False,1,2026-09-13T17:35:50.591818+00:00,72838550
outdoor-073dc04847af,legacy_v1,outdoor,91,44.99999999999958,37.44324737155369,5,2,3,0,3.8143635018186752,False,1,2026-09-13T17:36:34.661912+00:00,36296744
outdoor-927e57b353ca,legacy_v1,outdoor,132,65.59999999999842,54.45626178099069,5,3,2,0,4.500999304893411,True,1,2026-09-13T17:37:27.657004+00:00,82464025
indoor-0fb61dbfadc3,legacy_v1,indoor,87,43.200000000000415,22.096417801411803,6,3,3,9,1.0,False,4,2026-09-13T17:38:38.826560+00:00,75362223
indoor-cdde8f3ff052,legacy_v1,indoor,133,66.29999999999944,25.158412574814598,7,4,3,8,1.0,False,8,2026-09-13T17:40:27.421639+00:00,105573222
indoor-389bd9526b78,legacy_v1,indoor,284,141.89999999999515,58.49484235959811,17,4,13,11,1.0,False,1,2026-09-13T17:42:20.923317+00:00,220985697
outdoor-12a1aadedc1e,legacy_v1,outdoor,86,42.59999999999972,32.88415932300626,2,2,0,0,3.0249880932993265,True,1,2026-09-13T17:42:59.581058+00:00,80488866
outdoor-d4bb005f432e,legacy_v1,outdoor,190,94.59999999999677,72.95098002692355,7,3,4,0,7.712342011757095,False,1,2026-09-13T17:44:20.701696+00:00,149572471
indoor-fc6b8f446fe4,legacy_v1,indoor,139,69.29999999999927,27.30071939844426,8,4,4,9,1.0,False,5,2026-09-13T17:45:56.417095+00:00,102680095
outdoor-59e351ccb6c2,legacy_v1,outdoor,137,67.99999999999828,53.65278472298833,4,2,2,0,4.949794486062194,True,1,2026-09-13T17:46:52.474801+00:00,57464149
outdoor-fe65f19e1e41,legacy_v1,outdoor,87,42.999999999999694,33.346739877168254,4,2,2,0,3.2462359434739705,False,1,2026-09-13T17:47:32.154735+00:00,49296949
outdoor-804ac6bf5ead,legacy_v1,outdoor,94,46.59999999999949,34.169057674094205,3,1,2,0,3.7364134056053198,False,1,2026-09-13T17:53:51.667149+00:00,73408266
outdoor-37e3231bcde4,legacy_v1,outdoor,314,156.60000000000136,118.3466092578553,13,3,10,0,9.583579750850742,True,1,2026-09-13T17:55:42.233979+00:00,105678997
indoor-3e58c4403a43,legacy_v1,indoor,175,86.99999999999827,42.82569052646879,14,4,10,12,1.0,False,1,2026-09-13T17:56:56.258005+00:00,201950611
indoor-c60d8c9ff1bb,legacy_v1,indoor,117,58.1999999999999,22.01772519187861,6,4,2,8,1.0,False,7,2026-09-13T17:58:35.933345+00:00,104729197
outdoor-345f0c5e7478,legacy_v1,outdoor,373,186.2000000000081,134.9854390641295,14,4,10,0,7.5574785257583175,True,1,2026-09-13T18:00:54.297099+00:00,246149420
indoor-751b55f37a44,legacy_v1,indoor,142,70.79999999999919,30.555901728656863,10,4,6,8,1.0,False,2,2026-09-13T18:02:08.204253+00:00,117624174
indoor-4e4f40740a38,legacy_v1,indoor,189,94.34999999999785,39.76119001129868,13,4,9,11,1.0,False,1,2026-09-13T18:03:34.045754+00:00,151158518
indoor-aef40102548e,legacy_v1,indoor,302,150.59999999999465,62.47945857514449,19,4,15,8,1.0,False,3,2026-09-13T18:05:44.223438+00:00,232272153
indoor-c76f3acc3a24,legacy_v1,indoor,193,95.99999999999775,42.38727241669128,12,4,8,11,1.0,False,1,2026-09-13T18:06:59.364470+00:00,175712163
outdoor-9005c1768448,legacy_v1,outdoor,115,57.399999999998876,42.682746854188665,5,2,3,0,3.692797756946049,True,1,2026-09-13T18:07:48.111147+00:00,78589202
indoor-c2c10dece0cf,legacy_v1,indoor,218,108.74999999999706,48.55338759873718,15,4,11,8,1.0,False,4,2026-09-13T18:09:32.117085+00:00,170605591
outdoor-f7f1c83c62a1,legacy_v1,outdoor,123,61.39999999999865,45.577251224427094,6,4,2,0,4.8421656431169335,False,1,2026-09-13T18:10:38.946289+00:00,56107523
indoor-3cc365c7c752,legacy_v1,indoor,121,59.9999999999998,29.4333229749977,10,4,6,12,1.0,False,1,2026-09-13T18:11:31.283502+00:00,101727127
indoor-595431ac11e2,legacy_v1,indoor,178,88.49999999999818,37.796789363819585,11,4,7,10,1.0,False,2,2026-09-13T18:12:48.976310+00:00,145949545
outdoor-06d0440397f1,legacy_v1,outdoor,131,64.99999999999845,51.964586457223476,5,2,3,0,3.5014729517807286,True,1,2026-09-13T18:13:36.722530+00:00,84725250
outdoor-1bb386f2ebe3,legacy_v1,outdoor,329,164.2000000000031,134.8120441861193,13,4,9,0,9.242642576777492,True,1,2026-09-13T18:15:29.450438+00:00,253561143
indoor-a7668fc9aee2,legacy_v1,indoor,139,69.29999999999927,28.076703178853553,7,4,3,11,1.0,False,1,2026-09-13T18:16:23.778739+00:00,94734425
indoor-1da47621fb0d,legacy_v1,indoor,121,59.9999999999998,21.339935902106298,5,4,1,9,1.0,False,5,2026-09-13T18:17:57.576931+00:00,116446812
indoor-e6b059ea751e,legacy_v1,indoor,131,65.3999999999995,30.424088282188126,8,4,4,12,1.0,False,7,2026-09-13T18:19:50.010955+00:00,111845642
outdoor-3ea67215ad4f,legacy_v1,outdoor,199,98.99999999999652,83.9657730647743,8,4,4,0,5.533910285550924,True,1,2026-09-13T18:21:11.564404+00:00,73699042
outdoor-ea0de6dd18d0,legacy_v1,outdoor,191,94.99999999999675,72.7081963584946,7,3,4,0,7.100959722758223,False,1,2026-09-13T18:22:29.099542+00:00,101494846
indoor-faab3cdb1b82,legacy_v1,indoor,50,24.90000000000015,27.307102544460918,8,4,4,10,1.0,False,3,2026-09-13T18:23:11.278477+00:00,35742398
outdoor-8972ab7edc93,legacy_v1,outdoor,174,86.79999999999721,63.11035915007117,7,4,3,0,6.166806541734935,False,1,2026-09-13T18:24:09.614989+00:00,87859264
outdoor-9dc4ff8e118e,legacy_v1,outdoor,233,115.99999999999555,83.22824570726155,7,3,4,0,7.8889734912639735,False,1,2026-09-13T18:25:24.512052+00:00,76938381
indoor-db7697c659e3,legacy_v1,indoor,148,73.49999999999903,43.785674757833235,14,4,10,10,1.0,False,1,2026-09-13T18:26:20.453815+00:00,143215008
outdoor-107baa6b4f85,legacy_v1,outdoor,183,91.19999999999696,72.48949572765721,8,3,5,0,4.7707095180895625,True,2,2026-09-13T18:27:37.411715+00:00,72809443
outdoor-7dda7f300b49,legacy_v1,outdoor,135,66.99999999999834,49.17620695207126,4,3,1,0,5.663441669254243,True,1,2026-09-13T18:28:26.191337+00:00,74056020
outdoor-74b71d2b6473,legacy_v1,outdoor,175,87.39999999999718,70.95092815356111,6,3,3,0,7.601052081802266,False,1,2026-09-13T18:29:24.714715+00:00,56631673
outdoor-675a533ce64a,legacy_v1,outdoor,405,202.00000000001168,154.93575624973948,16,4,12,0,9.320203770660026,True,2,2026-09-13T18:31:55.806149+00:00,204519846
indoor-6d060b924da5,legacy_v1,indoor,172,85.79999999999833,31.740677152658964,9,3,6,12,1.0,False,12,2026-09-13T18:34:27.281889+00:00,148991185
indoor-a798160d23ec,legacy_v1,indoor,89,44.40000000000043,22.22098024317419,6,4,2,9,1.0,False,12,2026-09-13T18:36:31.852044+00:00,89754431
outdoor-e34b096ba2ac,legacy_v1,outdoor,208,103.79999999999625,82.58809139119987,8,3,5,0,5.668320520658254,True,2,2026-09-13T18:37:52.665392+00:00,109816968
indoor-ecd16332baa9,legacy_v1,indoor,52,25.800000000000164,21.37869052556904,6,3,3,10,1.0,False,7,2026-09-13T18:39:07.146514+00:00,42367720
indoor-3e29d66caa3f,legacy_v1,indoor,175,87.29999999999825,35.25098492515662,10,4,6,12,1.0,False,1,2026-09-13T18:40:23.628232+00:00,142606356
indoor-04dadcdfd875,legacy_v1,indoor,272,135.8999999999955,62.76173551641508,19,4,15,9,1.0,False,5,2026-09-13T18:42:28.232666+00:00,149518685
outdoor-268393f6b5a5,legacy_v1,outdoor,121,59.99999999999873,42.61498345161219,3,2,1,0,4.287659569936967,False,1,2026-09-13T18:43:11.396713+00:00,75406385
indoor-36102481e5e7,legacy_v1,indoor,134,66.89999999999941,28.69779873871707,9,4,5,12,1.0,False,3,2026-09-13T18:44:20.068728+00:00,92531787
outdoor-91266f763e7f,legacy_v1,outdoor,186,92.59999999999688,74.17845074511776,6,4,2,0,6.672791072310933,True,1,2026-09-13T18:45:25.498038+00:00,97489760
indoor-50334aa444df,legacy_v1,indoor,248,123.89999999999617,52.518818590879306,15,4,11,8,1.0,False,6,2026-09-13T18:47:42.588731+00:00,255339691
outdoor-bbac53c19103,legacy_v1,outdoor,192,95.7999999999967,67.52956691838409,8,4,4,0,7.0572508130841465,False,1,2026-09-13T18:48:54.824171+00:00,78536821
outdoor-214c80cfbf50,legacy_v1,outdoor,249,124.39999999999507,90.76038179001011,8,4,4,0,9.475931217600223,False,1,2026-09-13T18:52:47.156399+00:00,144818515
indoor-bf0a8ff8125b,legacy_v1,indoor,143,71.39999999999915,31.598883192724642,10,3,7,10,1.0,False,3,2026-09-13T18:54:05.827139+00:00,131903340
indoor-875164680ddb,legacy_v1,indoor,184,91.49999999999801,39.60129451884587,11,4,7,12,1.0,False,1,2026-09-13T18:55:10.582069+00:00,150924431
indoor-4ff04761152a,legacy_v1,indoor,172,85.49999999999835,35.156196386345044,12,3,9,10,1.0,False,7,2026-09-13T18:56:56.180535+00:00,118283030
outdoor-f3fc623c2207,legacy_v1,outdoor,226,112.79999999999573,86.53287215920493,8,3,5,0,8.615813306196092,False,1,2026-09-13T18:58:06.591890+00:00,183041484
outdoor-ea8b609f31e4,legacy_v1,outdoor,122,60.599999999998694,47.683557492420505,4,3,1,0,4.418682948986961,False,2,2026-09-13T18:59:21.463673+00:00,39425419
indoor-ac77ecac6aa1,legacy_v1,indoor,109,54.300000000000125,21.616060685051266,5,4,1,10,1.0,False,11,2026-09-13T19:01:26.837022+00:00,90848443
outdoor-6f23edc405e5,legacy_v1,outdoor,179,89.39999999999706,66.3296607213548,6,4,2,0,6.121696692013144,True,1,2026-09-13T19:02:26.358852+00:00,64726492
indoor-01314733dbcc,legacy_v1,indoor,222,110.69999999999692,52.537267885381134,17,4,13,12,1.0,False,19,2026-09-13T19:06:19.799343+00:00,155653239
outdoor-bae3947f223e,legacy_v1,outdoor,153,76.19999999999781,56.376076310014895,5,4,1,0,6.140786859393465,False,1,2026-09-13T19:07:12.329073+00:00,121118703
indoor-0e4fe4243958,legacy_v1,indoor,172,85.79999999999833,35.64811724059375,12,4,8,10,1.0,False,1,2026-09-13T19:08:14.933919+00:00,98368110
outdoor-a312a5490b30,legacy_v1,outdoor,125,62.39999999999859,38.686037140206615,5,3,2,0,4.083053760084261,False,2,2026-09-13T19:09:08.057859+00:00,53394806
outdoor-7404d58fc04e,legacy_v1,outdoor,125,61.999999999998614,48.416795184525284,5,3,2,0,4.635852379389219,False,1,2026-09-13T19:09:53.248222+00:00,43644893
outdoor-21825628a9cd,legacy_v1,outdoor,115,57.399999999998876,43.73153943138667,4,3,1,0,4.750260356443399,False,1,2026-09-13T19:10:33.888730+00:00,40440587
indoor-301254772898,legacy_v1,indoor,140,69.89999999999924,29.370346821724375,10,4,6,10,1.0,False,14,2026-09-13T19:13:07.039589+00:00,114159676
outdoor-d9121beb42a9,legacy_v1,outdoor,145,71.99999999999805,52.354480436187394,4,3,1,0,5.277103204216011,False,1,2026-09-13T19:14:07.267375+00:00,74011671
indoor-c29bd86f9e11,legacy_v1,indoor,121,59.9999999999998,25.61193365180106,9,2,7,12,1.0,False,20,2026-09-13T19:17:15.920097+00:00,98269942
indoor-90c3e376aa94,legacy_v1,indoor,124,61.7999999999997,23.46887874433559,8,4,4,9,1.0,False,13,2026-09-13T19:19:24.317702+00:00,100359946
indoor-1b34c347f181,legacy_v1,indoor,119,59.24999999999983,22.06172716492645,8,3,5,12,1.0,False,1,2026-09-13T19:20:16.552131+00:00,97055224
outdoor-a722fb0078cc,legacy_v1,outdoor,176,87.59999999999717,68.64115299278684,8,3,5,0,4.882784917147602,True,2,2026-09-13T19:21:16.164320+00:00,55525380
outdoor-ee1bb9f229a7,legacy_v1,outdoor,288,143.79999999999845,141.59512410722235,15,4,11,0,6.808322406487513,True,1,2026-09-13T19:22:42.407956+00:00,99429550
indoor-ba537df479b1,legacy_v1,indoor,117,58.1999999999999,24.896238478784582,7,4,3,12,1.0,False,5,2026-09-13T19:24:02.868815+00:00,85189613
indoor-e92004d1facc,legacy_v1,indoor,108,53.70000000000016,32.65292783924098,10,3,7,10,1.0,False,19,2026-09-13T19:26:58.430743+00:00,98134618
indoor-afa59e410b96,legacy_v1,indoor,104,51.90000000000026,23.87361373092373,7,3,4,8,1.0,False,11,2026-09-13T19:29:17.029444+00:00,68057191
outdoor-cfe96dd42b00,legacy_v1,outdoor,120,59.79999999999874,45.561085263489744,4,3,1,0,4.702333737951269,False,1,2026-09-13T19:30:06.991091+00:00,59424524
indoor-262a5e826793,legacy_v1,indoor,204,101.69999999999743,39.136740619294415,11,4,7,11,1.0,False,9,2026-09-13T19:32:14.352881+00:00,127675875
outdoor-67af8dc0db86,legacy_v1,outdoor,142,70.79999999999812,54.37675086268409,5,3,2,0,3.6172743986241906,True,3,2026-09-13T19:33:15.066945+00:00,84021770
outdoor-86a1a6cd2147,legacy_v1,outdoor,244,121.59999999999523,100.12287956606892,9,4,5,0,7.556150403988981,True,2,2026-09-13T19:34:40.850570+00:00,83760428
outdoor-cb5c98ba5d02,legacy_v1,outdoor,239,119.19999999999537,88.80050798635256,9,4,5,0,9.252042083650858,True,1,2026-09-13T19:38:19.844397+00:00,86555368
outdoor-30c188baf679,legacy_v1,outdoor,297,148.3999999999995,115.46467681012177,13,4,9,0,9.422046830372343,True,1,2026-09-13T19:40:11.176665+00:00,126805475
outdoor-3d2bcc523cb0,legacy_v1,outdoor,284,141.699999999998,103.90406878686261,11,4,7,0,6.881278001392484,True,1,2026-09-13T19:41:38.763489+00:00,113732152
outdoor-5f8030584f3c,legacy_v1,outdoor,107,52.999999999999126,41.630912553166795,4,3,1,0,3.9134810917686096,True,1,2026-09-13T19:42:18.492627+00:00,57280386
outdoor-82b67b959de7,legacy_v1,outdoor,131,64.99999999999845,44.40521139458893,5,3,2,0,4.132116179121759,False,1,2026-09-13T19:43:06.397791+00:00,66041672
indoor-0e845000f38d,legacy_v1,indoor,80,39.600000000000364,31.162226617791504,10,4,6,12,1.0,False,10,2026-09-13T19:44:42.937836+00:00,54461754
indoor-40db4a307de8,legacy_v1,indoor,113,56.10000000000002,28.57562173943525,9,4,5,9,1.0,False,5,2026-09-13T19:45:52.194472+00:00,88640552
outdoor-5b796b295a1e,legacy_v1,outdoor,168,83.79999999999738,58.88293148970064,7,4,3,0,6.523759363801678,False,1,2026-09-13T19:46:48.307637+00:00,80242234
indoor-76d582983203,legacy_v1,indoor,199,98.99999999999758,57.97125566943729,16,4,12,8,1.0,False,1,2026-09-13T19:52:45.925086+00:00,188237882
outdoor-055aed8d3e45,legacy_v1,outdoor,185,92.3999999999969,69.78962447263552,7,4,3,0,9.72107072339989,True,1,2026-09-13T19:56:19.068328+00:00,76576648
indoor-e3226de6ec9d,legacy_v1,indoor,184,91.49999999999801,45.99225056656597,13,4,9,10,1.0,False,9,2026-09-13T19:58:27.991665+00:00,138905047
outdoor-67241db340d2,legacy_v1,outdoor,131,65.39999999999843,50.1259056405693,6,3,3,0,4.024485756219017,True,1,2026-09-13T19:59:15.119757+00:00,50356002
indoor-b46e0f1c0ad1,legacy_v1,indoor,144,71.69999999999914,31.438426953332577,9,4,5,10,1.0,False,8,2026-09-13T20:01:17.912391+00:00,113937271
outdoor-6ddeaaaa9b7a,legacy_v1,outdoor,317,158.20000000000172,120.42261867860196,13,4,9,0,9.510172054040332,True,3,2026-09-13T20:03:26.105913+00:00,203852508
outdoor-56521d4dcb28,legacy_v1,outdoor,140,69.79999999999818,57.506343669392905,7,4,3,0,5.5814794222558275,False,1,2026-09-13T20:04:16.973752+00:00,110825992
indoor-04a414d68574,legacy_v1,indoor,246,122.69999999999624,55.71320550048671,17,4,13,12,1.0,False,14,2026-09-13T20:07:08.113900+00:00,174456729
outdoor-18fc9cf97c69,legacy_v1,outdoor,201,100.39999999999644,72.41643328152543,8,3,5,0,7.224185788165872,False,1,2026-09-13T20:08:14.743084+00:00,191247693
outdoor-f4e316aa5d61,legacy_v1,outdoor,246,122.79999999999517,88.02088627489992,8,2,6,0,9.86942197804266,True,2,2026-09-13T20:09:43.456977+00:00,176986821
outdoor-8ead8d04c6a5,legacy_v1,outdoor,300,149.59999999999977,119.56294694633974,13,4,9,0,6.834063778660974,True,1,2026-09-13T20:11:21.135977+00:00,129243172
indoor-459445c19092,legacy_v1,indoor,109,54.300000000000125,30.628484352329966,10,4,6,12,1.0,False,11,2026-09-13T20:13:17.950778+00:00,101114482
outdoor-0b951e62544d,legacy_v1,outdoor,154,76.59999999999779,59.56748844382847,7,4,3,0,6.258470343176713,False,1,2026-09-13T20:14:10.386657+00:00,108678768
outdoor-004d4b0f7b4e,legacy_v1,outdoor,172,85.59999999999728,67.35716869538392,6,4,2,0,7.304999614547693,False,1,2026-09-13T20:15:14.348407+00:00,68608799
indoor-76181aff5d1b,legacy_v1,indoor,76,37.50000000000033,20.10305014155834,7,4,3,11,1.0,False,3,2026-09-13T20:16:07.767423+00:00,53879388
indoor-1835a0b7613e,legacy_v1,indoor,80,39.600000000000364,22.66918643935768,8,4,4,8,1.0,False,8,2026-09-13T20:17:38.762595+00:00,78113883
outdoor-4410077b6cf8,legacy_v1,outdoor,465,232.20000000001855,181.94637589118383,17,4,13,0,7.926961388134798,True,1,2026-09-13T20:19:51.670298+00:00,333137804
outdoor-430a14a9a254,legacy_v1,outdoor,265,132.1999999999958,100.10783085194052,10,4,6,0,8.457258513352368,True,1,2026-09-13T20:21:24.730610+00:00,117548220
outdoor-554b601f5166,legacy_v1,outdoor,79,39.19999999999991,26.24074428395863,2,2,0,0,3.073442392707964,True,1,2026-09-13T20:22:02.325769+00:00,32224677
indoor-a5b0f1fe50eb,legacy_v1,indoor,112,55.80000000000004,25.1229456379029,9,4,5,10,1.0,False,12,2026-09-13T20:26:29.707121+00:00,94866826
indoor-8ff14446ab75,legacy_v1,indoor,152,75.8999999999989,30.525221178756453,10,3,7,8,1.0,False,6,2026-09-13T20:28:01.658813+00:00,147201244
outdoor-9fcbac6c37f8,legacy_v1,outdoor,99,49.19999999999934,41.68754651860071,5,3,2,0,3.808793486138086,True,2,2026-09-13T20:28:45.829628+00:00,78063499
indoor-e0ca94b8a347,legacy_v1,indoor,183,91.19999999999803,39.51693399841581,11,4,7,10,1.0,False,3,2026-09-13T20:30:01.688745+00:00,151749746
indoor-a592355ef816,legacy_v1,indoor,140,69.59999999999926,21.560621739588193,7,3,4,11,1.0,False,5,2026-09-13T20:31:28.655180+00:00,131412774
outdoor-dca6b9e41e8a,legacy_v1,outdoor,294,146.59999999999908,109.18768903686198,11,3,8,0,9.28494765129317,True,2,2026-09-13T20:33:21.207036+00:00,105546317
indoor-f125d0b2e271,legacy_v1,indoor,129,64.19999999999956,26.25648354216921,8,3,5,8,1.0,False,4,2026-09-13T20:34:32.692825+00:00,154695630
outdoor-d767d47aa2c0,legacy_v1,outdoor,125,62.39999999999859,48.268313258206526,6,4,2,0,4.765658659632755,False,1,2026-09-13T20:35:22.468652+00:00,44753954
indoor-fd3155da5959,legacy_v1,indoor,142,70.4999999999992,26.31959188966309,9,3,6,11,1.0,False,9,2026-09-13T20:37:01.695899+00:00,127117627
indoor-07e69cc761c4,legacy_v1,indoor,98,48.90000000000043,27.432106719970125,7,3,4,12,1.0,False,4,2026-09-13T20:38:04.609337+00:00,98699132
indoor-d8481e96de9f,legacy_v1,indoor,124,61.499999999999716,22.221759102203208,7,3,4,10,1.0,False,2,2026-09-13T20:39:04.579397+00:00,82409247
indoor-453681bbdea0,legacy_v1,indoor,150,74.69999999999897,38.04875425421077,12,4,8,8,1.0,False,15,2026-09-13T20:42:04.828302+00:00,97726632
indoor-0526f6c45568,legacy_v1,indoor,251,125.39999999999608,60.356739519614564,18,4,14,10,1.0,False,12,2026-09-13T20:44:31.372624+00:00,142132179
outdoor-856fb96bc04d,legacy_v1,outdoor,151,75.19999999999787,58.75468789046362,5,3,2,0,5.577622815789605,True,3,2026-09-13T20:45:50.078294+00:00,81956866
outdoor-2219574d799c,legacy_v1,outdoor,133,66.39999999999837,52.28521791486988,5,3,2,0,5.037764046239127,False,1,2026-09-13T20:46:39.071787+00:00,67385587
outdoor-a113ccfd13a5,legacy_v1,outdoor,207,103.39999999999627,84.60841298260345,7,3,4,0,7.7637070589125114,False,1,2026-09-13T20:47:46.348933+00:00,123261213
outdoor-901ad2254f4d,legacy_v1,outdoor,107,52.999999999999126,37.852723718453504,3,1,2,0,3.584055046086289,False,1,2026-09-13T20:48:25.550352+00:00,74348870
outdoor-2af56bb7dde7,legacy_v1,outdoor,140,69.59999999999819,51.64340762716716,4,3,1,0,4.875315300058846,False,2,2026-09-13T20:49:17.542184+00:00,87416434
indoor-442eed689f14,legacy_v1,indoor,174,86.54999999999829,23.461275333838678,8,4,4,10,1.0,False,9,2026-09-13T20:51:19.795568+00:00,139245007
indoor-0ab48b997f3f,legacy_v1,indoor,221,110.39999999999694,53.88478607885527,15,4,11,9,1.0,False,12,2026-09-13T20:54:07.080108+00:00,151839364
indoor-11cfa358c18e,legacy_v1,indoor,60,29.70000000000022,22.539992409426187,6,3,3,11,1.0,False,5,2026-09-13T20:55:06.699541+00:00,35916554
outdoor-57a919ccbacf,legacy_v1,outdoor,298,148.59999999999954,104.09539180625524,11,3,8,0,9.986417219064442,True,2,2026-09-13T20:56:44.610530+00:00,238481044
indoor-2b98bbd3b458,legacy_v1,indoor,164,81.59999999999857,38.15578883012678,12,4,8,8,1.0,False,6,2026-09-13T20:58:25.600821+00:00,101961775
indoor-26b7229465b0,legacy_v1,indoor,103,51.300000000000296,23.606382440811398,7,3,4,10,1.0,False,6,2026-09-13T20:59:52.293361+00:00,74032539
indoor-69f4f4798727,legacy_v1,indoor,133,66.29999999999944,27.85961388831337,7,4,3,9,1.0,False,2,2026-09-13T21:00:54.557974+00:00,93047460
outdoor-89cd9ef0f445,legacy_v1,outdoor,115,57.399999999998876,40.29085176893399,3,1,2,0,4.129335993927411,False,1,2026-09-13T21:01:35.307220+00:00,55758242
indoor-c52e031618f2,legacy_v1,indoor,241,119.99999999999639,59.138201499843035,17,4,13,10,1.0,False,13,2026-09-13T21:04:24.838364+00:00,174818318
outdoor-1ecd70414c4b,legacy_v1,outdoor,205,102.39999999999633,78.9274682121553,7,4,3,0,7.599841485141256,True,1,2026-09-13T21:05:33.812546+00:00,70081847
outdoor-9ed18e595b41,legacy_v1,outdoor,329,164.40000000000313,117.05986062697109,13,4,9,0,9.065966341032272,True,1,2026-09-13T21:07:22.212302+00:00,165949824
indoor-114d7bde6411,legacy_v1,indoor,104,51.60000000000028,22.371228267486128,8,4,4,11,1.0,False,1,2026-09-13T21:08:11.168760+00:00,91511635
outdoor-276c4967a404,legacy_v1,outdoor,273,135.99999999999667,99.42239552503426,11,4,7,0,8.569175665126647,True,1,2026-09-13T21:09:35.424827+00:00,212434959
indoor-cb67e8015228,legacy_v1,indoor,118,58.79999999999987,37.19248288889938,11,4,7,8,1.0,False,17,2026-09-13T21:12:22.068842+00:00,93862466
outdoor-2ae39d7b434c,legacy_v1,outdoor,241,120.3999999999953,93.690009459851,8,4,4,0,6.682523507351188,True,1,2026-09-13T21:15:53.696982+00:00,126327774
indoor-f077263a9347,legacy_v1,indoor,149,74.099999999999,36.04038913667418,12,4,8,12,1.0,False,8,2026-09-13T21:17:36.790003+00:00,80646712
outdoor-7a0e6c10eb99,legacy_v1,outdoor,189,94.19999999999679,72.15848969041551,7,4,3,0,7.995766274484342,False,1,2026-09-13T21:18:44.472422+00:00,91158856
outdoor-b6f2fa5d172b,legacy_v1,outdoor,257,127.99999999999487,98.36393670812336,9,3,6,0,8.368112187166208,True,2,2026-09-13T21:20:19.125589+00:00,185168532
outdoor-a0d6498264ed,legacy_v1,outdoor,136,67.79999999999829,61.9604560900133,6,2,4,0,3.2127175298295256,True,1,2026-09-13T21:21:08.785314+00:00,93811719
outdoor-9df4ddcfda6d,legacy_v1,outdoor,180,89.79999999999704,64.99029431054593,6,3,3,0,7.213484429212607,False,1,2026-09-13T21:22:11.391577+00:00,63395284
outdoor-2e31e0b014bc,legacy_v1,outdoor,135,66.99999999999834,53.470215566104876,6,3,3,0,5.278174745195166,True,1,2026-09-13T21:22:57.880439+00:00,130333859
indoor-2918596ecc79,legacy_v1,indoor,116,57.89999999999992,21.63134138402567,5,3,2,11,1.0,False,2,2026-09-13T21:23:52.303775+00:00,94333415
outdoor-f6517586457d,legacy_v1,outdoor,194,96.59999999999665,71.61933774794667,8,4,4,0,7.380905901711038,False,1,2026-09-13T21:24:54.507028+00:00,112407458
outdoor-9241c6e54234,legacy_v1,outdoor,207,103.19999999999628,79.46126140986759,7,3,4,0,8.487400251684335,True,1,2026-09-13T21:26:01.068374+00:00,76276991
outdoor-9b291cc3436d,legacy_v1,outdoor,95,47.399999999999444,32.642722408418706,4,3,1,0,3.603512633540646,True,1,2026-09-13T21:26:36.311727+00:00,40627040
outdoor-cec32505ca21,legacy_v1,outdoor,223,111.19999999999582,85.2904743960392,8,3,5,0,6.197737104608841,True,3,2026-09-13T21:28:20.897243+00:00,114415115
indoor-9d1db6f967a2,legacy_v1,indoor,104,51.90000000000026,24.31925543497936,7,3,4,12,1.0,False,4,2026-09-13T21:29:21.230902+00:00,119708515
indoor-b3c25ae48db8,legacy_v1,indoor,135,67.19999999999939,24.03504772951689,6,3,3,10,1.0,False,6,2026-09-13T21:30:50.216998+00:00,139431761
indoor-bc3b8566b3f2,legacy_v1,indoor,93,46.20000000000046,27.766483395623027,7,4,3,11,1.0,False,11,2026-09-13T21:32:36.478035+00:00,78356763
outdoor-ad7cdc68eb04,legacy_v1,outdoor,311,155.000000000001,117.66506596098216,11,3,8,0,7.931843815397261,True,1,2026-09-13T21:34:14.805180+00:00,228292235
outdoor-bf570372fc1c,legacy_v1,outdoor,279,139.1999999999974,107.7124601127647,10,3,7,0,9.918031228077826,True,2,2026-09-13T21:35:51.307998+00:00,105903129
outdoor-f6d2e0695823,legacy_v1,outdoor,284,141.59999999999795,105.17749784117154,12,4,8,0,9.067518136062333,True,1,2026-09-13T21:37:28.892698+00:00,218944912
outdoor-4a790ddc753c,legacy_v1,outdoor,115,57.19999999999889,43.72123913752292,4,3,1,0,4.636259589911032,False,1,2026-09-13T21:38:12.314377+00:00,68267116
indoor-5dc12412da2c,legacy_v1,indoor,110,54.60000000000011,21.558119824542803,7,4,3,9,1.0,False,5,2026-09-13T21:39:23.859034+00:00,117184333
outdoor-f0b6e9b2a9fd,legacy_v1,outdoor,75,37.200000000000024,27.365658418013272,3,2,1,0,3.072478325757852,True,1,2026-09-13T21:45:25.605850+00:00,36556658
indoor-b433d0d75c6f,legacy_v1,indoor,289,143.99999999999503,64.18491064616222,19,4,15,10,1.0,False,18,2026-09-13T21:45:37.922315+00:00,175294015
indoor-609235ee1855,legacy_v1,indoor,154,76.79999999999885,27.100670985278793,7,3,4,10,1.0,False,5,2026-09-13T21:46:24.632441+00:00,155021839
outdoor-d2656cd34830,legacy_v1,outdoor,189,94.19999999999679,69.38894378860732,6,3,3,0,7.436319680010316,True,2,2026-09-13T21:46:27.586588+00:00,60724661
outdoor-54f7907a5511,legacy_v1,outdoor,361,180.10000000000667,147.70455162754442,15,4,11,0,8.991026254458525,True,1,2026-09-13T21:46:51.636970+00:00,282492096
indoor-cb5ec1f277d4,legacy_v1,indoor,80,39.90000000000036,23.826359149674758,6,3,3,11,1.0,False,9,2026-09-13T21:47:10.394179+00:00,68256436
indoor-f9651e3f8dcb,legacy_v1,indoor,242,120.89999999999634,52.91440547007976,16,4,12,8,1.0,False,4,2026-09-13T21:47:24.631496+00:00,177065541
indoor-401aef809441,legacy_v1,indoor,140,69.59999999999926,30.1657385276284,10,4,6,9,1.0,False,4,2026-09-13T21:47:49.499755+00:00,145240433
indoor-b8d776ac1d68,legacy_v1,indoor,211,105.29999999999723,50.72312158695376,16,4,12,9,1.0,False,1,2026-09-13T21:48:11.807044+00:00,108855858
outdoor-b21d738efe90,legacy_v1,outdoor,224,111.5999999999958,86.56192176521698,10,4,6,0,6.1977710219013975,True,2,2026-09-13T21:48:30.434636+00:00,114767803
indoor-6fffe8cef178,legacy_v1,indoor,103,51.300000000000296,24.665742400441914,6,3,3,10,1.0,False,12,2026-09-13T21:48:34.642755+00:00,110756512
indoor-d4ca9091bd20,legacy_v1,indoor,152,75.59999999999891,27.671479976840892,9,4,5,8,1.0,False,3,2026-09-13T21:49:00.757294+00:00,112211664
indoor-28325c17b925,legacy_v1,indoor,104,51.60000000000028,27.94914125144542,9,4,5,12,1.0,False,7,2026-09-13T21:49:01.258026+00:00,126919909
outdoor-798c4d852e36,legacy_v1,outdoor,250,124.79999999999505,107.77965556448851,12,4,8,0,9.390059674789768,True,1,2026-09-13T21:50:13.027211+00:00,105626705
indoor-0d3b4511f6a9,legacy_v1,indoor,53,26.400000000000173,21.41590093147404,6,4,2,8,1.0,False,9,2026-09-13T21:50:27.426406+00:00,44898315
indoor-ce8cd9ae5645,legacy_v1,indoor,124,61.499999999999716,24.37857302559248,7,3,4,9,1.0,False,9,2026-09-13T21:50:44.327474+00:00,104613215
indoor-e1f5e30afd5c,legacy_v1,indoor,174,86.69999999999828,35.638899824713974,12,3,9,11,1.0,False,12,2026-09-13T21:51:00.193398+00:00,167767913
indoor-1bc0b7d7bfc3,legacy_v1,indoor,178,88.49999999999818,49.591213384211656,16,4,12,9,1.0,False,14,2026-09-13T21:51:10.072540+00:00,144924616
indoor-f90d72cbf77d,legacy_v1,indoor,118,58.499999999999886,27.105722693124697,7,4,3,10,1.0,False,7,2026-09-13T21:51:46.751832+00:00,102997773
indoor-0bcec7be2e92,legacy_v1,indoor,87,43.200000000000415,27.527825874152235,7,4,3,8,1.0,False,1,2026-09-13T21:51:47.945484+00:00,72825412
outdoor-3d11840a8033,legacy_v1,outdoor,255,126.99999999999493,91.74871827645967,8,3,5,0,9.245124570722112,False,1,2026-09-13T21:51:55.453575+00:00,101249188
indoor-e81b23f36a75,legacy_v1,indoor,98,48.90000000000043,37.96577217491521,11,3,8,10,1.0,False,1,2026-09-13T21:51:55.925176+00:00,123436259
indoor-c89678550cc9,legacy_v1,indoor,149,74.39999999999898,33.672835357327045,11,4,7,8,1.0,False,5,2026-09-13T21:52:12.758281+00:00,81939985
outdoor-bd498419dede,legacy_v1,outdoor,53,26.40000000000024,18.50009334843233,2,2,0,0,3.027455199177004,True,1,2026-09-13T21:52:16.898386+00:00,22760526
outdoor-420f2c4b568a,legacy_v1,outdoor,116,57.599999999998865,45.206648248404925,6,3,3,0,4.836613151398643,False,1,2026-09-13T21:52:40.249328+00:00,93244049
outdoor-8ff7d2cbf8b8,legacy_v1,outdoor,140,69.79999999999818,53.37715352652535,4,3,1,0,4.725828888215496,True,1,2026-09-13T21:52:48.050890+00:00,89589066
outdoor-eb89ff23bdd6,legacy_v1,outdoor,133,66.39999999999837,53.566290324215515,6,4,2,0,4.516310722162534,True,1,2026-09-13T21:53:39.629122+00:00,47435383
outdoor-7c7e6f54eb2a,legacy_v1,outdoor,233,116.39999999999553,86.76260128844704,10,4,6,0,9.130398477012365,False,1,2026-09-13T21:53:45.295173+00:00,182373813
outdoor-19f0b54ced30,legacy_v1,outdoor,267,133.19999999999604,94.96072853641924,9,4,5,0,8.382943583077363,True,1,2026-09-13T21:53:57.883212+00:00,188787414
outdoor-955907f9a5c4,legacy_v1,outdoor,207,102.99999999999629,76.61660782666094,8,4,4,0,7.691662084694209,False,1,2026-09-13T21:53:59.483162+00:00,129655413
outdoor-ebc3909214f4,legacy_v1,outdoor,102,50.59999999999926,42.74471396253345,3,2,1,0,3.225223150651659,True,1,2026-09-13T21:54:41.181851+00:00,56912482
indoor-4205a00fbe9d,legacy_v1,indoor,165,82.19999999999854,28.589878097244906,10,4,6,9,1.0,False,18,2026-09-13T21:54:51.457698+00:00,186175656
indoor-8d81d41aa11a,legacy_v1,indoor,85,42.4500000000004,26.98280625251728,7,4,3,8,1.0,False,6,2026-09-13T21:55:15.893297+00:00,78980656
outdoor-9fd928d8bb97,legacy_v1,outdoor,93,46.19999999999951,29.783988713071835,3,2,1,0,3.4747504092877493,True,1,2026-09-13T21:55:18.601495+00:00,34419138
indoor-47ea40b11278,legacy_v1,indoor,138,68.84999999999928,32.25695503693317,10,4,6,12,1.0,False,9,2026-09-13T21:55:42.941546+00:00,127648052
indoor-0a817ad3f714,legacy_v1,indoor,154,76.49999999999886,38.236033518008455,11,4,7,11,1.0,False,11,2026-09-13T21:55:58.380078+00:00,131556731
outdoor-c73a6a7b4278,legacy_v1,outdoor,139,68.99999999999822,49.44532843888476,4,3,1,0,4.917884157436099,True,1,2026-09-13T21:56:11.137199+00:00,67079830
indoor-37cc8c83aec3,legacy_v1,indoor,106,52.50000000000023,24.99989281119335,7,3,4,11,1.0,False,10,2026-09-13T21:56:37.346739+00:00,71885727
indoor-7a6427ca4765,legacy_v1,indoor,170,84.5999999999984,37.45792009098416,11,3,8,9,1.0,False,4,2026-09-13T21:57:30.593277+00:00,123675317
outdoor-1ab57dc602fe,legacy_v1,outdoor,180,89.59999999999705,69.64571283849567,8,4,4,0,7.518505210584472,True,2,2026-09-13T21:57:35.573161+00:00,90212838
indoor-e71411fd3c46,legacy_v1,indoor,250,124.49999999999613,58.972370427358,17,4,13,12,1.0,False,3,2026-09-13T21:57:53.451944+00:00,187894890
indoor-c537b90b26d1,legacy_v1,indoor,103,51.00000000000031,21.12503655877693,7,4,3,12,1.0,False,14,2026-09-13T21:57:53.601481+00:00,103914983
indoor-c327850c00ec,legacy_v1,indoor,91,45.00000000000044,24.747357897672376,6,4,2,12,1.0,False,6,2026-09-13T21:57:57.012218+00:00,97315162
outdoor-316ecab0e886,legacy_v1,outdoor,129,64.1999999999985,51.358585683637656,5,3,2,0,3.382515128278683,True,1,2026-09-13T21:58:14.218116+00:00,76892215
outdoor-91a4308fbf58,legacy_v1,outdoor,77,37.99999999999998,29.064588712048987,3,2,1,0,3.162371849652449,True,1,2026-09-13T21:58:54.189957+00:00,47710232
outdoor-5b30b1d8eae1,legacy_v1,outdoor,187,93.39999999999684,65.65585251501433,8,4,4,0,6.446511964125248,False,1,2026-09-13T21:58:59.620406+00:00,96838656
indoor-ae6dc7193ee8,legacy_v1,indoor,169,83.99999999999844,38.786023559257636,13,4,9,9,1.0,False,6,2026-09-13T21:59:15.200673+00:00,117878446
outdoor-fea04f504bf7,legacy_v1,outdoor,212,105.59999999999614,84.06005249112314,9,4,5,0,9.318002187823343,False,1,2026-09-13T21:59:15.522311+00:00,103583211
outdoor-46e1688f2886,legacy_v1,outdoor,116,57.79999999999885,41.02793109953514,4,3,1,0,4.305459696362925,False,1,2026-09-13T21:59:42.632925+00:00,82645070
indoor-e9e537423cc4,legacy_v1,indoor,206,102.59999999999738,57.46677667916217,16,4,12,11,1.0,False,10,2026-09-13T22:00:08.072806+00:00,166238982
outdoor-48bd8fea2069,legacy_v1,outdoor,233,115.99999999999555,82.33933102381282,7,3,4,0,9.141658089552234,False,1,2026-09-13T22:00:15.928176+00:00,69084974
indoor-13e52f13506d,legacy_v1,indoor,205,102.14999999999743,46.62322901866089,14,4,10,12,1.0,False,3,2026-09-13T22:00:54.622568+00:00,165293616
outdoor-318121039663,legacy_v1,outdoor,171,84.99999999999731,46.8985021053515,4,3,1,0,4.075645972775444,True,1,2026-09-13T22:01:16.956572+00:00,86698631
outdoor-3cc4ebac2ec0,legacy_v1,outdoor,319,159.400000000002,131.6973467328482,13,4,9,0,5.102093798878358,True,1,2026-09-13T22:01:17.459942+00:00,254360059
outdoor-da3ba87974b9,legacy_v1,outdoor,111,54.99999999999901,46.12643910414269,4,3,1,0,3.8513919798805016,True,2,2026-09-13T22:01:20.709901+00:00,50950593
indoor-7889dec7e8ce,legacy_v1,indoor,187,92.99999999999793,41.22626434319125,12,3,9,9,1.0,False,1,2026-09-13T22:02:19.413176+00:00,140989072
indoor-2263194cf8b4,legacy_v1,indoor,202,100.79999999999748,49.98043883241206,14,4,10,8,1.0,False,1,2026-09-13T22:02:29.402489+00:00,102138139
outdoor-66e1da019d7e,legacy_v1,outdoor,77,38.19999999999997,26.448025259120882,2,2,0,0,3.6831685014882014,True,1,2026-09-13T22:02:52.704221+00:00,62212425
indoor-49f9f60bc285,legacy_v1,indoor,160,79.49999999999869,35.565362876564116,12,4,8,10,1.0,False,3,2026-09-13T22:03:02.525744+00:00,133832833
indoor-68d894aae753,legacy_v1,indoor,107,53.10000000000019,24.25017366630847,8,3,5,11,1.0,False,2,2026-09-13T22:03:26.939677+00:00,97370261
indoor-7e88f9abffa9,legacy_v1,indoor,122,60.59999999999977,25.7949254548516,7,4,3,8,1.0,False,13,2026-09-13T22:03:44.220111+00:00,116924365
outdoor-3e2aed562a30,legacy_v1,outdoor,136,67.5999999999983,45.03307628258899,6,3,3,0,5.005093896919057,False,1,2026-09-13T22:03:57.324228+00:00,87334905
indoor-69ef8e8c8287,legacy_v1,indoor,131,65.3999999999995,28.101005321268318,8,4,4,8,1.0,False,5,2026-09-13T22:04:15.587180+00:00,118940304
indoor-0dd506237ec3,legacy_v1,indoor,252,125.69999999999607,56.877928100147514,17,4,13,11,1.0,False,18,2026-09-13T22:04:22.111432+00:00,155619582
outdoor-6a633c0e9d85,legacy_v1,outdoor,160,79.59999999999762,60.653818023057966,7,3,4,0,6.539911484169019,True,2,2026-09-13T22:04:34.357027+00:00,53960290
indoor-f4824c245904,legacy_v1,indoor,118,58.499999999999886,20.823246153209055,7,3,4,11,1.0,False,3,2026-09-13T22:04:48.947168+00:00,84523715
outdoor-7fc2172b052a,legacy_v1,outdoor,129,64.39999999999849,44.335183383063864,3,2,1,0,3.2758682776669055,True,1,2026-09-13T22:05:06.088477+00:00,40272235
indoor-495f809a005c,legacy_v1,indoor,184,91.799999999998,44.58785544412687,12,4,8,12,1.0,False,2,2026-09-13T22:05:22.754654+00:00,111714017
outdoor-87d5b387b7de,legacy_v1,outdoor,134,66.79999999999835,55.55155432157443,7,4,3,0,6.033956604398901,False,1,2026-09-13T22:05:41.341991+00:00,106258939
outdoor-58f846590af2,legacy_v1,outdoor,116,57.79999999999885,34.507178839471095,4,2,2,0,3.2193251095560877,False,1,2026-09-13T22:05:53.300301+00:00,48886963
indoor-ce201e6c7fb5,legacy_v1,indoor,175,86.99999999999827,40.65620851829442,11,4,7,11,1.0,False,5,2026-09-13T22:05:53.540078+00:00,129524035
outdoor-cb3a3f40275a,legacy_v1,outdoor,302,150.90000000000006,111.62965015774955,12,3,9,0,7.070601742338157,True,1,2026-09-13T22:06:20.870083+00:00,161258139
outdoor-41cc74e3273c,legacy_v1,outdoor,87,43.19999999999968,31.106540239683977,4,3,1,0,3.4365180223818763,False,1,2026-09-13T22:06:30.228489+00:00,36409312
outdoor-d0494968938c,legacy_v1,outdoor,187,93.19999999999685,68.96948271064903,7,3,4,0,6.606219259858508,False,1,2026-09-13T22:06:58.086408+00:00,97059101
indoor-4dcec1d6f219,legacy_v1,indoor,255,127.19999999999598,56.96490151382338,16,4,12,11,1.0,False,4,2026-09-13T22:07:22.297635+00:00,291498484
indoor-76d006b14fbc,legacy_v1,indoor,94,46.800000000000466,20.141256495577707,5,2,3,10,1.0,False,7,2026-09-13T22:07:55.015139+00:00,87119942
outdoor-5172356c5d11,legacy_v1,outdoor,405,202.20000000001167,162.90893361784475,15,4,11,0,8.528089937142052,True,1,2026-09-13T22:07:59.467603+00:00,271844616
outdoor-64682cf9f793,legacy_v1,outdoor,143,70.99999999999811,56.20360658981081,5,3,2,0,6.253316344538835,False,1,2026-09-13T22:08:18.993809+00:00,50437455
outdoor-07e284010643,legacy_v1,outdoor,305,152.20000000000036,120.90489117283556,13,4,9,0,7.918449611658875,True,1,2026-09-13T22:08:51.041280+00:00,125529193
outdoor-823742f4c950,legacy_v1,outdoor,205,102.39999999999633,75.6968360557579,7,3,4,0,5.446943724900381,True,1,2026-09-13T22:09:02.070041+00:00,113685949
outdoor-a97416b38aab,legacy_v1,outdoor,287,142.99999999999827,120.2589186991225,11,4,7,0,5.716613565538276,True,1,2026-09-13T22:09:35.327789+00:00,142325873
outdoor-cccbb5129380,legacy_v1,outdoor,245,122.39999999999519,90.43730014351507,9,3,6,0,8.953167820459608,False,1,2026-09-13T22:09:46.079350+00:00,122539196
indoor-22017dc0e8fe,legacy_v1,indoor,104,51.60000000000028,21.843993877918063,6,3,3,8,1.0,False,4,2026-09-13T22:10:01.592843+00:00,59164507
outdoor-a5e359dc1df9,legacy_v1,outdoor,258,128.79999999999504,99.50866734044172,9,4,5,0,8.64434113604199,True,2,2026-09-13T22:10:26.493817+00:00,139076925
outdoor-7da51431d84e,legacy_v1,outdoor,158,78.59999999999768,60.60148055032171,6,4,2,0,5.532161847664388,False,1,2026-09-13T22:11:03.690481+00:00,76631867
indoor-81ba7bb5c3d6,legacy_v1,indoor,179,89.39999999999813,39.21825720318061,13,4,9,9,1.0,False,7,2026-09-13T22:11:28.988847+00:00,241545432
outdoor-0fad2528ec36,legacy_v1,outdoor,225,112.39999999999576,90.17132986886195,8,4,4,0,8.400425527824206,False,1,2026-09-13T22:11:50.678034+00:00,137032345
indoor-3c87832382c7,legacy_v1,indoor,142,70.79999999999919,23.553282012787953,8,4,4,12,1.0,False,10,2026-09-13T22:11:56.631907+00:00,159151969
indoor-e32ab7b6ccfb,legacy_v1,indoor,263,131.39999999999574,52.013529902632456,17,4,13,8,1.0,False,11,2026-09-13T22:12:07.782098+00:00,249838117
outdoor-fa0e91bd6b46,legacy_v1,outdoor,197,98.19999999999656,68.52602567186057,8,3,5,0,6.758212325621847,False,1,2026-09-13T22:12:21.312342+00:00,81299594
outdoor-75723c7f01e0,legacy_v1,outdoor,260,129.79999999999526,98.0475331291994,9,4,5,0,9.799147754674353,False,1,2026-09-13T22:13:18.239484+00:00,183440171
outdoor-43f8133a6e17,legacy_v1,outdoor,195,97.39999999999661,74.24722912168733,7,3,4,0,5.374382898104038,True,2,2026-09-13T22:13:27.251730+00:00,68649325
indoor-135223983ef4,legacy_v1,indoor,204,101.69999999999743,37.59668490050558,12,4,8,10,1.0,False,9,2026-09-13T22:13:39.878149+00:00,175907864
outdoor-fe760afd235b,legacy_v1,outdoor,265,131.99999999999577,97.23704130020766,9,3,6,0,9.0005735740781,True,1,2026-09-13T22:14:05.724863+00:00,92822339
indoor-996b4f37340f,legacy_v1,indoor,202,100.79999999999748,41.80958505284971,14,4,10,11,1.0,False,7,2026-09-13T22:14:13.184873+00:00,225077259
indoor-f7c30729e492,legacy_v1,indoor,128,63.89999999999958,26.709345279125877,8,4,4,8,1.0,False,8,2026-09-13T22:15:03.950306+00:00,147363865
indoor-a3d3ecd069b6,legacy_v1,indoor,117,58.1999999999999,21.39198439122256,5,3,2,8,1.0,False,9,2026-09-13T22:15:24.935996+00:00,93878134
indoor-20266803710f,legacy_v1,indoor,197,98.09999999999764,44.8532131855228,14,4,10,10,1.0,False,5,2026-09-13T22:15:50.276783+00:00,157805847
indoor-7bb1a9a366d8,legacy_v1,indoor,126,62.69999999999965,24.23842956119084,6,2,4,11,1.0,False,17,2026-09-13T22:16:14.228361+00:00,108222340
outdoor-00768c1491d4,legacy_v1,outdoor,230,114.59999999999563,87.50881662399172,10,4,6,0,8.481512724280776,False,2,2026-09-13T22:16:29.509252+00:00,109254623
indoor-17205b09d3f2,legacy_v1,indoor,100,49.5000000000004,24.94158912228204,7,4,3,9,1.0,False,20,2026-09-13T22:17:17.390250+00:00,72891394
indoor-939978789d98,legacy_v1,indoor,97,48.300000000000466,22.835271876450847,6,4,2,9,1.0,False,11,2026-09-13T22:17:25.564836+00:00,91813574
indoor-0fb82fec95e4,legacy_v1,indoor,137,68.09999999999934,33.22614325577237,9,3,6,9,1.0,False,7,2026-09-13T22:17:28.865690+00:00,100512070
outdoor-2722b7fea6f2,legacy_v1,outdoor,311,155.20000000000104,119.82294388064642,11,4,7,0,7.717695959922522,True,1,2026-09-13T22:18:05.111344+00:00,105133013
indoor-f7f33ced45d8,legacy_v1,indoor,201,100.19999999999752,49.04045559221253,15,4,11,12,1.0,False,12,2026-09-13T22:18:38.496831+00:00,175805249
outdoor-4b96fc525aa3,legacy_v1,outdoor,216,107.79999999999602,79.01746922436418,7,4,3,0,8.389435541502145,False,1,2026-09-13T22:18:51.622887+00:00,103173090
outdoor-9b095456a4f8,legacy_v1,outdoor,247,122.99999999999515,95.14891711764295,9,4,5,0,9.36443399248994,False,1,2026-09-13T22:19:28.801038+00:00,84410601
indoor-b6fca29b0ed5,legacy_v1,indoor,151,75.29999999999893,33.61583667783921,9,4,5,12,1.0,False,2,2026-09-13T22:19:51.390116+00:00,95347391
outdoor-7823aa961225,legacy_v1,outdoor,145,71.99999999999805,47.4464189686289,5,3,2,0,7.704473769311665,True,3,2026-09-13T22:19:56.116068+00:00,96476970
outdoor-9a712f4d14ff,legacy_v1,outdoor,170,84.59999999999734,62.09846801750098,7,4,3,0,6.2506321402246865,True,1,2026-09-13T22:20:36.883840+00:00,70496184
indoor-fff998654e2f,legacy_v1,indoor,157,77.99999999999878,33.68166602515836,10,4,6,8,1.0,False,20,2026-09-13T22:20:46.413334+00:00,95508182
outdoor-56dc7e68b9ac,legacy_v1,outdoor,133,66.39999999999837,50.050989348691374,4,3,1,0,5.297811348092916,False,1,2026-09-13T22:20:47.454190+00:00,55295243
outdoor-05112cb6a1da,legacy_v1,outdoor,187,92.99999999999686,65.83187870167454,6,3,3,0,6.921027004536666,False,1,2026-09-13T22:21:02.353387+00:00,65178703
indoor-2167954b2b4e,legacy_v1,indoor,138,68.6999999999993,27.627822668852353,9,4,5,9,1.0,False,2,2026-09-13T22:21:53.370839+00:00,120272992
outdoor-c9f747d5a4d6,legacy_v1,outdoor,154,76.59999999999779,67.04025518607216,7,4,3,0,4.952536910801791,True,1,2026-09-13T22:22:09.599494+00:00,70148112
outdoor-d0b9ec4abd3b,legacy_v1,outdoor,233,116.39999999999553,89.92123152720714,8,3,5,0,6.461355730280843,True,1,2026-09-13T22:22:14.411341+00:00,105375869
indoor-21f41cca0c47,legacy_v1,indoor,203,101.39999999999745,49.90419576150921,14,4,10,10,1.0,False,6,2026-09-13T22:22:19.028643+00:00,137352661
outdoor-05dbd98d5620,legacy_v1,outdoor,126,62.59999999999858,46.93034389553934,5,3,2,0,4.917600403628474,False,1,2026-09-13T22:22:41.221257+00:00,99552820
indoor-2e70e750ffa4,legacy_v1,indoor,157,77.99999999999878,31.402007261671514,8,4,4,10,1.0,False,15,2026-09-13T22:23:11.005796+00:00,126685904
outdoor-490db7e188e0,legacy_v1,outdoor,147,73.19999999999798,59.541779148060684,5,3,2,0,5.599574599196017,False,1,2026-09-13T22:23:16.766677+00:00,60688670
outdoor-71a6560f5c28,legacy_v1,outdoor,140,69.79999999999818,52.43131528296337,4,4,0,0,5.304858228428576,True,1,2026-09-13T22:23:37.179823+00:00,49791277
outdoor-726e434d24d7,legacy_v1,outdoor,253,126.39999999999496,92.4305820957991,9,4,5,0,9.627285428453991,False,1,2026-09-13T22:23:40.985979+00:00,121893867
outdoor-9f2fb0c02fae,legacy_v1,outdoor,141,69.99999999999817,51.564529423764604,4,3,1,0,4.903880327634807,False,1,2026-09-13T22:24:06.497529+00:00,48034463
indoor-b219bf3300fb,legacy_v1,indoor,115,57.14999999999996,37.774410792221644,10,4,6,9,1.0,False,14,2026-09-13T22:24:37.635490+00:00,85794794
outdoor-dca092794cfd,legacy_v1,outdoor,136,67.5999999999983,55.47908566275711,5,2,3,0,5.663297051976539,True,1,2026-09-13T22:24:58.716565+00:00,47816216
indoor-af21063e40fd,legacy_v1,indoor,140,69.89999999999924,26.103191311537262,9,3,6,10,1.0,False,7,2026-09-13T22:25:09.255363+00:00,84856179
outdoor-86ae6933175d,legacy_v1,outdoor,224,111.5999999999958,80.03684667011603,9,3,6,0,8.692761600648915,True,1,2026-09-13T22:25:18.905631+00:00,142128271
indoor-5ec482345989,legacy_v1,indoor,103,51.00000000000031,23.354359606915967,6,4,2,11,1.0,False,8,2026-09-13T22:25:30.622527+00:00,78473830
outdoor-a698e080a3df,legacy_v1,outdoor,174,86.79999999999721,59.055297907635115,6,3,3,0,5.850195108578829,False,1,2026-09-13T22:25:38.165493+00:00,60216030
outdoor-153d1b7595fa,legacy_v1,outdoor,107,52.999999999999126,43.09522613432993,3,2,1,0,3.1406021569057145,True,1,2026-09-13T22:25:44.142633+00:00,71925561
indoor-82bf96040272,legacy_v1,indoor,112,55.50000000000006,23.667911189530038,7,3,4,12,1.0,False,3,2026-09-13T22:26:05.662073+00:00,66234217
indoor-06d5c0f87bc8,legacy_v1,indoor,84,41.70000000000039,22.414851685353906,7,3,4,9,1.0,False,1,2026-09-13T22:26:09.788177+00:00,77362943
indoor-1e56fef76a1a,legacy_v1,indoor,108,53.70000000000016,25.572325114990676,8,4,4,11,1.0,False,1,2026-09-13T22:26:24.201398+00:00,120082655
outdoor-0b110c973db2,legacy_v1,outdoor,175,87.39999999999718,68.37193177997983,8,4,4,0,6.468424512523973,True,1,2026-09-13T22:26:46.061779+00:00,58584504
indoor-4bb793889998,legacy_v1,indoor,145,72.2999999999991,33.703870147739494,9,4,5,10,1.0,False,5,2026-09-13T22:26:56.767345+00:00,102003385
outdoor-879ef96bf9c1,legacy_v1,outdoor,217,108.199999999996,86.68798869171172,10,4,6,0,6.223944699113282,True,1,2026-09-13T22:27:02.976645+00:00,175120756
outdoor-dcc9423ba5ef,legacy_v1,outdoor,140,69.59999999999819,52.83521563735256,5,3,2,0,7.248451683492151,True,1,2026-09-13T22:27:07.471436+00:00,77499810
outdoor-89b22b7f4d34,legacy_v1,outdoor,239,119.39999999999536,93.17477321120882,8,4,4,0,9.263836178078638,False,1,2026-09-13T22:27:30.447943+00:00,186102186
indoor-e2e0c9cb52d3,legacy_v1,indoor,84,41.70000000000039,22.706609030378374,6,4,2,9,1.0,False,1,2026-09-13T22:27:38.194668+00:00,92865314
indoor-9d8f62757e4f,legacy_v1,indoor,179,89.39999999999813,33.893496549678005,9,3,6,12,1.0,False,6,2026-09-13T22:28:12.530242+00:00,202392775
outdoor-691cf77783ed,legacy_v1,outdoor,208,103.79999999999625,78.41332382352032,8,4,4,0,5.742238825876864,True,1,2026-09-13T22:28:19.632632+00:00,82012897
indoor-f266a71f236a,legacy_v1,indoor,140,69.59999999999926,26.019652216851192,8,3,5,12,1.0,False,4,2026-09-13T22:28:27.207481+00:00,122648153
outdoor-ad753a2fdd0f,legacy_v1,outdoor,205,102.39999999999633,75.76955974435424,8,4,4,0,7.383413594114917,False,1,2026-09-13T22:28:49.064123+00:00,83504461
indoor-97ed9497aa36,legacy_v1,indoor,126,62.69999999999965,33.39373831210473,10,4,6,9,1.0,False,13,2026-09-13T22:28:53.952824+00:00,63599022
outdoor-79ada8e5cc34,legacy_v1,outdoor,108,53.79999999999908,40.468331414926304,5,4,1,0,4.141436646386931,False,1,2026-09-13T22:29:01.569593+00:00,101322378
outdoor-19d6215fd35b,legacy_v1,outdoor,263,130.99999999999554,100.10312624078105,10,4,6,0,9.452791342775793,False,1,2026-09-13T22:29:27.201383+00:00,208615157
outdoor-68128a882454,legacy_v1,outdoor,77,38.19999999999997,31.587015772606918,3,2,1,0,3.368521376332546,False,1,2026-09-13T22:29:48.497572+00:00,39350916
outdoor-fc53cbdb0e52,legacy_v1,outdoor,215,107.19999999999605,83.0530513788627,7,4,3,0,7.895970847907249,False,1,2026-09-13T22:29:53.780812+00:00,75822385
outdoor-3e1479c1a2e9,legacy_v1,outdoor,125,61.999999999998614,48.19602321009903,4,3,1,0,4.525821646545376,True,1,2026-09-13T22:29:55.704972+00:00,116905142
indoor-6439de1b952f,legacy_v1,indoor,148,73.49999999999903,33.14801240948576,11,4,7,8,1.0,False,7,2026-09-13T22:30:14.839336+00:00,75199191
outdoor-7a6072e079f8,legacy_v1,outdoor,128,63.79999999999851,46.402931312578886,4,4,0,0,6.836883889942617,True,1,2026-09-13T22:30:22.552336+00:00,47367758
outdoor-a3e7dff4d03c,legacy_v1,outdoor,245,121.99999999999521,84.20357450350372,8,4,4,0,7.956195770580732,True,1,2026-09-13T22:30:26.321769+00:00,96080958
outdoor-1ddcabd80fdb,legacy_v1,outdoor,109,54.19999999999906,38.336806054893856,4,2,2,0,3.5733253056102603,False,1,2026-09-13T22:30:35.815325+00:00,101430045
indoor-07b12689cc65,legacy_v1,indoor,60,29.70000000000022,37.70169365555584,10,3,7,12,1.0,False,2,2026-09-13T22:31:21.590267+00:00,46342294
outdoor-9065571ddb24,legacy_v1,outdoor,192,95.7999999999967,80.53415658580992,9,4,5,0,5.780304100221474,True,1,2026-09-13T22:31:43.134501+00:00,78815935
indoor-5c5ee8611ba4,legacy_v1,indoor,239,119.09999999999644,57.754251216815476,16,4,12,9,1.0,False,4,2026-09-13T22:31:45.451637+00:00,190415873
indoor-33580e57137b,legacy_v1,indoor,151,74.99999999999895,28.717237619767108,8,3,5,11,1.0,False,3,2026-09-13T22:31:47.060079+00:00,120452864
indoor-913ead88d266,legacy_v1,indoor,173,86.3999999999983,38.589404013413784,12,4,8,10,1.0,False,8,2026-09-13T22:31:58.515140+00:00,169199252
outdoor-33fff4a035eb,legacy_v1,outdoor,274,136.5999999999968,98.17131221152054,10,4,6,0,9.990824948000634,False,1,2026-09-13T22:32:03.017908+00:00,85207500
outdoor-2edeb6ac592b,legacy_v1,outdoor,99,48.99999999999935,39.45224928130242,3,3,0,0,3.7117642354323976,False,1,2026-09-13T22:32:04.690203+00:00,50342490
outdoor-b0700339c296,legacy_v1,outdoor,74,36.60000000000006,30.01154357438243,2,1,1,0,3.081246191289367,False,2,2026-09-13T22:32:20.496121+00:00,69051387
indoor-108d29c3f066,legacy_v1,indoor,130,64.79999999999953,29.256086940749512,8,4,4,8,1.0,False,1,2026-09-13T22:32:39.921173+00:00,124683638
outdoor-5fe4b764a580,legacy_v1,outdoor,210,104.5999999999962,70.9203586492184,8,4,4,0,7.010903763323583,False,1,2026-09-13T22:33:08.400701+00:00,120256825
outdoor-de8392d3351c,legacy_v1,outdoor,148,73.59999999999796,56.20563350757433,6,4,2,0,5.97623175119503,False,1,2026-09-13T22:33:34.160411+00:00,141829981
indoor-bede922503b1,legacy_v1,indoor,198,98.8499999999976,38.42970065518149,11,3,8,8,1.0,False,6,2026-09-13T22:33:34.219881+00:00,121684998
outdoor-78d06b1c82ca,legacy_v1,outdoor,324,161.6000000000025,131.85659661069204,14,4,10,0,9.092242258457276,True,1,2026-09-13T22:33:55.842647+00:00,102988600
indoor-7e6b1d5f8a91,legacy_v1,indoor,153,76.19999999999888,29.668600842219753,10,4,6,12,1.0,False,8,2026-09-13T22:34:03.171310+00:00,109601633
indoor-89abb7b4dc4d,legacy_v1,indoor,107,53.400000000000176,24.229623911922385,8,3,5,8,1.0,False,12,2026-09-13T22:34:38.427033+00:00,114055875
outdoor-f1b9839c0515,legacy_v1,outdoor,305,152.20000000000036,122.30777151589955,11,3,8,0,8.056568319675204,True,1,2026-09-13T22:34:40.462519+00:00,109943119
outdoor-8f74b3712a5c,legacy_v1,outdoor,200,99.79999999999647,74.7504418410168,7,3,4,0,7.934731905292554,False,1,2026-09-13T22:34:49.503600+00:00,66003997
outdoor-561d83fdf01b,legacy_v1,outdoor,157,77.99999999999771,62.41100677572479,5,3,2,0,5.8224139191943225,False,1,2026-09-13T22:35:03.360802+00:00,78971898
outdoor-637df3ee4855,legacy_v1,outdoor,121,59.99999999999873,43.651196452763834,5,3,2,0,4.762614433926379,False,1,2026-09-13T22:35:29.806674+00:00,63844307
indoor-8c0d6a4ec2ff,legacy_v1,indoor,137,68.09999999999934,44.10165404208297,13,4,9,9,1.0,False,8,2026-09-13T22:35:44.842018+00:00,82092241
outdoor-c0271365262c,legacy_v1,outdoor,132,65.59999999999842,51.37938173786205,4,2,2,0,5.63153718748288,False,1,2026-09-13T22:35:46.596908+00:00,50590386
indoor-8ff77f26901a,legacy_v1,indoor,86,42.900000000000404,20.27158561717239,6,3,3,8,1.0,False,5,2026-09-13T22:35:52.097238+00:00,71706180
outdoor-9da01de288e9,legacy_v1,outdoor,226,112.79999999999573,82.7520792182593,7,4,3,0,9.09355475012708,False,1,2026-09-13T22:37:05.525961+00:00,68411489
outdoor-408a165374ad,legacy_v1,outdoor,194,96.59999999999665,76.81922648555322,7,4,3,0,8.232266230685957,False,1,2026-09-13T22:37:05.595611+00:00,114458866
outdoor-ac0e7f493ae9,legacy_v1,outdoor,291,145.19999999999877,108.29319881610563,10,3,7,0,7.205206816968313,True,3,2026-09-13T22:37:05.771830+00:00,154090620
indoor-1dd615766d0a,legacy_v1,indoor,198,98.6999999999976,40.11783597275996,11,4,7,8,1.0,False,8,2026-09-13T22:37:44.110748+00:00,196776121
indoor-e64a7f414624,legacy_v1,indoor,196,97.49999999999767,47.25488236321851,13,4,9,12,1.0,False,8,2026-09-13T22:37:58.919412+00:00,230587991
outdoor-b102de4dc684,legacy_v1,outdoor,172,85.79999999999727,66.4281205325122,6,4,2,0,6.602983078820805,False,1,2026-09-13T22:38:09.730260+00:00,84774278
outdoor-e319313c723c,legacy_v1,outdoor,253,126.39999999999496,93.69734240502345,10,4,6,0,7.7105118826184,True,1,2026-09-13T22:38:30.867057+00:00,132683640
indoor-24d6726a788f,legacy_v1,indoor,118,58.79999999999987,40.73563129152238,11,4,7,8,1.0,False,11,2026-09-13T22:38:35.075184+00:00,87847373
outdoor-3326a2336f40,legacy_v1,outdoor,238,118.5999999999954,86.91347891413693,9,4,5,0,8.539288942124896,False,1,2026-09-13T22:38:47.918140+00:00,117704528
outdoor-3ececfc75ed8,legacy_v1,outdoor,194,96.79999999999664,77.76652975655635,8,2,6,0,7.456206704677793,False,1,2026-09-13T22:39:12.964637+00:00,119488950
outdoor-f554e166c9c1,legacy_v1,outdoor,162,80.59999999999756,54.37818161688372,6,3,3,0,4.9570594982779115,False,1,2026-09-13T22:39:15.087736+00:00,129406830
indoor-749c961018a5,legacy_v1,indoor,85,42.300000000000395,26.72566964735146,9,4,5,9,1.0,False,1,2026-09-13T22:39:42.531966+00:00,84895369
indoor-780544145ae0,legacy_v1,indoor,175,86.99999999999827,37.100518234806906,10,4,6,9,1.0,False,1,2026-09-13T22:39:47.963882+00:00,155246159
outdoor-4ef35470ef8b,legacy_v1,outdoor,326,162.9000000000028,128.73955257189328,14,3,11,0,8.515085062626564,True,2,2026-09-13T22:39:52.105290+00:00,172374872
outdoor-494b6a50f377,legacy_v1,outdoor,276,137.59999999999704,97.10168039896305,11,4,7,0,9.549799518815,False,1,2026-09-13T22:40:17.966703+00:00,142145823
outdoor-cd10fa046edb,legacy_v1,outdoor,191,95.39999999999672,70.1464794847611,8,4,4,0,6.883348384467839,False,1,2026-09-13T22:40:25.867755+00:00,97202424
indoor-f9368e4b7181,legacy_v1,indoor,143,71.24999999999916,23.102512142705688,8,3,5,12,1.0,False,3,2026-09-13T22:41:05.866731+00:00,132216340
indoor-18f6f80756a3,legacy_v1,indoor,122,60.89999999999975,25.179702816575237,9,4,5,9,1.0,False,11,2026-09-13T22:41:22.958715+00:00,95885250
outdoor-3ce9db7de65d,legacy_v1,outdoor,299,149.19999999999968,112.03309793998099,10,4,6,0,9.969064004489098,True,2,2026-09-13T22:41:51.697257+00:00,130950216
indoor-75dffe5def3d,legacy_v1,indoor,182,90.59999999999806,38.422899741094454,13,4,9,8,1.0,False,4,2026-09-13T22:41:55.066394+00:00,99516787
outdoor-76546a255193,legacy_v1,outdoor,102,50.79999999999925,41.140026207690596,5,3,2,0,3.300633056748328,True,1,2026-09-13T22:42:12.696497+00:00,67813142
outdoor-f9b9888b1d0f,legacy_v1,outdoor,220,109.59999999999592,84.25872128115816,7,4,3,0,6.0462973249681,True,1,2026-09-13T22:42:20.141676+00:00,177316522
indoor-989c557f68e4,legacy_v1,indoor,88,43.80000000000042,29.259881499804212,9,3,6,9,1.0,False,13,2026-09-13T22:42:23.774473+00:00,56744502
outdoor-c77f7c9c70e4,legacy_v1,outdoor,173,85.99999999999726,70.61458484552959,8,4,4,0,4.544261870619913,True,1,2026-09-13T22:42:53.892901+00:00,66721954
outdoor-32e70e132847,legacy_v1,outdoor,116,57.79999999999885,50.61840764796891,5,3,2,0,3.2123619901246405,True,1,2026-09-13T22:42:54.244580+00:00,90539132
indoor-61ea3ff0f669,legacy_v1,indoor,175,86.99999999999827,36.90433398337848,12,4,8,9,1.0,False,1,2026-09-13T22:43:13.885383+00:00,166377464
outdoor-502d3b8d49e0,legacy_v1,outdoor,177,87.99999999999714,61.93246506691467,6,3,3,0,6.747996720818701,False,1,2026-09-13T22:43:22.548951+00:00,59746228
outdoor-9102670d80d5,legacy_v1,outdoor,166,82.59999999999745,66.84312221612115,6,3,3,0,6.260427209881503,True,1,2026-09-13T22:43:25.922453+00:00,122551831
outdoor-3e6d9fa03282,legacy_v1,outdoor,231,115.39999999999559,88.4657022166659,9,4,5,0,8.504561967968234,True,1,2026-09-13T22:43:54.138740+00:00,96807547
indoor-bf9dbcb4ee5a,legacy_v1,indoor,163,80.99999999999861,42.368878650386,12,4,8,10,1.0,False,1,2026-09-13T22:44:11.647749+00:00,153387866
outdoor-f10faacc5532,legacy_v1,outdoor,223,110.99999999999584,84.33146520839497,7,4,3,0,7.699313258681444,False,1,2026-09-13T22:44:22.090398+00:00,107392177
outdoor-2f2796c515c7,legacy_v1,outdoor,244,121.79999999999522,94.18159324748586,8,3,5,0,6.34981953691806,True,1,2026-09-13T22:44:42.910774+00:00,232678299
indoor-8a2e19757088,legacy_v1,indoor,180,89.69999999999811,39.50613535636319,12,4,8,9,1.0,False,1,2026-09-13T22:44:46.185391+00:00,135092806
outdoor-53207a8e584d,legacy_v1,outdoor,273,135.99999999999667,90.5207280006029,8,4,4,0,5.893784378145565,True,1,2026-09-13T22:44:57.351316+00:00,134247690
outdoor-f9c84efecdb2,legacy_v1,outdoor,143,70.99999999999811,56.435973718151445,5,2,3,0,4.0956188263591375,True,1,2026-09-13T22:45:16.519333+00:00,84703169
outdoor-cb59aa632e5e,legacy_v1,outdoor,131,64.99999999999845,50.054472782860884,6,4,2,0,4.747332085468038,False,1,2026-09-13T22:45:39.899592+00:00,43717084
outdoor-92d12f171d40,legacy_v1,outdoor,191,95.39999999999672,74.13147127825619,6,4,2,0,6.963663269040973,True,1,2026-09-13T22:45:54.610228+00:00,108225011
outdoor-ca47176108ab,legacy_v1,outdoor,401,200.00000000001123,167.27421428193995,17,4,13,0,8.656503816529053,True,1,2026-09-13T22:46:26.183842+00:00,329335553
indoor-9499e3531fe9,legacy_v1,indoor,196,97.79999999999765,42.66028646708287,13,4,9,9,1.0,False,14,2026-09-13T22:46:44.788602+00:00,131364826
indoor-f9df71fb8168,legacy_v1,indoor,125,62.09999999999968,33.43186708155876,9,3,6,11,1.0,False,9,2026-09-13T22:46:47.920498+00:00,147919368
indoor-3a6b43e18206,legacy_v1,indoor,206,102.89999999999736,42.62256410412121,12,4,8,8,1.0,False,7,2026-09-13T22:47:15.055091+00:00,166272579
outdoor-742663a219df,legacy_v1,outdoor,261,129.9999999999953,94.73769917893756,10,4,6,0,9.170666121085471,False,1,2026-09-13T22:47:33.881650+00:00,98815199
indoor-fa679d42c607,legacy_v1,indoor,143,71.39999999999915,30.922783179104897,10,4,6,9,1.0,False,3,2026-09-13T22:47:36.801361+00:00,180993204
outdoor-bb4b40fc759f,legacy_v1,outdoor,113,55.999999999998956,37.958200823017485,4,3,1,0,3.623902344161405,True,2,2026-09-13T22:47:55.067644+00:00,79736941
indoor-031f5dccf704,legacy_v1,indoor,196,97.79999999999765,36.55136851597601,10,4,6,10,1.0,False,1,2026-09-13T22:48:03.291015+00:00,137308374
outdoor-2018127a126e,legacy_v1,outdoor,86,42.59999999999972,33.751775399979095,2,2,0,0,3.363660918058797,False,1,2026-09-13T22:48:11.365076+00:00,52210702
indoor-3462cdfa24fe,legacy_v1,indoor,101,50.40000000000035,34.60316952861869,11,4,7,10,1.0,False,18,2026-09-13T22:48:40.179209+00:00,117233048
outdoor-dc88252431fb,legacy_v1,outdoor,271,135.09999999999644,100.4576858965429,9,3,6,0,9.208101770758883,False,1,2026-09-13T22:49:07.238581+00:00,158410165
outdoor-991a2118e19b,legacy_v1,outdoor,97,48.1999999999994,37.76545138192046,3,2,1,0,3.6373575634379005,False,1,2026-09-13T22:49:19.324088+00:00,67548724
indoor-ec1a09315d94,legacy_v1,indoor,131,65.3999999999995,26.52357093487657,8,4,4,10,1.0,False,2,2026-09-13T22:49:52.733801+00:00,107677125
indoor-815fbd721e5b,legacy_v1,indoor,151,74.99999999999895,39.25267886017279,13,3,10,12,1.0,False,3,2026-09-13T22:50:11.546841+00:00,136568179
outdoor-a9369a8bf75d,legacy_v1,outdoor,217,108.39999999999598,82.9110676786942,8,4,4,0,7.551560712779575,False,1,2026-09-13T22:50:29.015101+00:00,93571410
indoor-bc03a25ab7f0,legacy_v1,indoor,181,90.29999999999808,42.64043874447904,13,4,9,8,1.0,False,18,2026-09-13T22:50:52.491110+00:00,150464577
outdoor-ddd7b6947075,legacy_v1,outdoor,205,102.39999999999633,70.92906990801617,8,4,4,0,7.18048445296542,False,1,2026-09-13T22:51:04.385419+00:00,97399242
outdoor-4ab80bcb6465,legacy_v1,outdoor,121,60.399999999998705,43.7233027251732,5,3,2,0,4.327515985477898,False,1,2026-09-13T22:51:21.286066+00:00,100472150
indoor-b6e08294735b,legacy_v1,indoor,127,63.29999999999961,29.744950351869342,8,4,4,12,1.0,False,8,2026-09-13T22:51:21.294832+00:00,110432870
indoor-6407d1fea870,legacy_v1,indoor,130,64.79999999999953,26.42943067953743,8,4,4,12,1.0,False,9,2026-09-13T22:51:31.331044+00:00,84537018
outdoor-e783b3f2e0bf,legacy_v1,outdoor,93,46.19999999999951,42.41757240601871,5,3,2,0,3.072270992289421,True,1,2026-09-13T22:51:36.303533+00:00,31559128
indoor-a783e56d974d,legacy_v1,indoor,121,59.9999999999998,27.37614379273751,8,4,4,8,1.0,False,4,2026-09-13T22:51:37.322982+00:00,90512425
indoor-5478456e99a7,legacy_v1,indoor,171,85.19999999999837,36.30810699685384,10,3,7,11,1.0,False,1,2026-09-13T22:52:30.857632+00:00,138442051
indoor-af75e17c250b,legacy_v1,indoor,69,34.20000000000029,25.989335207044263,8,3,5,12,1.0,False,12,2026-09-13T22:52:54.695139+00:00,69487710
indoor-b945cfbc427b,legacy_v1,indoor,102,50.70000000000033,20.718159727206988,5,4,1,10,1.0,False,9,2026-09-13T22:53:03.628320+00:00,73844562
indoor-e9784a415855,legacy_v1,indoor,59,29.400000000000215,22.82403771275564,7,3,4,12,1.0,False,8,2026-09-13T22:53:07.841269+00:00,60030614
outdoor-f23c4a684304,legacy_v1,outdoor,103,51.39999999999922,42.170991847804274,4,2,2,0,4.0528822325789715,False,2,2026-09-13T22:53:51.917025+00:00,31787498
indoor-3602d59c8e90,legacy_v1,indoor,227,113.39999999999677,50.40464641447707,14,4,10,10,1.0,False,10,2026-09-13T22:54:01.892323+00:00,173466296
outdoor-1c55a633778c,legacy_v1,outdoor,174,86.59999999999722,62.52270440966312,5,3,2,0,6.652740763808269,False,1,2026-09-13T22:54:11.093330+00:00,109455798
outdoor-cfdd1e324922,legacy_v1,outdoor,381,190.200000000009,140.7075254364402,15,4,11,0,9.834467216672351,True,3,2026-09-13T22:54:15.153297+00:00,197792616
indoor-3eb0ce0c5086,legacy_v1,indoor,224,111.89999999999685,49.03550606045408,15,4,11,10,1.0,False,8,2026-09-13T22:54:48.559772+00:00,155095020
outdoor-0c32fc4d98c1,legacy_v1,outdoor,142,70.59999999999813,52.9776661875707,4,2,2,0,4.97251212904993,True,1,2026-09-13T22:54:50.659526+00:00,80073855
outdoor-8e59d858ca72,legacy_v1,outdoor,359,179.00000000000645,136.0208749599037,15,4,11,0,7.836404691485992,True,1,2026-09-13T22:55:05.570163+00:00,121461495
outdoor-438c76f3da4e,legacy_v1,outdoor,236,117.59999999999546,88.63066022205993,10,3,7,0,9.815467358924863,False,1,2026-09-13T22:55:39.099223+00:00,142391158
indoor-c86d3c1fd3fe,legacy_v1,indoor,217,107.99999999999707,43.38877655167166,14,4,10,9,1.0,False,4,2026-09-13T22:55:42.990292+00:00,237470528
outdoor-d2ae7315ed69,legacy_v1,outdoor,157,78.39999999999769,67.43010864450515,6,2,4,0,6.873167245410388,True,3,2026-09-13T22:55:49.056804+00:00,124661481
outdoor-f570728cb6d8,legacy_v1,outdoor,152,75.59999999999785,60.0813005737088,7,3,4,0,7.043431265195875,True,1,2026-09-13T22:56:03.173554+00:00,121866595
indoor-f7286d03d66d,legacy_v1,indoor,57,28.2000000000002,25.32757283944251,9,3,6,10,1.0,False,1,2026-09-13T22:56:20.321068+00:00,55334386
outdoor-da72abc3894d,legacy_v1,outdoor,100,49.79999999999931,36.67077365755819,3,2,1,0,3.456354807438631,False,1,2026-09-13T22:56:29.158535+00:00,62132536
outdoor-99b3bd6ec7a5,legacy_v1,outdoor,280,139.79999999999754,102.10926187128615,10,4,6,0,9.814648921870123,False,1,2026-09-13T22:56:30.162828+00:00,266969700
outdoor-68a5a2c0ecf1,legacy_v1,outdoor,151,75.39999999999786,61.084561335772015,6,4,2,0,6.156254254418182,False,1,2026-09-13T22:57:01.950147+00:00,142761420
outdoor-490cfa7fbe81,legacy_v1,outdoor,118,58.6999999999988,38.85207516763274,4,3,1,0,4.16144786556066,False,1,2026-09-13T22:57:12.199916+00:00,41226154
indoor-72dd48015d1e,legacy_v1,indoor,188,93.59999999999789,52.28815579542516,15,4,11,8,1.0,False,9,2026-09-13T22:57:14.166527+00:00,150611983
indoor-722a944bffd2,legacy_v1,indoor,131,65.09999999999951,32.377417578962664,9,3,6,12,1.0,False,8,2026-09-13T22:57:24.711971+00:00,113108197
outdoor-2f5531654d5f,legacy_v1,outdoor,123,61.39999999999865,44.74311332573855,3,3,0,0,4.53318868892406,False,1,2026-09-13T22:57:57.310303+00:00,78428917
outdoor-18a2c9cb66e7,legacy_v1,outdoor,113,56.09999999999895,29.816366679862718,4,4,0,0,3.146094326842348,True,1,2026-09-13T22:58:03.300057+00:00,63403420
outdoor-13df708f1102,legacy_v1,outdoor,171,84.99999999999731,64.90311056872838,6,4,2,0,7.064340377587107,False,1,2026-09-13T22:58:16.795228+00:00,82700942
outdoor-32e870c8f1e2,legacy_v1,outdoor,310,154.70000000000093,97.0075011773841,11,4,7,0,7.800887514829687,True,2,2026-09-13T22:58:22.751708+00:00,179668163
outdoor-6062723e93dc,legacy_v1,outdoor,203,100.9999999999964,70.04458825474504,6,4,2,0,7.154124934253204,False,1,2026-09-13T22:58:32.332508+00:00,117654265
indoor-a088e5368c56,legacy_v1,indoor,132,65.69999999999948,26.01693378154766,8,4,4,12,1.0,False,2,2026-09-13T22:58:59.321433+00:00,77455612
outdoor-e6c203f59689,legacy_v1,outdoor,201,100.19999999999645,79.51234590268564,8,4,4,0,7.975045295983634,False,1,2026-09-13T22:59:11.033105+00:00,61335452
indoor-275113c5e4e0,legacy_v1,indoor,146,72.89999999999907,33.71782151807638,9,3,6,10,1.0,False,1,2026-09-13T22:59:25.691627+00:00,118267716
outdoor-1bc47884e090,legacy_v1,outdoor,131,64.99999999999845,55.56989613294171,6,4,2,0,4.00346332137545,True,1,2026-09-13T22:59:35.598876+00:00,52107749
outdoor-badfe00bce97,legacy_v1,outdoor,298,148.79999999999959,118.72130803335045,12,4,8,0,8.886740110903446,True,1,2026-09-13T23:00:00.941580+00:00,116326963
indoor-39b6247149c6,legacy_v1,indoor,137,68.39999999999932,34.40440166841695,10,4,6,11,1.0,False,5,2026-09-13T23:00:36.698461+00:00,113120727
outdoor-2cd14e8ac5fd,legacy_v1,outdoor,429,214.4000000000145,179.27892716489464,17,4,13,0,9.159206323569121,True,1,2026-09-13T23:01:28.447698+00:00,222552710
indoor-d39562c98744,legacy_v1,indoor,128,63.89999999999958,24.24821028050945,7,2,5,12,1.0,False,2,2026-09-13T23:01:40.040511+00:00,107529582
indoor-95bc3b36ab5c,legacy_v1,indoor,163,81.29999999999859,31.120897586440996,10,4,6,9,1.0,False,16,2026-09-13T23:03:04.671692+00:00,156108018
indoor-90ff41cd3bd1,legacy_v1,indoor,271,135.29999999999552,62.94311908760608,20,4,16,9,1.0,False,3,2026-09-13T23:03:22.206341+00:00,198903834
indoor-8d128071a4a0,legacy_v1,indoor,172,85.79999999999833,37.60407539517935,11,4,7,10,1.0,False,1,2026-09-13T23:03:25.380429+00:00,150061463
indoor-cd5520a5c862,legacy_v1,indoor,244,121.4999999999963,57.121800322796034,18,4,14,9,1.0,False,19,2026-09-13T23:03:25.846644+00:00,276360108
indoor-980eac2213a4,legacy_v1,indoor,69,34.20000000000029,22.71273149292344,6,4,2,8,1.0,False,14,2026-09-13T23:03:59.769675+00:00,34750647
outdoor-37b1b7350612,legacy_v1,outdoor,152,75.79999999999784,59.619885686760185,5,3,2,0,5.15379067498978,True,1,2026-09-13T23:04:24.092419+00:00,103783676
outdoor-57a502149fb9,legacy_v1,outdoor,220,109.59999999999592,84.80747870123491,9,4,5,0,8.580845985722892,False,1,2026-09-13T23:04:46.517013+00:00,156546673
indoor-8248d2b5a702,legacy_v1,indoor,186,92.69999999999794,40.27329560589179,13,4,9,8,1.0,False,5,2026-09-13T23:04:46.648794+00:00,171475200
outdoor-2c81c95081e2,legacy_v1,outdoor,201,99.99999999999646,79.76210981635502,7,3,4,0,5.593404582411813,True,2,2026-09-13T23:04:49.935167+00:00,77046465
indoor-7c00d5314a83,legacy_v1,indoor,111,55.200000000000074,24.918755217690023,7,4,3,11,1.0,False,2,2026-09-13T23:05:26.570929+00:00,105026089
outdoor-b94bb77178ee,legacy_v1,outdoor,165,82.19999999999747,65.87038978321121,7,4,3,0,4.916929633178446,True,1,2026-09-13T23:05:45.457201+00:00,67473172
outdoor-96e70a32c07e,legacy_v1,outdoor,175,87.39999999999718,69.2808240638404,6,4,2,0,5.389338099681948,True,1,2026-09-13T23:05:51.165330+00:00,63997886
outdoor-cddecbd28ed1,legacy_v1,outdoor,162,80.59999999999756,57.21437570204131,7,3,4,0,5.828028028965777,False,1,2026-09-13T23:06:27.466839+00:00,99207542
indoor-6928a8f93bdc,legacy_v1,indoor,297,148.1999999999948,62.47512977874093,18,4,14,10,1.0,False,7,2026-09-13T23:06:35.004809+00:00,316349243
indoor-e7b991852ca6,legacy_v1,indoor,152,75.8999999999989,30.947688382423756,8,4,4,12,1.0,False,9,2026-09-13T23:07:01.194722+00:00,132671513
outdoor-006aaf2550be,legacy_v1,outdoor,243,121.19999999999526,96.98643909462618,10,4,6,0,4.528012125288844,True,1,2026-09-13T23:07:17.716039+00:00,162375842
outdoor-d53587e63411,legacy_v1,outdoor,80,39.799999999999876,30.288039161813526,4,4,0,0,3.2256418864550915,False,1,2026-09-13T23:07:33.095713+00:00,66472181
outdoor-3a6979275cd2,legacy_v1,outdoor,225,112.19999999999577,77.49652541709409,9,3,6,0,6.73283130939712,True,2,2026-09-13T23:07:34.052001+00:00,176366058
indoor-95bbf4054524,legacy_v1,indoor,61,30.300000000000228,25.177113398429235,7,4,3,10,1.0,False,10,2026-09-13T23:08:14.291090+00:00,49815966
indoor-32f706bf0879,legacy_v1,indoor,193,96.29999999999774,50.74182260982742,14,4,10,11,1.0,False,1,2026-09-13T23:08:28.749846+00:00,187707587
outdoor-086401259ab1,legacy_v1,outdoor,214,106.79999999999607,81.15744846111075,7,3,4,0,8.457185497548629,False,1,2026-09-13T23:08:55.762002+00:00,79549082
outdoor-2f5a8c4563a9,legacy_v1,outdoor,141,70.39999999999814,53.38825259474227,5,3,2,0,4.368567923969822,True,1,2026-09-13T23:09:09.895894+00:00,71858606
outdoor-779c6c422dd3,legacy_v1,outdoor,257,128.1999999999949,97.51937757410548,11,3,8,0,9.47332095790706,False,1,2026-09-13T23:09:10.422503+00:00,248663749
outdoor-68b9c14f10cc,legacy_v1,outdoor,184,91.59999999999694,71.17006357230775,8,4,4,0,7.652029521613684,False,1,2026-09-13T23:09:41.108177+00:00,89857472
outdoor-63a9e2bd000b,legacy_v1,outdoor,121,60.19999999999872,41.64399823577177,4,2,2,0,5.264227696342411,True,1,2026-09-13T23:09:58.922740+00:00,95210216
outdoor-b5517c49ce8f,legacy_v1,outdoor,203,101.39999999999638,83.49073053751074,9,3,6,0,7.498594322490858,True,1,2026-09-13T23:10:07.779753+00:00,191391507
indoor-2227dacf6cf8,legacy_v1,indoor,143,71.09999999999917,39.53380826438136,11,4,7,11,1.0,False,1,2026-09-13T23:10:17.760298+00:00,121774152
indoor-845783e380ef,legacy_v1,indoor,154,76.79999999999885,46.44898034302846,14,4,10,9,1.0,False,1,2026-09-13T23:10:54.307035+00:00,147126342
outdoor-dbbfd8ac39d9,legacy_v1,outdoor,266,132.5999999999959,91.07073752065912,10,4,6,0,8.493861077206354,False,1,2026-09-13T23:11:29.271357+00:00,96015235
indoor-cf48abd48899,legacy_v1,indoor,200,99.89999999999753,52.602228230525554,15,4,11,12,1.0,False,6,2026-09-13T23:11:53.518317+00:00,162047836
outdoor-3ad9feffd3df,legacy_v1,outdoor,283,141.19999999999786,106.39010761405557,11,4,7,0,9.153940646239167,True,1,2026-09-13T23:12:03.485113+00:00,155669708
indoor-c0af440c61ba,legacy_v1,indoor,106,52.50000000000023,23.436081521704786,6,4,2,10,1.0,False,1,2026-09-13T23:12:20.700857+00:00,71655061
outdoor-e914f55447b4,legacy_v1,outdoor,217,108.39999999999598,85.82009256422845,8,4,4,0,8.008953685296207,True,1,2026-09-13T23:12:21.939751+00:00,99098779
indoor-08989575a5f7,legacy_v1,indoor,153,76.19999999999888,36.55453163012538,10,4,6,10,1.0,False,2,2026-09-13T23:13:09.200720+00:00,208319943
indoor-38de7f708d0e,legacy_v1,indoor,297,148.1999999999948,62.88944435214672,19,4,15,10,1.0,False,19,2026-09-13T23:13:13.825661+00:00,245331422
outdoor-427aad581e9e,legacy_v1,outdoor,248,123.79999999999511,91.08125957465118,9,4,5,0,8.942599426165955,False,1,2026-09-13T23:13:41.674156+00:00,240782000
outdoor-f38841862740,legacy_v1,outdoor,129,64.39999999999849,49.56027728413086,4,3,1,0,4.554321528037811,False,2,2026-09-13T23:13:45.585397+00:00,41174235
outdoor-b3cbb13d335f,legacy_v1,outdoor,140,69.59999999999819,51.562106624873316,4,2,2,0,4.8006530113820665,False,1,2026-09-13T23:14:01.958166+00:00,68432446
indoor-e5ccbab04ba2,legacy_v1,indoor,122,60.59999999999977,28.83584101016197,10,3,7,10,1.0,False,1,2026-09-13T23:14:06.676045+00:00,138139112
indoor-e00b06b4b145,legacy_v1,indoor,124,61.499999999999716,32.07350342732502,11,4,7,10,1.0,False,11,2026-09-13T23:14:12.582935+00:00,109572239
outdoor-6e1b5140ab4e,legacy_v1,outdoor,127,62.99999999999856,48.627905260464,4,4,0,0,4.734505185977081,False,1,2026-09-13T23:14:26.215186+00:00,44728253
outdoor-658d5f4ef8a9,legacy_v1,outdoor,125,62.1999999999986,51.40367746835253,4,2,2,0,5.262596701031214,False,2,2026-09-13T23:14:34.468410+00:00,39645275
outdoor-19ab70f38fdb,legacy_v1,outdoor,216,107.799999999996,70.76658954297727,6,4,2,0,8.705428977239048,True,1,2026-09-13T23:15:10.385364+00:00,79628696
indoor-5a19db096d27,legacy_v1,indoor,131,65.09999999999951,22.148429843114588,8,3,5,10,1.0,False,2,2026-09-13T23:15:13.546391+00:00,96327737
outdoor-079504a57270,legacy_v1,outdoor,114,56.59999999999892,45.23146950427638,5,2,3,0,4.244459373683036,False,1,2026-09-13T23:15:14.149346+00:00,60137950
indoor-d365b70b5f82,legacy_v1,indoor,196,97.79999999999765,42.24583530816669,14,4,10,12,1.0,False,3,2026-09-13T23:15:57.493774+00:00,153115258
indoor-318255d9be9c,legacy_v1,indoor,89,44.10000000000042,21.861879172029504,6,3,3,10,1.0,False,11,2026-09-13T23:15:57.497650+00:00,70784054
indoor-62536b69cec4,legacy_v1,indoor,109,54.300000000000125,21.760568200625315,8,4,4,12,1.0,False,1,2026-09-13T23:16:04.291500+00:00,95156425
outdoor-800a0145fafd,legacy_v1,outdoor,243,121.39999999999525,84.96970573462659,9,4,5,0,7.972712308595874,False,1,2026-09-13T23:16:35.582749+00:00,82456244
outdoor-46cbdab84073,legacy_v1,outdoor,269,134.3999999999963,92.21123896355044,9,4,5,0,9.236757529566122,False,1,2026-09-13T23:16:54.891283+00:00,181927633
outdoor-0671cb3bb811,legacy_v1,outdoor,199,99.1999999999965,74.49198866316601,6,4,2,0,7.97462342905793,False,1,2026-09-13T23:17:08.581860+00:00,114649036
indoor-2360d83e920a,legacy_v1,indoor,169,83.99999999999844,38.02145305173934,11,4,7,11,1.0,False,4,2026-09-13T23:17:25.379051+00:00,147945469
indoor-857741c6e36f,legacy_v1,indoor,121,60.299999999999784,29.43190276530435,8,4,4,12,1.0,False,2,2026-09-13T23:17:38.791599+00:00,149111462
indoor-8eb9c92199d0,legacy_v1,indoor,63,31.20000000000024,20.02143557851017,5,3,2,11,1.0,False,13,2026-09-13T23:17:47.524435+00:00,43488419
outdoor-943614bcaca2,legacy_v1,outdoor,205,102.19999999999634,80.42869497391945,8,3,5,0,8.877531286737625,False,1,2026-09-13T23:18:24.607325+00:00,97756509
indoor-a6d8a703b947,legacy_v1,indoor,243,121.19999999999632,52.76093393434671,16,4,12,11,1.0,False,1,2026-09-13T23:18:31.108094+00:00,165411862
outdoor-be3c0aebcd9a,legacy_v1,outdoor,143,70.99999999999811,57.912856316290075,5,2,3,0,4.374630073134961,True,1,2026-09-13T23:18:44.436956+00:00,90362553
outdoor-4c9568d01f87,legacy_v1,outdoor,227,113.19999999999571,88.86676914562977,10,4,6,0,6.98868795173177,True,1,2026-09-13T23:18:47.193777+00:00,99025779
outdoor-698e93b01729,legacy_v1,outdoor,223,111.19999999999582,94.65439227172837,10,4,6,0,6.531476151073671,True,1,2026-09-13T23:19:06.288139+00:00,173904201
indoor-0563ee6f6317,legacy_v1,indoor,257,128.24999999999594,50.004362380538595,15,4,11,8,1.0,False,1,2026-09-13T23:19:53.383938+00:00,213017492
outdoor-4da505cf21e5,legacy_v1,outdoor,195,96.99999999999663,84.54782638158761,7,3,4,0,4.477852336975669,True,1,2026-09-13T23:20:00.186820+00:00,82313173
outdoor-9b3fadb76fbc,legacy_v1,outdoor,262,130.59999999999545,91.0517551733927,8,3,5,0,8.965535675475188,True,1,2026-09-13T23:20:13.440108+00:00,141581937
outdoor-17b49d51aca9,legacy_v1,outdoor,276,137.59999999999704,104.67332345845028,10,4,6,0,9.340367988809637,True,1,2026-09-13T23:20:25.656782+00:00,220899328
outdoor-affc9e0044e9,legacy_v1,outdoor,303,151.00000000000009,114.55216914783932,11,4,7,0,7.562361604410365,True,1,2026-09-13T23:20:49.722302+00:00,214787537
outdoor-e9b89424601d,legacy_v1,outdoor,175,87.39999999999718,69.85275856301215,6,4,2,0,5.228350846101137,True,1,2026-09-13T23:21:14.220319+00:00,140119068
outdoor-9d006ccb91f7,legacy_v1,outdoor,322,160.60000000000227,124.11710019134385,12,4,8,0,8.673543319578709,True,2,2026-09-13T23:21:54.142343+00:00,233248530
indoor-e561bba283df,legacy_v1,indoor,138,68.6999999999993,24.727489065493724,7,2,5,12,1.0,False,12,2026-09-13T23:22:11.983419+00:00,83536817
outdoor-a9b7f4e03f5d,legacy_v1,outdoor,343,171.40000000000472,144.73171021569968,13,4,9,0,7.8189180236011495,True,1,2026-09-13T23:22:20.763792+00:00,171300418
indoor-b375ce90bd11,legacy_v1,indoor,148,73.49999999999903,32.48783807415356,11,3,8,9,1.0,False,8,2026-09-13T23:22:29.597293+00:00,121525157
outdoor-858e46463340,legacy_v1,outdoor,115,57.19999999999889,47.63841568331823,5,3,2,0,6.361248151680811,True,1,2026-09-13T23:22:37.189109+00:00,73701584
outdoor-8d255836c615,legacy_v1,outdoor,227,113.3999999999957,82.99650860369273,9,3,6,0,6.363125746938191,True,2,2026-09-13T23:22:47.651346+00:00,113829715
outdoor-fc878c5714c5,legacy_v1,outdoor,161,79.9999999999976,61.425721446231144,6,3,3,0,6.479450785696876,False,1,2026-09-13T23:23:24.412146+00:00,82480345
indoor-7ba79fea0cb8,legacy_v1,indoor,129,64.19999999999956,21.243319791392125,7,3,4,12,1.0,False,2,2026-09-13T23:23:45.871764+00:00,132332679
indoor-c05fa6ba0dc0,legacy_v1,indoor,93,46.350000000000456,24.04952786322564,8,4,4,12,1.0,False,2,2026-09-13T23:23:46.222819+00:00,80536876
outdoor-baec5f8e744d,legacy_v1,outdoor,149,74.39999999999792,53.438791428192935,6,2,4,0,5.5847295358953986,False,1,2026-09-13T23:24:34.029307+00:00,51186091
indoor-008599653d04,legacy_v1,indoor,128,63.89999999999958,38.353689574867495,11,4,7,11,1.0,False,7,2026-09-13T23:25:04.996256+00:00,122724769
indoor-03b1ad4718ad,legacy_v1,indoor,157,78.29999999999876,34.91314071008386,11,4,7,8,1.0,False,17,2026-09-13T23:25:18.242517+00:00,138043598
indoor-27a174410095,legacy_v1,indoor,115,57.14999999999995,24.350239261404347,6,4,2,8,1.0,False,1,2026-09-13T23:25:21.956253+00:00,66352821
outdoor-9b4fc416db1a,legacy_v1,outdoor,114,56.79999999999891,46.672128814969994,4,3,1,0,4.324121136242413,False,1,2026-09-13T23:25:49.205376+00:00,88004385
outdoor-22c10ea91aa0,legacy_v1,outdoor,208,103.59999999999626,74.46320123538106,7,4,3,0,5.620001386369173,True,2,2026-09-13T23:26:00.629246+00:00,77374534
indoor-db5c4e713929,legacy_v1,indoor,124,61.7999999999997,32.14543503734592,11,4,7,8,1.0,False,1,2026-09-13T23:26:16.498796+00:00,95778574
indoor-1f1ef9f18664,legacy_v1,indoor,146,72.89999999999907,24.993779931290213,6,3,3,11,1.0,False,16,2026-09-13T23:26:28.713555+00:00,128281600
outdoor-b9e2c1bf22f3,legacy_v1,outdoor,120,59.79999999999874,44.72737430771835,3,2,1,0,4.953301367990192,False,1,2026-09-13T23:26:39.612808+00:00,51024319
outdoor-c7486f446a97,legacy_v1,outdoor,168,83.79999999999738,45.91505196324345,5,3,2,0,5.058602519828375,False,1,2026-09-13T23:26:56.014107+00:00,137847339
outdoor-b22983b03c99,legacy_v1,outdoor,130,64.79999999999846,56.91736392917241,5,4,1,0,4.430715949205315,True,1,2026-09-13T23:27:08.385540+00:00,95600526
indoor-f7c9c91cf37b,legacy_v1,indoor,160,79.79999999999868,35.47196825062683,10,4,6,10,1.0,False,2,2026-09-13T23:27:30.940649+00:00,87502388
outdoor-77d5ff447055,legacy_v1,outdoor,162,80.79999999999755,55.29821598955368,5,3,2,0,9.30593630261344,True,1,2026-09-13T23:27:36.143357+00:00,61829868
outdoor-68c8de41badb,legacy_v1,outdoor,91,44.99999999999958,32.50344414024339,4,3,1,0,3.4805818364470165,False,1,2026-09-13T23:28:12.282668+00:00,43655745
outdoor-feecb2c2dacf,legacy_v1,outdoor,190,94.79999999999676,72.06949636581993,7,3,4,0,6.6942139099740405,False,1,2026-09-13T23:28:17.314296+00:00,89907284
indoor-c647fa50a84f,legacy_v1,indoor,207,103.19999999999735,47.97676210427629,15,4,11,12,1.0,False,2,2026-09-13T23:28:19.872280+00:00,128571882
indoor-f771e2f4e532,legacy_v1,indoor,238,118.49999999999648,54.032370584078116,17,3,14,8,1.0,False,18,2026-09-13T23:28:56.225806+00:00,241517454
outdoor-95df9590376c,legacy_v1,outdoor,229,113.99999999999567,82.58678954463437,9,4,5,0,8.401227386770792,False,1,2026-09-13T23:29:00.019170+00:00,114974903
outdoor-ee34900bef75,legacy_v1,outdoor,172,85.59999999999728,66.00524024979127,8,4,4,0,6.668736124953,False,1,2026-09-13T23:29:14.664033+00:00,57311604
outdoor-4e376fd643ed,legacy_v1,outdoor,113,56.39999999999893,41.53557813004625,5,3,2,0,4.331087815836774,False,1,2026-09-13T23:29:36.687027+00:00,38984805
indoor-99b79b34ea0b,legacy_v1,indoor,139,68.99999999999929,34.50633083825837,11,4,7,12,1.0,False,5,2026-09-13T23:29:44.168141+00:00,164778489
indoor-4abc57418504,legacy_v1,indoor,74,36.90000000000032,20.765484784604237,6,3,3,10,1.0,False,11,2026-09-13T23:30:18.888667+00:00,75665488
outdoor-99dfe0340bec,legacy_v1,outdoor,297,148.3999999999995,107.05239815412733,12,4,8,0,9.747299570156436,False,1,2026-09-13T23:31:00.270072+00:00,234685470
indoor-a438e79edea2,legacy_v1,indoor,144,71.69999999999914,36.761036710719246,12,4,8,9,1.0,False,12,2026-09-13T23:31:15.133741+00:00,132975092
outdoor-5bae9b4fed52,legacy_v1,outdoor,163,81.39999999999752,63.49851870334658,5,4,1,0,6.963477506428919,False,1,2026-09-13T23:31:21.680847+00:00,76956601
indoor-c451b802a380,legacy_v1,indoor,252,125.84999999999604,47.53797901241478,15,4,11,12,1.0,False,10,2026-09-13T23:32:05.460877+00:00,229046108
outdoor-782fa33200e4,legacy_v1,outdoor,236,117.59999999999546,86.92366034881135,8,3,5,0,8.062024737248652,False,1,2026-09-13T23:32:22.470436+00:00,80339088
outdoor-fe3d6a01a3c3,legacy_v1,outdoor,321,160.00000000000207,132.13058223656037,13,4,9,0,9.597104331473885,True,2,2026-09-13T23:33:12.533734+00:00,147162042
indoor-d8590163e396,legacy_v1,indoor,157,77.99999999999878,32.403412029626665,9,3,6,10,1.0,False,2,2026-09-13T23:33:15.531110+00:00,105974327
indoor-ea15b11ff004,legacy_v1,indoor,127,63.29999999999961,25.736205914445968,9,4,5,9,1.0,False,8,2026-09-13T23:33:21.427429+00:00,89972180
indoor-4f24e3052529,legacy_v1,indoor,182,90.74999999999805,37.11147643060227,10,4,6,9,1.0,False,3,2026-09-13T23:33:51.092528+00:00,178346901
outdoor-791c1477cc4c,legacy_v1,outdoor,85,42.39999999999973,35.5440185013716,3,3,0,0,3.601869110184005,False,1,2026-09-13T23:33:54.003316+00:00,41338095
outdoor-4a9188f64a77,legacy_v1,outdoor,101,50.199999999999285,41.44326929290355,3,3,0,0,4.227944643521171,False,1,2026-09-13T23:34:09.274501+00:00,34366081
indoor-d3d1c0a0565e,legacy_v1,indoor,124,61.499999999999716,24.06189944476987,6,3,3,9,1.0,False,1,2026-09-13T23:34:09.306888+00:00,94258354
indoor-021c87a33cfa,legacy_v1,indoor,118,58.499999999999886,23.60842049602902,7,4,3,10,1.0,False,3,2026-09-13T23:35:20.629968+00:00,64252985
outdoor-79809ab5d943,legacy_v1,outdoor,276,137.59999999999704,108.11919377469584,12,4,8,0,7.137024850617217,True,1,2026-09-13T23:35:51.407601+00:00,257688503
indoor-be9e18031263,legacy_v1,indoor,161,80.39999999999864,37.28544109911432,10,4,6,10,1.0,False,8,2026-09-13T23:36:02.205504+00:00,133842996
indoor-80896af54718,legacy_v1,indoor,275,137.09999999999542,51.36654327034612,16,4,12,8,1.0,False,13,2026-09-13T23:36:06.729581+00:00,297730560
indoor-fc40243c78b3,legacy_v1,indoor,161,80.39999999999864,33.173535488167936,9,4,5,8,1.0,False,2,2026-09-13T23:37:17.668877+00:00,88109572
indoor-030cee9f960f,legacy_v1,indoor,189,94.19999999999786,44.14053540736475,12,4,8,8,1.0,False,19,2026-09-13T23:37:27.077752+00:00,83930808
indoor-140436929d0d,legacy_v1,indoor,144,71.69999999999914,29.781333779306905,8,3,5,9,1.0,False,10,2026-09-13T23:37:36.356891+00:00,132224453
indoor-fc4468110e5c,legacy_v1,indoor,143,71.09999999999917,30.5539499668199,8,4,4,12,1.0,False,7,2026-09-13T23:37:48.245133+00:00,136973334
outdoor-5f25f4d6ede8,legacy_v1,outdoor,313,156.00000000000122,118.9190046361966,13,4,9,0,8.745562370518153,True,4,2026-09-13T23:38:12.393982+00:00,117868807
outdoor-8b9650e9d33e,legacy_v1,outdoor,80,39.799999999999876,31.47926944377174,3,3,0,0,3.112658164094882,False,1,2026-09-13T23:38:22.014675+00:00,62533460
outdoor-045fa7be67d9,legacy_v1,outdoor,266,132.5999999999959,100.21501882228728,11,4,7,0,9.60693517451627,False,1,2026-09-13T23:39:14.060749+00:00,187217608
outdoor-be020afd0723,legacy_v1,outdoor,343,171.40000000000472,143.80342388406223,13,3,10,0,8.506766558890622,True,1,2026-09-13T23:39:17.084916+00:00,181166806
indoor-8e0f4b76e592,legacy_v1,indoor,165,82.19999999999854,35.35143374922498,12,4,8,11,1.0,False,8,2026-09-13T23:39:23.330297+00:00,110464915
outdoor-b31956323eb4,legacy_v1,outdoor,115,57.399999999998876,43.70861225913339,5,2,3,0,5.517570599152785,True,1,2026-09-13T23:39:57.445254+00:00,53730953
indoor-74a2530fac72,legacy_v1,indoor,116,57.89999999999992,20.749239336454938,7,2,5,11,1.0,False,8,2026-09-13T23:40:01.897794+00:00,103073097
outdoor-b9d6602f1b30,legacy_v1,outdoor,237,118.39999999999542,88.86812851798571,8,4,4,0,8.136332803573497,False,1,2026-09-13T23:41:19.076060+00:00,76564084
indoor-46df5f3d39da,legacy_v1,indoor,199,98.99999999999758,39.1581173646385,13,4,9,12,1.0,False,8,2026-09-13T23:41:34.304647+00:00,189413908
indoor-b17460605cb6,legacy_v1,indoor,31,15.300000000000015,21.786809345423062,6,3,3,9,1.0,False,1,2026-09-13T23:41:48.403224+00:00,32273892
indoor-9b341174a63f,legacy_v1,indoor,142,70.4999999999992,32.519478257369194,9,4,5,12,1.0,False,7,2026-09-13T23:41:48.419061+00:00,92181030
indoor-be339b3e3b72,legacy_v1,indoor,176,87.89999999999822,39.22033330079391,11,4,7,10,1.0,False,12,2026-09-13T23:42:06.739772+00:00,145453113
outdoor-8faa6d891d7b,legacy_v1,outdoor,245,122.39999999999519,96.53424914670195,9,4,5,0,9.179106170453217,True,1,2026-09-13T23:42:18.683169+00:00,190936493
outdoor-56742a73efab,legacy_v1,outdoor,128,63.59999999999852,51.492032611787096,4,4,0,0,5.3614163033575934,False,1,2026-09-13T23:42:39.965662+00:00,63714957
outdoor-54579056cb13,legacy_v1,outdoor,147,73.19999999999798,58.746564482735586,5,3,2,0,5.767425970681625,False,1,2026-09-13T23:42:45.674118+00:00,72450601
outdoor-0dc7d90d8909,legacy_v1,outdoor,97,48.1999999999994,40.44952984302553,4,2,2,0,4.809483969532956,True,1,2026-09-13T23:42:49.492196+00:00,57515157
indoor-b95274758818,legacy_v1,indoor,215,107.3999999999971,50.951218496807904,16,3,13,11,1.0,False,4,2026-09-13T23:43:23.792468+00:00,145495216
outdoor-01d920dadb73,legacy_v1,outdoor,94,46.59999999999949,34.08515242952636,3,2,1,0,3.113815097714461,True,1,2026-09-13T23:44:01.290892+00:00,38351245
indoor-4eae25e9311a,legacy_v1,indoor,211,104.99999999999724,36.33312700784087,11,4,7,10,1.0,False,2,2026-09-13T23:44:07.341921+00:00,126379628
indoor-d71e04297896,legacy_v1,indoor,60,29.70000000000022,28.975269519778156,9,4,5,11,1.0,False,1,2026-09-13T23:44:31.859558+00:00,42147936
indoor-b1b484157cc0,legacy_v1,indoor,76,37.80000000000034,26.120763356888254,8,3,5,8,1.0,False,17,2026-09-13T23:44:49.045252+00:00,49817347
outdoor-c86da139fbc8,legacy_v1,outdoor,163,80.99999999999754,64.14461371569668,5,3,2,0,5.719560298703515,True,1,2026-09-13T23:45:05.593556+00:00,91816938
indoor-1cfb9e333f3d,legacy_v1,indoor,96,47.70000000000047,23.8945200934315,8,4,4,10,1.0,False,15,2026-09-13T23:45:19.587089+00:00,75857830
indoor-1a1f0fe921ed,legacy_v1,indoor,202,100.79999999999748,37.25140270920801,11,3,8,12,1.0,False,10,2026-09-13T23:45:21.720852+00:00,246389912
outdoor-622847a13294,legacy_v1,outdoor,202,100.79999999999642,78.47911786953321,8,4,4,0,8.24213809758659,False,1,2026-09-13T23:46:00.701942+00:00,160065573
indoor-9f83d08e9de2,legacy_v1,indoor,193,96.29999999999774,36.30552351951967,10,4,6,12,1.0,False,10,2026-09-13T23:46:33.626586+00:00,115887883
indoor-a76bace57663,legacy_v1,indoor,236,117.59999999999653,58.18919817795239,16,4,12,9,1.0,False,4,2026-09-13T23:46:53.361110+00:00,124989965
outdoor-94c6379b1f39,legacy_v1,outdoor,270,134.59999999999636,104.24153991320478,9,4,5,0,9.692725605669471,False,1,2026-09-13T23:47:10.865611+00:00,103182474
outdoor-6af347688bbb,legacy_v1,outdoor,119,59.39999999999876,39.765466917702426,5,3,2,0,4.415396565943558,False,1,2026-09-13T23:47:36.455263+00:00,61756373
indoor-ab8eb3cf6ea9,legacy_v1,indoor,115,57.299999999999955,21.27203932310183,6,3,3,11,1.0,False,16,2026-09-13T23:48:20.978141+00:00,89504162
indoor-306dfeabc874,legacy_v1,indoor,87,43.200000000000415,20.689359182765386,7,3,4,11,1.0,False,11,2026-09-13T23:49:01.727942+00:00,80144133
outdoor-1de9fac5ab4e,legacy_v1,outdoor,119,58.999999999998785,38.92741272560949,4,3,1,0,4.227385025636377,True,1,2026-09-13T23:49:05.190502+00:00,92972406
indoor-4cd1d9ea3e32,legacy_v1,indoor,153,76.19999999999888,35.531242799482115,10,4,6,9,1.0,False,7,2026-09-13T23:49:22.598475+00:00,121679397
indoor-a6efab47e9d2,legacy_v1,indoor,160,79.79999999999868,34.678150388808625,9,4,5,10,1.0,False,19,2026-09-13T23:49:38.933551+00:00,171627265
outdoor-79bb5d0df4f4,legacy_v1,outdoor,267,133.19999999999604,107.11127233658087,10,3,7,0,9.766580046973568,True,1,2026-09-13T23:50:18.070130+00:00,141216617
outdoor-af6545432e41,legacy_v1,outdoor,204,101.69999999999636,71.71474410737778,7,4,3,0,6.823317366212016,False,1,2026-09-13T23:50:31.106527+00:00,70360442
outdoor-12fccaee7d47,legacy_v1,outdoor,142,70.79999999999812,53.87413959331394,6,3,3,0,3.9851785226433147,True,2,2026-09-13T23:50:49.646753+00:00,60845033
indoor-a4e2a19cff83,legacy_v1,indoor,219,109.199999999997,46.70408142937646,13,4,9,10,1.0,False,3,2026-09-13T23:50:50.753567+00:00,199649735
indoor-45227877f644,legacy_v1,indoor,101,50.40000000000035,23.897967393173126,8,3,5,11,1.0,False,6,2026-09-13T23:51:51.470525+00:00,106138213
indoor-71569a6d4971,legacy_v1,indoor,137,68.39999999999932,29.737153824167564,8,4,4,9,1.0,False,9,2026-09-13T23:52:16.246938+00:00,113199074
indoor-e1f179eaaa74,legacy_v1,indoor,194,96.59999999999778,39.902082564950724,11,3,8,9,1.0,False,4,2026-09-13T23:52:27.096274+00:00,154677671
outdoor-aa2b86ba02b2,legacy_v1,outdoor,109,54.19999999999906,43.834791293250134,5,3,2,0,4.678256610657149,False,1,2026-09-13T23:52:34.945542+00:00,33045841
outdoor-a9271e1bb417,legacy_v1,outdoor,247,123.39999999999513,91.34936402569026,8,3,5,0,8.382461451392249,False,1,2026-09-13T23:52:49.937671+00:00,139487657
outdoor-efc923b9d024,legacy_v1,outdoor,121,60.19999999999872,52.44630593208882,6,3,3,0,3.891739182264262,True,1,2026-09-13T23:53:17.280621+00:00,113736286
indoor-21a66a25bf1b,legacy_v1,indoor,196,97.49999999999767,39.35824632982628,12,4,8,10,1.0,False,12,2026-09-13T23:53:29.641621+00:00,161135377
outdoor-62a44ab1602f,legacy_v1,outdoor,145,72.19999999999804,55.338629811311726,7,3,4,0,5.306628306282192,False,1,2026-09-13T23:54:07.031063+00:00,47202451
indoor-5c3c75153e4b,legacy_v1,indoor,144,71.69999999999914,27.48247226947692,9,4,5,11,1.0,False,8,2026-09-13T23:54:11.982025+00:00,167101430
outdoor-eaea19c63056,legacy_v1,outdoor,335,167.10000000000375,121.76269006386816,13,4,9,0,6.706292511282072,True,1,2026-09-13T23:54:42.453930+00:00,221674202
outdoor-b62e0516db2c,legacy_v1,outdoor,80,39.799999999999876,30.879347617563564,4,3,1,0,3.122935588035783,True,1,2026-09-13T23:54:45.765380+00:00,64486910
outdoor-9552520918e0,legacy_v1,outdoor,205,102.39999999999633,74.45817730365604,6,4,2,0,8.699163760565161,True,1,2026-09-13T23:55:54.542899+00:00,73166774
outdoor-7bb67b30c8ac,legacy_v1,outdoor,331,165.00000000000327,125.05986290570382,14,3,11,0,9.895414053602225,True,1,2026-09-13T23:55:58.915553+00:00,265493232
indoor-f1b39fd8de99,legacy_v1,indoor,201,100.19999999999752,31.34384594049956,8,3,5,8,1.0,False,2,2026-09-13T23:56:15.582639+00:00,173992851
indoor-eead5309e404,legacy_v1,indoor,103,51.300000000000296,26.649924169677952,8,4,4,9,1.0,False,7,2026-09-13T23:56:52.883713+00:00,83610737
outdoor-63b4059614fb,legacy_v1,outdoor,220,109.7999999999959,83.07162894540663,8,3,5,0,8.811328606305736,False,1,2026-09-13T23:57:20.486190+00:00,107093005
outdoor-69b097eb4ad1,legacy_v1,outdoor,191,95.19999999999673,71.85846470809497,7,4,3,0,6.451893267555564,True,2,2026-09-13T23:57:41.828453+00:00,85746758
indoor-873164e91ae8,legacy_v1,indoor,148,73.49999999999903,33.17880496307627,10,4,6,11,1.0,False,5,2026-09-13T23:57:48.868648+00:00,169276076
outdoor-f11c8ed932f0,legacy_v1,outdoor,162,80.59999999999756,66.86372396550763,7,3,4,0,6.301250523754131,True,1,2026-09-13T23:57:51.348825+00:00,63734146
indoor-fff20b76f2b2,legacy_v1,indoor,155,77.39999999999881,33.86146149800886,10,4,6,9,1.0,False,1,2026-09-13T23:58:27.221705+00:00,140073689
outdoor-d61166676994,legacy_v1,outdoor,143,71.0999999999981,53.238777082018196,6,3,3,0,5.540632975350912,False,2,2026-09-13T23:58:32.386747+00:00,134717630
outdoor-91e5ec28305d,legacy_v1,outdoor,136,67.79999999999829,52.187854809346305,5,4,1,0,5.233457107072033,False,1,2026-09-13T23:58:38.724281+00:00,99906037
indoor-a8eb0b32f47c,legacy_v1,indoor,80,39.90000000000036,24.5028999665691,8,4,4,12,1.0,False,20,2026-09-13T23:58:58.847870+00:00,66396364
indoor-f2a99f23b128,legacy_v1,indoor,128,63.89999999999958,27.16260246198027,7,4,3,8,1.0,False,3,2026-09-13T23:58:59.956103+00:00,85321176
outdoor-d0c9c00870cb,legacy_v1,outdoor,91,45.39999999999956,31.86000115658492,3,2,1,0,3.286894350228228,False,2,2026-09-13T23:59:22.518689+00:00,31382142
outdoor-9ddfad70379f,legacy_v1,outdoor,96,47.79999999999942,42.12593741075212,3,2,1,0,3.6274688784521834,True,1,2026-09-13T23:59:43.650938+00:00,52990666
outdoor-cb4d3459b0de,legacy_v1,outdoor,165,82.39999999999746,57.37023622592778,7,3,4,0,4.859709165115645,True,2,2026-09-13T23:59:52.223581+00:00,109483278
indoor-9ad58980bdef,legacy_v1,indoor,191,95.0999999999978,43.02986693673326,12,3,9,12,1.0,False,2,2026-09-13T23:59:57.440254+00:00,198625200
indoor-84213955e991,legacy_v1,indoor,97,48.00000000000048,24.181186882229586,6,4,2,11,1.0,False,1,2026-09-14T00:00:27.757806+00:00,114415016
outdoor-b7007dba96c6,legacy_v1,outdoor,133,66.39999999999837,48.64041664308215,5,3,2,0,5.228743584426024,False,1,2026-09-14T00:00:51.966056+00:00,51972020
indoor-75ae779054c4,legacy_v1,indoor,214,106.49999999999716,45.04566184802268,15,4,11,11,1.0,False,3,2026-09-14T00:01:05.608020+00:00,257691745
outdoor-3adbebcf482c,legacy_v1,outdoor,146,72.79999999999801,53.617912439164996,5,3,2,0,4.908375475890374,False,2,2026-09-14T00:01:27.138443+00:00,97382467
indoor-d5ddfac45a6b,legacy_v1,indoor,124,61.7999999999997,27.652946003461675,8,4,4,9,1.0,False,15,2026-09-14T00:01:40.023074+00:00,105135376
indoor-3c8b19e944b2,legacy_v1,indoor,192,95.5499999999978,41.644686711760464,11,4,7,9,1.0,False,8,2026-09-14T00:01:58.914392+00:00,237692129
indoor-fcaae55bc0ba,legacy_v1,indoor,159,79.19999999999871,34.187440294786185,9,3,6,8,1.0,False,1,2026-09-14T00:02:05.357010+00:00,123794642
indoor-7cc4c3505194,legacy_v1,indoor,166,82.7999999999985,34.713362899105725,10,4,6,12,1.0,False,3,2026-09-14T00:03:05.189801+00:00,143185735
indoor-9b683624a9d6,legacy_v1,indoor,161,80.09999999999866,33.918756558893506,11,4,7,10,1.0,False,4,2026-09-14T00:03:08.793356+00:00,123846110
outdoor-f516506a7ab6,legacy_v1,outdoor,227,112.99999999999572,81.90627092389894,9,3,6,0,9.098448883340614,False,1,2026-09-14T00:03:29.649402+00:00,75870455
indoor-844e7620d5fd,legacy_v1,indoor,121,59.9999999999998,23.534723992991573,6,3,3,11,1.0,False,18,2026-09-14T00:03:59.270914+00:00,100129949
outdoor-4e3ca1e1aca4,legacy_v1,outdoor,208,103.79999999999625,85.85070276870009,10,4,6,0,6.341725196964344,True,1,2026-09-14T00:04:14.819676+00:00,164639381
outdoor-a350c8833aa1,legacy_v1,outdoor,220,109.7999999999959,83.3417932367135,8,3,5,0,8.749695310936758,False,1,2026-09-14T00:04:30.524941+00:00,135963907
outdoor-ae0fe59e6f83,legacy_v1,outdoor,274,136.5999999999968,100.20607312552129,10,4,6,0,9.441736932313045,False,1,2026-09-14T00:05:59.984911+00:00,113224650
outdoor-72d0ae819775,legacy_v1,outdoor,281,139.99999999999758,101.42461800704021,11,3,8,0,9.8324179997954,False,1,2026-09-14T00:06:09.135308+00:00,96114292
indoor-e974be91409e,legacy_v1,indoor,134,66.89999999999941,34.29891183714936,11,4,7,9,1.0,False,15,2026-09-14T00:06:38.371153+00:00,138703543
outdoor-0cc7247c42a6,legacy_v1,outdoor,108,53.79999999999908,44.79321383963393,3,2,1,0,4.320007670179097,False,1,2026-09-14T00:06:43.184882+00:00,51367423
indoor-d7eb1c3ae61c,legacy_v1,indoor,115,56.99999999999997,32.86842468583696,11,4,7,12,1.0,False,5,2026-09-14T00:07:54.126742+00:00,52115186
indoor-a25d09623911,legacy_v1,indoor,107,53.10000000000019,20.756179540527526,7,3,4,12,1.0,False,14,2026-09-14T00:08:27.430231+00:00,76694513
outdoor-7a3f5d3a1d40,legacy_v1,outdoor,186,92.79999999999687,68.0018584266351,8,4,4,0,7.242189659526609,False,1,2026-09-14T00:09:04.831093+00:00,76434783
indoor-e880511ab614,legacy_v1,indoor,120,59.69999999999982,36.194821663802685,11,4,7,11,1.0,False,18,2026-09-14T00:09:43.295120+00:00,93149549
indoor-b10d2e703cc1,legacy_v1,indoor,162,80.69999999999862,36.526427977439795,10,4,6,8,1.0,False,1,2026-09-14T00:10:07.618864+00:00,117534251
outdoor-0fd110338937,legacy_v1,outdoor,78,38.599999999999945,30.075112527495666,4,3,1,0,3.2180417116280644,True,1,2026-09-14T00:10:17.811917+00:00,54375633
indoor-f4b32fa43d31,legacy_v1,indoor,131,65.3999999999995,26.691091079583487,9,3,6,12,1.0,False,10,2026-09-14T00:10:20.267907+00:00,117687249
indoor-ca795fe53743,legacy_v1,indoor,121,60.299999999999784,27.249792851935773,9,3,6,8,1.0,False,10,2026-09-14T00:12:01.352752+00:00,109678787
indoor-1f737f71c56b,legacy_v1,indoor,134,66.59999999999943,28.31595336815046,8,4,4,10,1.0,False,11,2026-09-14T00:12:18.519528+00:00,113769950
outdoor-cce1c6d6776f,legacy_v1,outdoor,103,50.99999999999924,32.8456628111661,4,3,1,0,3.0302523925761715,True,1,2026-09-14T00:12:39.860784+00:00,67447826
indoor-37c1f4739577,legacy_v1,indoor,162,80.69999999999862,39.09029325570263,13,4,9,11,1.0,False,15,2026-09-14T00:13:04.003728+00:00,141578952
outdoor-f818eaf88f14,legacy_v1,outdoor,196,97.79999999999659,71.5919715539864,8,4,4,0,9.072619073390989,True,1,2026-09-14T00:13:25.833526+00:00,117049381
indoor-37402bd61066,legacy_v1,indoor,157,77.99999999999878,37.65555050193262,12,4,8,8,1.0,False,3,2026-09-14T00:13:47.558438+00:00,116795703
outdoor-8cde9118d69d,legacy_v1,outdoor,222,110.59999999999586,84.75225380622167,8,3,5,0,6.970931966962076,True,1,2026-09-14T00:14:34.906100+00:00,176645430
indoor-8cb3802654b1,legacy_v1,indoor,115,57.299999999999955,26.18220504433586,9,4,5,8,1.0,False,5,2026-09-14T00:15:09.154145+00:00,125441076
outdoor-ef8b6d33041b,legacy_v1,outdoor,142,70.79999999999812,55.44699660437438,5,3,2,0,4.284255214171013,True,2,2026-09-14T00:16:05.511298+00:00,80599960
outdoor-27f1a643e27e,legacy_v1,outdoor,147,73.39999999999797,54.06044220711206,5,2,3,0,5.646941995011103,False,1,2026-09-14T00:16:30.081148+00:00,91549429
outdoor-164f56c7d252,legacy_v1,outdoor,149,74.19999999999793,56.480187920324006,7,4,3,0,5.72449019342152,False,1,2026-09-14T00:17:56.425271+00:00,118065685
indoor-77146b8915ee,legacy_v1,indoor,160,79.79999999999868,34.82061436973181,10,4,6,12,1.0,False,12,2026-09-14T00:18:29.316983+00:00,174775159
outdoor-dee42ce3b1f0,legacy_v1,outdoor,245,121.99999999999521,91.90022181966708,8,4,4,0,9.399462674401349,True,1,2026-09-14T00:19:17.614853+00:00,106777418
outdoor-881df4ea86db,legacy_v1,outdoor,244,121.79999999999522,92.49755758039345,8,4,4,0,9.26140883428813,False,2,2026-09-14T00:20:05.109776+00:00,125520913
outdoor-6c3dcf23a46f,legacy_v1,outdoor,253,126.39999999999496,95.8214349549468,10,3,7,0,9.47512642589516,False,1,2026-09-14T00:20:39.268504+00:00,154250592
outdoor-f8a58c4ab405,legacy_v1,outdoor,194,96.79999999999664,85.73488552518064,9,4,5,0,4.8388176367113305,True,2,2026-09-14T00:20:44.745750+00:00,159636188
outdoor-fd537aaa9382,legacy_v1,outdoor,90,44.79999999999959,28.86499204132232,4,2,2,0,3.3026470380243773,True,1,2026-09-14T00:20:47.111964+00:00,49260871
outdoor-e6e3e8634e5a,legacy_v1,outdoor,151,75.19999999999787,57.0809997327904,5,3,2,0,4.938816796335792,True,1,2026-09-14T00:21:32.691274+00:00,96620329
outdoor-5ae18c6060da,legacy_v1,outdoor,111,55.199999999999,46.355475110010765,5,3,2,0,4.718888652294939,False,1,2026-09-14T00:22:19.305868+00:00,52329093
outdoor-210c1940008c,legacy_v1,outdoor,346,172.80000000000504,126.2375343151563,14,4,10,0,6.417013731852546,True,1,2026-09-14T00:22:34.150307+00:00,150354641
indoor-7a71dcf6a896,legacy_v1,indoor,226,112.49999999999682,46.713811775462545,15,4,11,10,1.0,False,4,2026-09-14T00:22:34.954867+00:00,134109286
indoor-0f1d0e1ed7be,legacy_v1,indoor,148,73.49999999999903,33.06958113219041,11,4,7,11,1.0,False,2,2026-09-14T00:23:30.598225+00:00,145625754
outdoor-7a617205f52d,legacy_v1,outdoor,241,120.19999999999531,85.92235057852123,10,4,6,0,9.06585566152416,True,1,2026-09-14T00:25:01.108789+00:00,99743654
indoor-e1b5044f0dce,legacy_v1,indoor,247,123.2999999999962,61.40187967824991,17,4,13,12,1.0,False,14,2026-09-14T00:25:37.726006+00:00,159617521
indoor-2849e6d15f07,legacy_v1,indoor,194,96.59999999999772,40.97040054217791,12,4,8,8,1.0,False,18,2026-09-14T00:25:55.753910+00:00,111735008
indoor-812333da6a71,legacy_v1,indoor,109,54.00000000000014,33.81077971310319,11,4,7,12,1.0,False,2,2026-09-14T00:25:59.179645+00:00,100883808
outdoor-0dc6182d6bfb,legacy_v1,outdoor,83,40.99999999999981,31.663978851643652,4,3,1,0,3.2874907697840667,False,1,2026-09-14T00:26:30.415959+00:00,65782109
indoor-3bd0d504a072,legacy_v1,indoor,100,49.80000000000038,21.43794740685127,6,3,3,11,1.0,False,3,2026-09-14T00:26:56.321497+00:00,78444805
outdoor-ca87496d9310,legacy_v1,outdoor,127,63.399999999998535,51.08859993825044,6,3,3,0,5.551095407352946,False,1,2026-09-14T00:27:24.826776+00:00,54106891
outdoor-408e89dc3e11,legacy_v1,outdoor,187,92.99999999999686,68.02603713023066,7,4,3,0,6.5335061976162105,False,1,2026-09-14T00:28:03.687546+00:00,64243018
indoor-a4bae1ac874a,legacy_v1,indoor,270,134.69999999999555,57.61394770271889,16,4,12,9,1.0,False,9,2026-09-14T00:28:11.288944+00:00,198870143
outdoor-1efeab9f3141,legacy_v1,outdoor,155,77.39999999999775,57.17761896344626,5,3,2,0,5.283073010146275,False,1,2026-09-14T00:28:26.391049+00:00,60472693
outdoor-f0faf69678a0,legacy_v1,outdoor,87,43.29999999999968,33.00458068330681,3,2,1,0,3.339318101742176,False,1,2026-09-14T00:29:05.310446+00:00,60857142
outdoor-efb97b9f6bd3,legacy_v1,outdoor,209,104.19999999999622,88.24123073738333,10,4,6,0,5.806263447435591,True,1,2026-09-14T00:29:18.725971+00:00,86476797
outdoor-1c872da940b2,legacy_v1,outdoor,288,143.79999999999845,94.96267367162403,10,4,6,0,9.688247429383235,False,1,2026-09-14T00:29:48.339328+00:00,99989378
indoor-798916928c2b,legacy_v1,indoor,103,51.300000000000296,21.4840917612726,5,3,2,8,1.0,False,6,2026-09-14T00:30:21.182310+00:00,68826738
outdoor-e9e4eb535b7d,legacy_v1,outdoor,247,123.39999999999513,90.04849814912737,9,4,5,0,9.61741236636407,False,1,2026-09-14T00:30:38.147218+00:00,195000568
indoor-e272a5011683,legacy_v1,indoor,89,44.10000000000042,37.45862333276458,10,3,7,8,1.0,False,7,2026-09-14T00:31:10.317591+00:00,64270641
outdoor-2145c5b2623d,legacy_v1,outdoor,181,89.99999999999703,64.28516886886234,5,3,2,0,6.849321405351077,False,1,2026-09-14T00:31:41.839655+00:00,88291600
outdoor-bcfd53d4c96c,legacy_v1,outdoor,190,94.49999999999677,57.532856508480066,6,3,3,0,5.8917413039685105,True,2,2026-09-14T00:31:48.016422+00:00,128004984
outdoor-e6febc4b29d5,legacy_v1,outdoor,129,63.9999999999985,50.36010935183408,4,3,1,0,5.318360630009409,False,1,2026-09-14T00:31:59.594071+00:00,60944477
outdoor-65abf25773a1,legacy_v1,outdoor,70,34.80000000000016,24.51400278467168,3,3,0,0,3.066629118530143,True,2,2026-09-14T00:32:50.962411+00:00,22479058
indoor-6e96699dc349,legacy_v1,indoor,83,41.10000000000038,28.210287681023775,9,4,5,8,1.0,False,5,2026-09-14T00:32:52.180045+00:00,82974908
outdoor-382c7bd28fd7,legacy_v1,outdoor,223,111.19999999999582,85.5147433267293,8,2,6,0,7.914709081561723,False,1,2026-09-14T00:32:57.291363+00:00,173606918
indoor-f23b1e051903,legacy_v1,indoor,118,58.499999999999886,23.217211102278817,7,3,4,10,1.0,False,2,2026-09-14T00:33:50.548210+00:00,92152519
outdoor-7bed445783e8,legacy_v1,outdoor,199,99.3999999999965,76.36428169894859,7,3,4,0,7.609637355028482,False,1,2026-09-14T00:33:58.083348+00:00,158809213
outdoor-df7a98b6d108,legacy_v1,outdoor,215,107.39999999999604,66.78181730001803,7,2,5,0,6.708912098841861,True,1,2026-09-14T00:35:00.237166+00:00,130622691
indoor-642ccbcf7072,legacy_v1,indoor,183,91.19999999999803,41.57254682207308,13,4,9,11,1.0,False,8,2026-09-14T00:36:00.737392+00:00,122120740
indoor-5636c1cd78c9,legacy_v1,indoor,116,57.59999999999994,29.36760344960447,8,4,4,10,1.0,False,1,2026-09-14T00:36:23.915114+00:00,61050266
outdoor-4d59ed732d4d,legacy_v1,outdoor,103,51.19999999999923,42.197547988505036,4,2,2,0,3.806225589324991,True,2,2026-09-14T00:36:45.576050+00:00,47581798
outdoor-1a6466b115a6,legacy_v1,outdoor,140,69.59999999999819,53.60173596004584,5,4,1,0,5.4596969474384895,False,1,2026-09-14T00:37:15.274769+00:00,46947660
indoor-55f56268df4c,legacy_v1,indoor,140,69.59999999999926,27.40404553090568,9,4,5,10,1.0,False,2,2026-09-14T00:38:35.222100+00:00,90321780
indoor-b989470bf22d,legacy_v1,indoor,260,129.89999999999583,54.94224647319172,16,4,12,11,1.0,False,8,2026-09-14T00:38:59.483443+00:00,126408769
indoor-039205b7c4ff,legacy_v1,indoor,173,86.09999999999832,45.540693425245564,13,4,9,9,1.0,False,7,2026-09-14T00:39:06.122302+00:00,197909434
outdoor-bfab438eed89,legacy_v1,outdoor,171,85.39999999999729,64.73656418374313,7,4,3,0,6.691559399223944,False,1,2026-09-14T00:39:53.277557+00:00,163280447
indoor-44e13bc53138,legacy_v1,indoor,125,62.09999999999968,22.039477659263824,8,4,4,11,1.0,False,2,2026-09-14T00:40:12.128982+00:00,106693918
outdoor-5126ddb26549,legacy_v1,outdoor,401,200.00000000001123,155.3306063414404,17,4,13,0,7.5941653212605935,True,1,2026-09-14T00:40:54.670030+00:00,149797120
outdoor-5449f76c3979,legacy_v1,outdoor,138,68.59999999999825,56.157035338642096,5,3,2,0,5.71556460157289,False,1,2026-09-14T00:41:01.178833+00:00,108223135
indoor-022ed036863b,legacy_v1,indoor,107,53.10000000000019,24.49845118882765,7,4,3,9,1.0,False,5,2026-09-14T00:41:15.029844+00:00,96858250
outdoor-eb2e2275117b,legacy_v1,outdoor,107,52.999999999999126,43.760673940711825,4,3,1,0,3.454572229254916,True,1,2026-09-14T00:42:00.324298+00:00,51129266
outdoor-d5b9b5a05175,legacy_v1,outdoor,196,97.79999999999659,61.83039208814024,7,3,4,0,5.862199585958422,True,1,2026-09-14T00:42:03.838133+00:00,65248158
indoor-1ab945716e76,legacy_v1,indoor,179,89.09999999999816,33.922912989307406,11,3,8,11,1.0,False,2,2026-09-14T00:43:14.347354+00:00,139293786
outdoor-8833af6724f1,legacy_v1,outdoor,230,114.79999999999562,86.19139157776058,10,3,7,0,7.8993981170740275,False,1,2026-09-14T00:43:17.031674+00:00,76274362
indoor-9ea45a5a835f,legacy_v1,indoor,131,65.09999999999951,29.344263728749862,8,3,5,11,1.0,False,15,2026-09-14T00:43:45.526624+00:00,86295257
outdoor-2449e55797b9,legacy_v1,outdoor,117,57.99999999999884,48.2760569300027,6,3,3,0,3.6423084423400547,True,2,2026-09-14T00:44:07.233205+00:00,43586500
outdoor-ba4fe3bb92ee,legacy_v1,outdoor,163,81.39999999999752,62.17618806217103,6,2,4,0,6.33375380325376,False,1,2026-09-14T00:44:38.287002+00:00,128148161
indoor-6c8a508aca46,legacy_v1,indoor,202,100.79999999999748,48.87012333213637,14,4,10,10,1.0,False,14,2026-09-14T00:46:13.608107+00:00,181222446
outdoor-718f8a7f065c,legacy_v1,outdoor,285,142.39999999999813,112.67821063182686,10,4,6,0,6.458834310035567,True,1,2026-09-14T00:46:17.078387+00:00,150468600
indoor-0bd6e3670399,legacy_v1,indoor,148,73.49999999999903,36.138018246413,12,4,8,10,1.0,False,17,2026-09-14T00:46:51.308309+00:00,135472091
outdoor-eabd63095128,legacy_v1,outdoor,168,83.89999999999738,61.684507137931426,6,3,3,0,3.590242114684621,True,1,2026-09-14T00:47:16.794006+00:00,80249131
indoor-f46aa1037c17,legacy_v1,indoor,158,78.89999999999873,29.188039776300695,9,4,5,9,1.0,False,3,2026-09-14T00:47:29.811433+00:00,139612271
outdoor-4218405e484c,legacy_v1,outdoor,112,55.79999999999897,40.749627711545315,5,2,3,0,4.220818620518552,False,1,2026-09-14T00:48:01.001806+00:00,55628641
outdoor-c7711a54be8f,legacy_v1,outdoor,291,145.19999999999877,120.49839730441147,11,3,8,0,9.403872166031764,True,1,2026-09-14T00:48:25.473129+00:00,211528453
indoor-cc0c2f976b57,legacy_v1,indoor,205,102.2999999999974,56.79870396728863,16,4,12,11,1.0,False,9,2026-09-14T00:49:29.224658+00:00,161422230
outdoor-354c61b741ab,legacy_v1,outdoor,275,137.19999999999695,92.41299736294823,9,3,6,0,7.452560038099814,True,1,2026-09-14T00:49:49.770783+00:00,176589263
indoor-a4db00d758d9,legacy_v1,indoor,90,44.70000000000043,19.975624221828813,6,3,3,10,1.0,False,10,2026-09-14T00:49:54.332057+00:00,60026368
indoor-6c12dab71333,legacy_v1,indoor,41,20.100000000000083,20.851950254628193,5,2,3,8,1.0,False,3,2026-09-14T00:50:12.762811+00:00,40801512
outdoor-6e03a8a8a24a,legacy_v1,outdoor,125,61.999999999998614,41.62429258669717,5,3,2,0,3.841358431710534,False,1,2026-09-14T00:50:32.292726+00:00,99328249
outdoor-d3e6e1f4aece,legacy_v1,outdoor,152,75.79999999999784,59.47092524723987,7,3,4,0,5.849748738389801,False,1,2026-09-14T00:51:06.127238+00:00,57236570
indoor-cbd1716cd035,legacy_v1,indoor,175,86.99999999999827,37.115836089421215,10,3,7,8,1.0,False,6,2026-09-14T00:52:36.878723+00:00,94571018
indoor-53babeb7c2c8,legacy_v1,indoor,128,63.89999999999958,30.22618357113666,9,3,6,11,1.0,False,15,2026-09-14T00:53:09.434875+00:00,85481725
indoor-6b84942e9467,legacy_v1,indoor,229,114.29999999999671,43.59960884754031,13,4,9,11,1.0,False,8,2026-09-14T00:54:47.307821+00:00,199544383
indoor-2465583cfa74,legacy_v1,indoor,120,59.69999999999982,33.17226209276119,10,4,6,8,1.0,False,15,2026-09-14T00:54:57.045675+00:00,91173103
indoor-f4ba83e298f3,legacy_v1,indoor,241,119.99999999999639,60.613512314513855,17,4,13,9,1.0,False,4,2026-09-14T00:54:59.880758+00:00,275972819
outdoor-9d8eb1390a5e,legacy_v1,outdoor,177,87.99999999999714,64.62950885648618,7,4,3,0,6.690882189445732,False,1,2026-09-14T00:55:47.858401+00:00,57552565
indoor-f773f1b74052,legacy_v1,indoor,68,33.60000000000028,21.92068908345971,6,3,3,11,1.0,False,5,2026-09-14T00:56:10.957305+00:00,48791594
outdoor-8ec363bef28d,legacy_v1,outdoor,243,121.39999999999525,80.20805094993952,7,4,3,0,7.243045637402881,True,1,2026-09-14T00:56:18.043805+00:00,193101998
outdoor-ea309b17a202,legacy_v1,outdoor,81,40.199999999999854,33.23903526730181,3,3,0,0,3.6527906731722646,False,1,2026-09-14T00:56:51.307152+00:00,77325340
outdoor-c6047cf7d42b,legacy_v1,outdoor,73,36.40000000000007,26.57878114796043,3,2,1,0,3.4166396073214527,True,4,2026-09-14T00:57:17.411438+00:00,36226152
indoor-22da677ec6ad,legacy_v1,indoor,85,42.0000000000004,20.89057613291596,6,4,2,9,1.0,False,6,2026-09-14T00:58:33.642779+00:00,46776562
outdoor-fab1e69a761b,legacy_v1,outdoor,281,139.99999999999758,105.87844962588528,10,3,7,0,9.410591097279,True,1,2026-09-14T00:58:33.668594+00:00,124276563
indoor-ecdaa4ec5c1a,legacy_v1,indoor,184,91.49999999999801,42.98836818829591,12,4,8,8,1.0,False,17,2026-09-14T00:58:35.474938+00:00,126206045
indoor-fb1cb790c751,legacy_v1,indoor,200,99.89999999999753,42.4038835528347,14,4,10,10,1.0,False,1,2026-09-14T00:59:51.801557+00:00,181235463
outdoor-88a7ff352e34,legacy_v1,outdoor,143,70.99999999999811,60.80210018021902,5,3,2,0,6.084858648800177,True,3,2026-09-14T00:59:51.972220+00:00,59243947
indoor-535c5ad33c2f,legacy_v1,indoor,185,92.39999999999796,36.83942977632074,12,4,8,11,1.0,False,4,2026-09-14T01:00:05.565005+00:00,187010244
indoor-ec3ed32febb0,legacy_v1,indoor,239,119.39999999999642,52.112074943044405,15,4,11,10,1.0,False,2,2026-09-14T01:01:22.285266+00:00,183036404
indoor-11c3c4742feb,legacy_v1,indoor,178,88.79999999999816,35.999736167441085,11,4,7,10,1.0,False,6,2026-09-14T01:01:48.278874+00:00,133705861
outdoor-b88169701140,legacy_v1,outdoor,107,53.199999999999115,44.02476001824865,3,3,0,0,3.4635037431517612,True,2,2026-09-14T01:02:08.843484+00:00,67499415
indoor-ae615335bcab,legacy_v1,indoor,63,31.20000000000024,24.224639590748716,6,3,3,8,1.0,False,1,2026-09-14T01:02:40.801971+00:00,51905383
outdoor-12f1e0b59624,legacy_v1,outdoor,184,91.59999999999694,67.19129622513734,6,4,2,0,7.376169266763715,False,1,2026-09-14T01:02:51.822178+00:00,93719693
indoor-f6df10e649ee,legacy_v1,indoor,233,116.09999999999661,53.74107025393062,16,4,12,11,1.0,False,3,2026-09-14T01:04:26.650761+00:00,240516003
indoor-3e7ebe3bca05,legacy_v1,indoor,63,31.20000000000024,23.47088854057437,7,3,4,8,1.0,False,11,2026-09-14T01:04:27.771063+00:00,60952795
indoor-b1876dfc5924,legacy_v1,indoor,170,84.89999999999839,36.59727459948397,10,4,6,8,1.0,False,13,2026-09-14T01:04:39.477168+00:00,91954037
outdoor-769d1ffbb35e,legacy_v1,outdoor,111,55.39999999999899,40.977349659057424,3,3,0,0,3.9223584971239944,False,1,2026-09-14T01:05:07.533449+00:00,35966598
outdoor-0f963dc1ceeb,legacy_v1,outdoor,201,99.99999999999646,74.30051225015845,8,4,4,0,6.503807023709011,True,1,2026-09-14T01:05:34.936058+00:00,121032721
indoor-562bf2de24de,legacy_v1,indoor,148,73.79999999999902,37.99260038717606,10,4,6,8,1.0,False,2,2026-09-14T01:06:11.411286+00:00,140966064
indoor-f5ff988ba364,legacy_v1,indoor,149,74.099999999999,29.679161312464082,10,4,6,8,1.0,False,11,2026-09-14T01:06:54.463483+00:00,146677900
indoor-c817588a4e6e,legacy_v1,indoor,286,142.7999999999951,62.44624458123823,19,4,15,11,1.0,False,3,2026-09-14T01:07:30.791744+00:00,217410574
outdoor-4dada41a2633,legacy_v1,outdoor,187,93.39999999999684,70.19644128362651,7,3,4,0,7.687894757926648,False,2,2026-09-14T01:07:32.095691+00:00,93670465
indoor-b75bcbc0ab20,legacy_v1,indoor,102,50.70000000000033,21.516949405812344,7,3,4,8,1.0,False,2,2026-09-14T01:08:17.807573+00:00,78064208
indoor-3b6e1d170eb7,legacy_v1,indoor,78,38.700000000000344,26.24601901623302,7,4,3,10,1.0,False,4,2026-09-14T01:08:24.174891+00:00,61750623
outdoor-018231dd0051,legacy_v1,outdoor,192,95.7999999999967,67.9863690131663,6,4,2,0,7.0399428149139425,False,1,2026-09-14T01:09:30.466249+00:00,121990645
outdoor-55d85b5b86d2,legacy_v1,outdoor,249,124.39999999999507,100.2048115240172,10,4,6,0,8.93322009582808,True,1,2026-09-14T01:09:42.745301+00:00,141291900
indoor-90aafbf078ff,legacy_v1,indoor,162,80.69999999999862,31.73902345735646,11,4,7,9,1.0,False,16,2026-09-14T01:09:54.945776+00:00,200797298
outdoor-908827044e8f,legacy_v1,outdoor,142,70.79999999999812,52.92789014163354,4,1,3,0,5.026437037327729,True,1,2026-09-14T01:10:25.975775+00:00,71190178
indoor-9c6b0f05ca01,legacy_v1,indoor,118,58.499999999999886,21.14663028926782,6,3,3,12,1.0,False,1,2026-09-14T01:10:29.763076+00:00,76771272
outdoor-3fe204651059,legacy_v1,outdoor,221,110.29999999999588,77.84151993774121,9,4,5,0,8.592143651494464,False,1,2026-09-14T01:11:21.082182+00:00,90283448
indoor-61f701363862,legacy_v1,indoor,158,78.89999999999873,36.939581306996246,11,3,8,11,1.0,False,1,2026-09-14T01:11:31.943325+00:00,166673880
indoor-cacb8534c8b8,legacy_v1,indoor,145,71.99999999999912,44.77503371699051,12,4,8,12,1.0,False,11,2026-09-14T01:12:21.687213+00:00,139830446
outdoor-56be47bf127b,legacy_v1,outdoor,249,124.39999999999507,98.77182017736094,10,4,6,0,9.244440006852344,False,1,2026-09-14T01:12:46.949617+00:00,145935804
outdoor-84d45c02f4e4,legacy_v1,outdoor,144,71.79999999999806,54.37683339228129,4,3,1,0,5.616509119752138,False,1,2026-09-14T01:13:15.366494+00:00,57852971
outdoor-210a55719307,legacy_v1,outdoor,159,78.99999999999766,60.365549232556035,5,3,2,0,4.965537874752886,True,1,2026-09-14T01:14:14.387955+00:00,78655922
indoor-b76346ba94e8,legacy_v1,indoor,143,71.39999999999915,25.80735175360973,7,4,3,11,1.0,False,7,2026-09-14T01:14:27.720794+00:00,99433360
indoor-d2cd96b1c5bb,legacy_v1,indoor,210,104.69999999999726,52.78700645660631,15,4,11,11,1.0,False,20,2026-09-14T01:14:55.755500+00:00,157038016
outdoor-fda99ea1f041,legacy_v1,outdoor,103,51.39999999999922,37.85953771696936,4,2,2,0,4.858276145117099,True,1,2026-09-14T01:15:12.204360+00:00,51673629
indoor-54d631beca09,legacy_v1,indoor,102,50.70000000000033,25.616606632014097,8,4,4,11,1.0,False,7,2026-09-14T01:15:51.849885+00:00,99443663
outdoor-2a83b59d146f,legacy_v1,outdoor,209,103.99999999999623,80.79561217162858,7,3,4,0,7.380150498159837,False,1,2026-09-14T01:16:08.509502+00:00,101837724
indoor-52e50c47a74b,legacy_v1,indoor,164,81.89999999999856,35.89585607920199,10,3,7,9,1.0,False,7,2026-09-14T01:16:49.914832+00:00,95267172
outdoor-464e4e0685d9,legacy_v1,outdoor,275,137.399999999997,98.91089364396693,9,4,5,0,8.604446050160085,True,1,2026-09-14T01:17:30.568580+00:00,99665375
indoor-141a04b325b9,legacy_v1,indoor,95,47.400000000000475,29.47820178883032,9,4,5,8,1.0,False,13,2026-09-14T01:17:59.658396+00:00,65552652
outdoor-c7c2757bf44b,legacy_v1,outdoor,100,49.59999999999932,38.5430344075007,3,2,1,0,4.228874708108553,False,1,2026-09-14T01:18:15.777205+00:00,50015011
outdoor-e9326f983e42,legacy_v1,outdoor,247,122.99999999999515,102.350275765769,9,4,5,0,7.388248020299609,True,2,2026-09-14T01:18:24.195367+00:00,130495748
outdoor-8332d01b5fb0,legacy_v1,outdoor,231,115.0999999999956,82.22479825205485,8,2,6,0,8.062901264690076,False,1,2026-09-14T01:19:26.644509+00:00,228778266
indoor-8b244bccda1e,legacy_v1,indoor,110,54.60000000000011,34.01143065717682,11,3,8,12,1.0,False,15,2026-09-14T01:21:09.493534+00:00,78530120
indoor-c29b0e81e0f5,legacy_v1,indoor,133,66.29999999999944,29.816916149142635,8,3,5,12,1.0,False,8,2026-09-14T01:21:18.863784+00:00,118275662
outdoor-380510a86b66,legacy_v1,outdoor,269,134.1999999999963,94.49780410323581,8,4,4,0,9.3173667925603,False,2,2026-09-14T01:21:59.832919+00:00,256971437
outdoor-77c59f33db1b,legacy_v1,outdoor,213,106.19999999999611,78.46222665949128,8,4,4,0,8.622680627346503,False,1,2026-09-14T01:22:31.080349+00:00,71864778
outdoor-24841fa832da,legacy_v1,outdoor,82,40.79999999999982,30.55018192711303,3,3,0,0,3.5786850449543373,True,1,2026-09-14T01:23:06.555018+00:00,43251014
indoor-9a3d5efa087c,legacy_v1,indoor,267,133.19999999999564,58.72669038001323,17,4,13,10,1.0,False,3,2026-09-14T01:23:41.018298+00:00,126244576
indoor-ee7100c66e79,legacy_v1,indoor,137,68.39999999999932,30.500344074175906,8,4,4,9,1.0,False,16,2026-09-14T01:23:59.749778+00:00,148233638
indoor-21680b21080a,legacy_v1,indoor,128,63.599999999999596,34.81702076360668,10,4,6,12,1.0,False,5,2026-09-14T01:24:33.098889+00:00,83037756
outdoor-004d20ef3aae,legacy_v1,outdoor,155,77.39999999999775,60.26221785502571,7,4,3,0,6.041125023505575,True,1,2026-09-14T01:24:51.786781+00:00,156244928
outdoor-3435e8aa3ca9,legacy_v1,outdoor,234,116.7999999999955,89.91254691121512,8,2,6,0,8.091261442857274,True,2,2026-09-14T01:25:18.977479+00:00,115719811
outdoor-f00929798b67,legacy_v1,outdoor,232,115.59999999999557,87.76909174847313,10,4,6,0,8.73280993626825,False,1,2026-09-14T01:25:55.307592+00:00,95327255
outdoor-e9b510ccb4fe,legacy_v1,outdoor,246,122.79999999999517,94.22649718501887,8,3,5,0,8.83133312606724,False,1,2026-09-14T01:26:19.027774+00:00,122006333
outdoor-422ea0397b55,legacy_v1,outdoor,219,109.19999999999594,82.58580305701045,9,4,5,0,9.573365271357147,True,2,2026-09-14T01:26:49.182111+00:00,173437367
outdoor-3c3b51beaa31,legacy_v1,outdoor,242,120.59999999999529,88.38112772536809,10,3,7,0,9.614912193996576,False,1,2026-09-14T01:27:13.847220+00:00,191125761
outdoor-10e00cee97bc,legacy_v1,outdoor,261,130.19999999999536,94.89235936364182,8,4,4,0,7.570417705575108,True,1,2026-09-14T01:27:52.056574+00:00,105329498
indoor-cd4a0d2a0461,legacy_v1,indoor,200,99.59999999999755,54.66258012807138,15,4,11,11,1.0,False,11,2026-09-14T01:29:06.629718+00:00,174908415
indoor-e0389d708af0,legacy_v1,indoor,158,78.59999999999874,31.330704320738786,8,4,4,11,1.0,False,7,2026-09-14T01:29:36.563137+00:00,106194062
outdoor-1d256c01ec98,legacy_v1,outdoor,454,226.80000000001732,175.08515202512564,17,4,13,0,9.918045736269251,True,3,2026-09-14T01:30:16.948334+00:00,169797405
indoor-a9d4e4b4f430,legacy_v1,indoor,247,123.44999999999621,43.70353709511666,14,4,10,10,1.0,False,3,2026-09-14T01:30:49.163023+00:00,169681110
indoor-71e5b816b8ae,legacy_v1,indoor,113,56.400000000000006,25.743971553340515,9,4,5,9,1.0,False,13,2026-09-14T01:34:00.550012+00:00,91596331
outdoor-19bbbb1e8448,legacy_v1,outdoor,213,105.99999999999612,84.94813377730796,7,4,3,0,5.668083570153776,True,1,2026-09-14T01:34:13.455053+00:00,81132310
outdoor-0c135afe9293,legacy_v1,outdoor,179,88.99999999999709,66.16230128814233,6,3,3,0,5.992693381127366,True,1,2026-09-14T01:34:31.880784+00:00,61758155
outdoor-008433648b32,legacy_v1,outdoor,121,60.399999999998705,44.70957160945067,3,2,1,0,4.3564143087255225,False,1,2026-09-14T01:34:43.286571+00:00,77380213
outdoor-db3d78d0b4dd,legacy_v1,outdoor,212,105.59999999999614,80.75293241375827,9,4,5,0,8.086573002140831,False,1,2026-09-14T01:35:39.609404+00:00,110003485
outdoor-e4c27dc4bbd4,legacy_v1,outdoor,411,205.00000000001236,147.17235194479707,15,4,11,0,9.998429818946546,True,1,2026-09-14T01:36:47.942658+00:00,240983298
indoor-8389dbd49092,legacy_v1,indoor,122,60.89999999999975,24.44474804968716,8,4,4,11,1.0,False,5,2026-09-14T01:36:56.251911+00:00,125394441
indoor-04cca95d59fd,legacy_v1,indoor,224,111.89999999999685,53.63152843875888,15,4,11,10,1.0,False,20,2026-09-14T01:37:52.731838+00:00,170867453
indoor-751e3ce803ab,legacy_v1,indoor,120,59.69999999999982,24.650060589984726,7,3,4,10,1.0,False,3,2026-09-14T01:37:55.015369+00:00,66391220
outdoor-6c3406ad883f,legacy_v1,outdoor,265,131.99999999999577,104.56776876310488,9,3,6,0,6.5365171016760275,True,1,2026-09-14T01:39:21.202883+00:00,84911768
indoor-483a4a04075f,legacy_v1,indoor,103,51.00000000000031,27.491976162382883,9,4,5,12,1.0,False,18,2026-09-14T01:39:25.770668+00:00,87539447
indoor-15e91b47d39e,legacy_v1,indoor,191,95.39999999999779,39.79482272216766,13,4,9,9,1.0,False,4,2026-09-14T01:39:29.726355+00:00,158270967
indoor-2b7814247cb6,legacy_v1,indoor,158,78.59999999999874,27.176168990612823,7,4,3,10,1.0,False,10,2026-09-14T01:41:21.172373+00:00,131902228
indoor-4e2189f80005,legacy_v1,indoor,227,113.24999999999679,48.88938922510426,14,4,10,9,1.0,False,6,2026-09-14T01:41:42.375588+00:00,147313587
indoor-9b8b77a6aef0,legacy_v1,indoor,200,99.89999999999753,42.994771535554946,14,4,10,12,1.0,False,13,2026-09-14T01:42:08.484700+00:00,159757098
outdoor-541757664bb8,legacy_v1,outdoor,263,131.19999999999558,101.60116776572212,11,4,7,0,9.420687466763344,True,2,2026-09-14T01:43:42.828513+00:00,112078617
outdoor-62210bc64804,legacy_v1,outdoor,320,159.8000000000021,125.32713402465532,13,4,9,0,8.981325541669683,True,1,2026-09-14T01:43:53.639293+00:00,257368862
indoor-ef1d80b18ed0,legacy_v1,indoor,126,62.69999999999965,22.44856693371937,6,4,2,12,1.0,False,19,2026-09-14T01:44:21.915163+00:00,75370459
indoor-954af780f3cf,legacy_v1,indoor,108,53.70000000000016,22.675900612978364,6,3,3,9,1.0,False,3,2026-09-14T01:45:21.312446+00:00,83472875
indoor-4b23507898ba,legacy_v1,indoor,130,64.79999999999953,21.812404583591963,6,3,3,9,1.0,False,13,2026-09-14T01:45:57.828994+00:00,79314826
indoor-3a47a4ac4c98,legacy_v1,indoor,197,98.09999999999764,52.29303948403101,17,4,13,9,1.0,False,10,2026-09-14T01:46:17.425916+00:00,154292373
outdoor-167a960e976e,legacy_v1,outdoor,268,133.59999999999613,90.11486783233616,9,4,5,0,9.076963518222659,False,1,2026-09-14T01:46:54.736804+00:00,143822809
outdoor-5bd0d547f9dc,legacy_v1,outdoor,170,84.79999999999733,64.3656321791021,6,3,3,0,6.020265406539971,False,1,2026-09-14T01:47:23.279969+00:00,131427521
indoor-8ffedf9a0014,legacy_v1,indoor,219,109.199999999997,52.643370440759725,16,4,12,12,1.0,False,3,2026-09-14T01:47:32.824608+00:00,188065590
outdoor-13fba39c657e,legacy_v1,outdoor,95,46.99999999999947,36.27066857241044,5,3,2,0,3.1908805197769006,True,1,2026-09-14T01:47:35.622973+00:00,32006440
outdoor-884e15f41c3d,legacy_v1,outdoor,220,109.7999999999959,81.997821721896,8,3,5,0,7.66760099784737,False,1,2026-09-14T01:48:42.417446+00:00,175060774
indoor-94e6e28bc259,legacy_v1,indoor,161,80.09999999999866,32.770226079045734,10,4,6,8,1.0,False,5,2026-09-14T01:49:08.123590+00:00,163776317
indoor-cdcdec828a09,legacy_v1,indoor,117,58.1999999999999,43.660797495255885,13,4,9,9,1.0,False,7,2026-09-14T01:50:23.651141+00:00,134436650
indoor-2ec4268d151e,legacy_v1,indoor,184,91.49999999999801,40.674461200461884,12,4,8,11,1.0,False,19,2026-09-14T01:50:59.554599+00:00,168707649
outdoor-e3c75ebea6d1,legacy_v1,outdoor,93,46.19999999999951,41.87599772681486,4,4,0,0,4.120536016658995,False,1,2026-09-14T01:51:10.652150+00:00,49263595
indoor-74993b8e76a3,legacy_v1,indoor,190,94.49999999999784,42.29900140692216,12,4,8,10,1.0,False,8,2026-09-14T01:51:13.315789+00:00,116784837
outdoor-c8da9b34f7a7,legacy_v1,outdoor,145,72.39999999999803,52.38026486343908,6,3,3,0,4.962737909714091,True,1,2026-09-14T01:52:06.049811+00:00,93855874
indoor-6201b6a33b35,legacy_v1,indoor,165,82.19999999999854,39.663636015103826,13,4,9,11,1.0,False,6,2026-09-14T01:52:42.275799+00:00,156263254
outdoor-973dcd515070,legacy_v1,outdoor,243,120.99999999999527,91.63041695191082,10,4,6,0,8.917571343089527,False,1,2026-09-14T01:53:26.560264+00:00,125451363
outdoor-1a464518549a,legacy_v1,outdoor,243,120.99999999999527,86.47677245204517,10,4,6,0,9.018378717185454,False,1,2026-09-14T01:54:09.764963+00:00,125463581
outdoor-151611f88473,legacy_v1,outdoor,141,69.99999999999817,52.86622246670341,4,2,2,0,4.89826884406944,False,1,2026-09-14T01:54:33.995942+00:00,88495167
outdoor-7898bcbcf577,legacy_v1,outdoor,116,57.599999999998865,44.85416936072174,5,3,2,0,3.803619508859989,True,2,2026-09-14T01:54:35.711120+00:00,60739339
indoor-f1daaccda135,legacy_v1,indoor,129,64.19999999999956,27.2370670347847,8,4,4,10,1.0,False,1,2026-09-14T01:55:06.573160+00:00,140359505
outdoor-c067aa9e0ff3,legacy_v1,outdoor,89,44.199999999999626,32.70218105434961,2,1,1,0,3.057215012044465,False,1,2026-09-14T01:55:08.284947+00:00,43776644
outdoor-a95cb27c37c5,legacy_v1,outdoor,101,50.199999999999285,41.57925846014281,4,3,1,0,4.157491036476094,False,1,2026-09-14T01:55:46.681731+00:00,54596754
indoor-5a951eada767,legacy_v1,indoor,206,102.59999999999738,50.88771021638004,16,4,12,8,1.0,False,5,2026-09-14T01:56:19.421647+00:00,132264734
outdoor-b84d2a697573,legacy_v1,outdoor,172,85.69999999999727,62.58217492456763,7,4,3,0,6.953159147828242,False,2,2026-09-14T01:56:22.209317+00:00,64574041
outdoor-4461127a744f,legacy_v1,outdoor,90,44.5999999999996,34.63281207649358,2,2,0,0,4.335595522601456,True,1,2026-09-14T01:56:54.434422+00:00,29769948
indoor-1982d95c6153,legacy_v1,indoor,124,61.7999999999997,21.01884854279797,7,2,5,9,1.0,False,3,2026-09-14T01:57:27.608646+00:00,122384363
outdoor-a147708045f9,legacy_v1,outdoor,103,51.39999999999922,34.94305827953776,3,2,1,0,3.4685603980831825,False,1,2026-09-14T01:57:33.596723+00:00,51191958
outdoor-2c31fa8ccd7d,legacy_v1,outdoor,88,43.59999999999966,38.04387585636153,3,2,1,0,3.223656778240091,True,1,2026-09-14T01:58:05.946643+00:00,33381043
indoor-22028d784520,legacy_v1,indoor,108,53.70000000000016,23.33271893875484,7,4,3,8,1.0,False,6,2026-09-14T01:58:40.345870+00:00,88356035
indoor-69253f65fd44,legacy_v1,indoor,85,42.0000000000004,20.591274586954796,6,4,2,9,1.0,False,4,2026-09-14T01:59:03.306533+00:00,75812279
indoor-e9f95c0d368f,legacy_v1,indoor,263,131.39999999999574,62.16162495192059,19,4,15,10,1.0,False,17,2026-09-14T01:59:33.244448+00:00,211979587
indoor-b549e438f33d,legacy_v1,indoor,130,64.49999999999955,25.267413733007505,9,4,5,11,1.0,False,2,2026-09-14T02:00:04.030868+00:00,142982275
outdoor-4a350affda1c,legacy_v1,outdoor,275,136.9999999999969,100.24968259705429,10,4,6,0,9.726065524602745,False,1,2026-09-14T02:01:31.004273+00:00,214511272
indoor-9c0fec442de8,legacy_v1,indoor,115,56.99999999999997,29.862182069867565,9,4,5,9,1.0,False,19,2026-09-14T02:01:47.353403+00:00,90119954
outdoor-7a00a4a2761e,legacy_v1,outdoor,214,106.79999999999607,82.15855158597341,9,4,5,0,9.07369688926579,False,1,2026-09-14T02:02:39.270562+00:00,70179472
outdoor-e4defd970050,legacy_v1,outdoor,127,62.99999999999856,38.73874310706325,5,4,1,0,3.691598673574476,False,1,2026-09-14T02:02:52.707739+00:00,67320236
outdoor-5049b0deb887,legacy_v1,outdoor,252,125.599999999995,93.52753176174066,10,4,6,0,9.001177450366992,False,1,2026-09-14T02:03:09.737366+00:00,148342625
outdoor-b5a24fbd7cba,legacy_v1,outdoor,128,63.79999999999851,48.76126201200803,4,2,2,0,4.976057810644898,False,1,2026-09-14T02:03:34.239239+00:00,75291328
indoor-0cfddc32a384,legacy_v1,indoor,277,138.29999999999535,61.1771848969988,17,4,13,8,1.0,False,1,2026-09-14T02:04:22.692128+00:00,185989471
indoor-76f57e7f3cfe,legacy_v1,indoor,110,54.60000000000011,22.285627000548324,7,4,3,10,1.0,False,4,2026-09-14T02:04:50.893770+00:00,117938325
outdoor-1834780dc614,legacy_v1,outdoor,318,158.6000000000018,120.85784107079257,12,4,8,0,9.407313407503166,True,2,2026-09-14T02:05:22.626169+00:00,154532064
indoor-7ddeeb602bb3,legacy_v1,indoor,169,84.29999999999842,35.25624097916052,12,4,8,8,1.0,False,1,2026-09-14T02:05:36.977432+00:00,135907770
outdoor-bc9e5b468d56,legacy_v1,outdoor,268,133.59999999999613,96.50677985017535,9,3,6,0,9.479905579107783,False,2,2026-09-14T02:06:32.320443+00:00,139332043
outdoor-4abf2def1db2,legacy_v1,outdoor,247,122.99999999999515,92.31864720715731,10,4,6,0,7.900336209123002,True,1,2026-09-14T02:07:18.823375+00:00,128541564
outdoor-781eed59cca8,legacy_v1,outdoor,111,54.99999999999901,39.97980019411598,4,3,1,0,3.982891990882599,False,1,2026-09-14T02:07:23.467859+00:00,46820599
outdoor-e36be3803595,legacy_v1,outdoor,122,60.599999999998694,45.669941662959246,5,3,2,0,4.546268975816508,False,1,2026-09-14T02:08:08.746011+00:00,96586604
indoor-93ae3470f872,legacy_v1,indoor,257,128.09999999999593,56.199823316318025,18,4,14,8,1.0,False,12,2026-09-14T02:08:18.302925+00:00,252489998
indoor-bbc956667ae1,legacy_v1,indoor,106,52.80000000000021,24.559234697589858,8,3,5,12,1.0,False,7,2026-09-14T02:08:52.192351+00:00,83426156
indoor-fc3f324ec214,legacy_v1,indoor,87,43.200000000000415,21.90345216478071,6,4,2,9,1.0,False,11,2026-09-14T02:09:32.294843+00:00,78421150
outdoor-63376669d0fe,legacy_v1,outdoor,217,107.999999999996,91.86524280687149,10,4,6,0,7.536264716047564,True,1,2026-09-14T02:09:35.583873+00:00,171339313
outdoor-0ce277d2636d,legacy_v1,outdoor,258,128.599999999995,94.26120227075522,9,4,5,0,9.403256400865427,False,1,2026-09-14T02:09:58.269520+00:00,102426844
indoor-f815aec5b8ab,legacy_v1,indoor,169,83.99999999999844,37.85738303892402,11,4,7,9,1.0,False,10,2026-09-14T02:10:07.823835+00:00,141216707
outdoor-b253c783a76b,legacy_v1,outdoor,100,49.59999999999932,40.367359738382326,3,3,0,0,3.199530805816183,True,1,2026-09-14T02:10:24.421924+00:00,49535541
indoor-11efc95cba4f,legacy_v1,indoor,61,30.300000000000228,24.713199684654505,8,4,4,10,1.0,False,14,2026-09-14T02:11:09.918639+00:00,70106463
indoor-e16aaf70ee08,legacy_v1,indoor,163,80.99999999999861,43.23657691206485,12,4,8,9,1.0,False,5,2026-09-14T02:11:09.921143+00:00,93045685
indoor-0df92ec87ea3,legacy_v1,indoor,136,67.49999999999937,21.03549945932476,7,3,4,11,1.0,False,2,2026-09-14T02:11:43.582719+00:00,104833671
outdoor-f8a207ff4a2e,legacy_v1,outdoor,239,119.19999999999537,80.99908059366317,9,4,5,0,8.315819348581286,False,1,2026-09-14T02:11:48.648904+00:00,95897764
outdoor-759284ddfa90,legacy_v1,outdoor,183,90.99999999999697,68.67590618672686,8,3,5,0,6.796740538513653,True,3,2026-09-14T02:11:56.087712+00:00,176025909
outdoor-92e71990dca4,legacy_v1,outdoor,100,49.59999999999932,34.5359557336684,3,2,1,0,3.714001392152809,False,1,2026-09-14T02:12:31.340361+00:00,93181824
outdoor-75b309d1e9bc,legacy_v1,outdoor,175,87.39999999999718,67.52049883111837,8,4,4,0,6.895827004513666,False,1,2026-09-14T02:12:41.853110+00:00,71268407
indoor-1f85a526e5c6,legacy_v1,indoor,112,55.80000000000004,24.53329734856524,6,4,2,10,1.0,False,1,2026-09-14T02:12:48.390474+00:00,69452681
outdoor-cf550dbe5395,legacy_v1,outdoor,207,103.19999999999628,85.7559005647464,10,3,7,0,6.084528106739977,True,1,2026-09-14T02:12:48.397378+00:00,72846885
outdoor-29a94e81fc28,legacy_v1,outdoor,135,66.99999999999834,54.1809179806566,4,3,1,0,5.237171383663307,False,1,2026-09-14T02:13:02.690555+00:00,81838857
indoor-ca6e392d6dcf,legacy_v1,indoor,102,50.70000000000033,24.18741559555449,7,4,3,9,1.0,False,1,2026-09-14T02:13:31.381562+00:00,63516690
outdoor-4758ab770ee1,legacy_v1,outdoor,173,85.99999999999726,69.3799813404923,6,4,2,0,6.693046195624615,False,1,2026-09-14T02:13:43.603691+00:00,135193542
outdoor-6bb101426244,legacy_v1,outdoor,205,102.19999999999634,76.61227862085782,9,3,6,0,6.383385562451139,True,1,2026-09-14T02:14:13.227670+00:00,164351489
outdoor-e775c429c4ef,legacy_v1,outdoor,258,128.79999999999504,100.0632469017624,10,3,7,0,5.166817096007812,True,1,2026-09-14T02:14:19.348128+00:00,109603662
indoor-ed2680adfa94,legacy_v1,indoor,95,47.10000000000046,21.71941940018805,6,4,2,10,1.0,False,8,2026-09-14T02:14:20.235674+00:00,74532816
indoor-75e909ac240a,legacy_v1,indoor,149,74.39999999999898,43.16251395350034,14,4,10,9,1.0,False,4,2026-09-14T02:14:54.416571+00:00,109172303
outdoor-f17e4aca1cb6,legacy_v1,outdoor,104,51.799999999999194,42.02087686011655,3,3,0,0,3.996163519827375,False,1,2026-09-14T02:14:59.523326+00:00,50295160
outdoor-9fe3686eae12,legacy_v1,outdoor,123,61.39999999999865,46.97201859550091,5,3,2,0,4.437398475505512,False,1,2026-09-14T02:15:04.192930+00:00,59431777
indoor-4e4d17f5580a,legacy_v1,indoor,161,80.39999999999864,20.072220810236065,7,4,3,9,1.0,False,6,2026-09-14T02:15:30.886039+00:00,135203032
outdoor-6c6212ba23b0,legacy_v1,outdoor,143,71.39999999999809,49.837550816326186,5,4,1,0,5.437022513699911,False,1,2026-09-14T02:15:43.561540+00:00,114293707
outdoor-583cd8497f2d,legacy_v1,outdoor,213,106.3999999999961,79.87057802102072,8,2,6,0,7.98744419940512,False,1,2026-09-14T02:16:12.115753+00:00,65138251
indoor-cb31a43c94c1,legacy_v1,indoor,91,45.30000000000044,20.99999412460512,5,2,3,8,1.0,False,2,2026-09-14T02:16:36.961465+00:00,74574286
indoor-70563b689978,legacy_v1,indoor,67,33.30000000000027,20.24967229577829,6,4,2,8,1.0,False,9,2026-09-14T02:16:43.253131+00:00,45221384
indoor-e38ee9cae541,legacy_v1,indoor,110,54.90000000000009,25.522673166135007,8,4,4,10,1.0,False,6,2026-09-14T02:16:50.231738+00:00,75752899
outdoor-62d2192555a4,legacy_v1,outdoor,165,82.39999999999746,59.94896428615173,6,4,2,0,5.761640823803965,False,1,2026-09-14T02:17:48.191121+00:00,95841073
indoor-8f54741f7375,legacy_v1,indoor,223,110.9999999999969,50.804878848085266,16,4,12,9,1.0,False,2,2026-09-14T02:17:49.681962+00:00,187069658
indoor-69d8373ae004,legacy_v1,indoor,203,101.09999999999746,48.61243765616769,14,4,10,9,1.0,False,1,2026-09-14T02:18:04.163553+00:00,153665914
outdoor-1e76ca0572e5,legacy_v1,outdoor,130,64.79999999999846,58.91891888189431,5,3,2,0,5.040798519333085,True,1,2026-09-14T02:18:34.306537+00:00,63853338
outdoor-a8033db67b04,legacy_v1,outdoor,150,74.7999999999979,54.3698503524815,6,2,4,0,5.78564522954316,False,1,2026-09-14T02:18:46.884022+00:00,50886607
indoor-0a7a427657e8,legacy_v1,indoor,86,42.600000000000406,25.934804772344812,8,3,5,8,1.0,False,15,2026-09-14T02:18:56.563879+00:00,96857797
outdoor-f42c35963997,legacy_v1,outdoor,171,85.1999999999973,58.49717599681331,6,3,3,0,6.377688113893346,True,1,2026-09-14T02:19:04.086433+00:00,172174262
indoor-9f9cace59cc4,legacy_v1,indoor,96,47.70000000000047,20.88273627056692,6,3,3,8,1.0,False,7,2026-09-14T02:20:02.128043+00:00,111019325
outdoor-5f19241eb814,legacy_v1,outdoor,233,116.39999999999553,84.81590798969745,9,3,6,0,8.414518722189026,False,1,2026-09-14T02:20:08.881802+00:00,79491844
outdoor-5567ca32896e,legacy_v1,outdoor,281,140.19999999999763,106.47711436059386,10,4,6,0,9.72016398306797,False,1,2026-09-14T02:20:37.776534+00:00,223097870
outdoor-d47b965d9572,legacy_v1,outdoor,87,43.39999999999967,33.83239461455608,4,2,2,0,3.1618664206137614,False,1,2026-09-14T02:20:45.114620+00:00,68756928
indoor-6998fcf41cf9,legacy_v1,indoor,61,30.300000000000228,27.00680089506742,8,4,4,8,1.0,False,13,2026-09-14T02:21:05.522863+00:00,40532706
indoor-d6543e0c43e7,legacy_v1,indoor,106,52.50000000000023,20.348124379014145,5,3,2,10,1.0,False,4,2026-09-14T02:21:28.457924+00:00,105220464
outdoor-0cce3509220e,legacy_v1,outdoor,347,173.10000000000508,139.35823926824824,15,4,11,0,8.957646447634646,True,2,2026-09-14T02:21:37.894107+00:00,244469797
outdoor-dd3dd92bd22f,legacy_v1,outdoor,193,96.39999999999667,74.85580444284538,6,2,4,0,8.195005387396947,False,1,2026-09-14T02:21:51.984921+00:00,72261071
outdoor-40dbbc5a4018,legacy_v1,outdoor,232,115.79999999999555,74.68014963267879,8,4,4,0,6.855560518087927,True,1,2026-09-14T02:22:10.387731+00:00,82127785
outdoor-fb4f5f06ac65,legacy_v1,outdoor,111,54.99999999999901,40.908834168224686,3,3,0,0,3.802466084449551,False,2,2026-09-14T02:22:24.225434+00:00,49639098
outdoor-c748e8056eb1,legacy_v1,outdoor,163,80.99999999999754,63.88088721583881,5,4,1,0,6.416044549887992,False,1,2026-09-14T02:22:49.587776+00:00,95277610
outdoor-eb42f1e62015,legacy_v1,outdoor,311,155.000000000001,124.05664225384928,12,4,8,0,8.275112478648326,True,1,2026-09-14T02:23:01.300431+00:00,125175957
indoor-161a0e860efa,legacy_v1,indoor,125,62.09999999999968,31.215040835312102,9,4,5,12,1.0,False,5,2026-09-14T02:23:36.844339+00:00,120569976
outdoor-eb1938040a49,legacy_v1,outdoor,133,65.9999999999984,51.733010673013425,5,4,1,0,5.624981351590587,False,1,2026-09-14T02:23:47.377332+00:00,66611787
indoor-77863855b1ac,legacy_v1,indoor,217,108.29999999999706,45.185820217819085,14,4,10,12,1.0,False,2,2026-09-14T02:23:59.034395+00:00,173541326
indoor-ef755a838e99,legacy_v1,indoor,153,76.19999999999888,33.88354065415565,9,4,5,9,1.0,False,12,2026-09-14T02:24:06.262547+00:00,100182099
indoor-7832d1770e75,legacy_v1,indoor,108,53.70000000000016,21.731709466679554,6,3,3,11,1.0,False,5,2026-09-14T02:24:11.467264+00:00,107187387
outdoor-0b7a9231d8d3,legacy_v1,outdoor,80,39.799999999999876,32.798148737679,2,1,1,0,3.621942722009658,False,1,2026-09-14T02:24:22.738759+00:00,32116862
outdoor-9351218e6042,legacy_v1,outdoor,175,86.9999999999972,76.24866685295663,8,3,5,0,5.57935179774625,True,1,2026-09-14T02:24:41.521213+00:00,61006423
indoor-09381e6f74ac,legacy_v1,indoor,68,33.60000000000028,20.320136264832556,7,4,3,8,1.0,False,6,2026-09-14T02:25:05.002592+00:00,45228758
outdoor-c64bfed0604f,legacy_v1,outdoor,241,120.19999999999531,91.69748683810653,8,4,4,0,9.31320844418515,False,1,2026-09-14T02:25:34.539703+00:00,191784894
outdoor-ab5a3b60714a,legacy_v1,outdoor,211,105.19999999999617,82.79662899481153,8,3,5,0,8.66829749699999,True,1,2026-09-14T02:25:39.940216+00:00,140076103
indoor-c0d8ec77d0cd,legacy_v1,indoor,121,60.299999999999784,25.409686815416293,9,4,5,12,1.0,False,7,2026-09-14T02:25:54.901971+00:00,145877989
indoor-01b6a5ee6ba6,legacy_v1,indoor,179,89.09999999999815,41.946687238032304,14,4,10,8,1.0,False,8,2026-09-14T02:26:41.487275+00:00,124174322
indoor-1de25b22b6c2,legacy_v1,indoor,133,66.29999999999944,28.737615190956262,9,3,6,10,1.0,False,3,2026-09-14T02:26:51.724466+00:00,93004475
outdoor-0b72966a8c6f,legacy_v1,outdoor,248,123.79999999999511,89.43414501848034,10,4,6,0,8.853748049500318,False,1,2026-09-14T02:27:04.087637+00:00,196942913
indoor-1867bb610c30,legacy_v1,indoor,106,52.50000000000023,20.841535783356708,5,4,1,12,1.0,False,13,2026-09-14T02:27:23.440138+00:00,105033733
indoor-6b307f90a0e8,legacy_v1,indoor,113,56.10000000000002,20.320780617289913,5,3,2,10,1.0,False,1,2026-09-14T02:27:52.501113+00:00,86554574
indoor-c5dc55cebc0f,legacy_v1,indoor,167,83.39999999999847,36.48500136955709,10,3,7,11,1.0,False,10,2026-09-14T02:28:05.942263+00:00,137694570
indoor-4a930fa4574e,legacy_v1,indoor,103,51.300000000000296,30.680134505610575,8,3,5,12,1.0,False,2,2026-09-14T02:28:13.080417+00:00,109353541
indoor-ea9feb759f07,legacy_v1,indoor,295,146.99999999999486,64.3738641366797,19,4,15,9,1.0,False,10,2026-09-14T02:29:30.073116+00:00,239575331
outdoor-1c682e7a1fe1,legacy_v1,outdoor,228,113.79999999999568,89.83747335712674,9,3,6,0,9.21426252506352,True,1,2026-09-14T02:29:32.064849+00:00,164337819
indoor-276536077e40,legacy_v1,indoor,232,115.79999999999663,60.90490635642362,18,4,14,11,1.0,False,14,2026-09-14T02:29:54.380915+00:00,181903070
outdoor-8984157c96c6,legacy_v1,outdoor,367,183.00000000000736,142.97964047650044,13,3,10,0,9.700975610755854,True,1,2026-09-14T02:30:21.515236+00:00,130726025
indoor-6aaa7847c7fc,legacy_v1,indoor,154,76.49999999999886,34.15846819651186,9,3,6,12,1.0,False,2,2026-09-14T02:30:36.693901+00:00,153206949
indoor-5685547f60d3,legacy_v1,indoor,118,58.79999999999987,22.272557565173905,6,3,3,10,1.0,False,3,2026-09-14T02:30:45.957005+00:00,94473493
outdoor-ad8a9b2e96ed,legacy_v1,outdoor,195,97.39999999999661,77.94493645019881,9,4,5,0,6.094672727515166,True,2,2026-09-14T02:31:27.898538+00:00,100267867
outdoor-7cce8d39c0bf,legacy_v1,outdoor,199,99.1999999999965,70.59624989869434,8,4,4,0,7.273289141659304,False,1,2026-09-14T02:31:44.877324+00:00,70017207
indoor-acaddb6d6b22,legacy_v1,indoor,112,55.50000000000006,32.94654904095983,9,4,5,9,1.0,False,2,2026-09-14T02:31:49.037519+00:00,110337307
outdoor-ae5e82859bb8,legacy_v1,outdoor,202,100.59999999999643,69.98662132115203,7,3,4,0,7.312383422988672,False,1,2026-09-14T02:31:59.768516+00:00,125973396
indoor-bd79e7a2423b,legacy_v1,indoor,132,65.69999999999948,22.6448323474474,7,3,4,9,1.0,False,9,2026-09-14T02:32:07.175336+00:00,156277700
outdoor-36f64452cc37,legacy_v1,outdoor,109,54.19999999999906,45.46746552664725,4,2,2,0,4.762595323904564,True,1,2026-09-14T02:32:13.099248+00:00,70030615
outdoor-15f2ad3edafa,legacy_v1,outdoor,113,56.39999999999893,40.72059969498629,5,2,3,0,4.372978829315516,True,1,2026-09-14T02:32:30.064157+00:00,89625184
outdoor-dd2502aef3cc,legacy_v1,outdoor,191,95.39999999999672,68.92203720005296,8,4,4,0,6.831093677020082,False,1,2026-09-14T02:33:29.453310+00:00,71773422
indoor-a0d1a9cfc98b,legacy_v1,indoor,125,62.399999999999665,25.981612167541694,9,3,6,11,1.0,False,11,2026-09-14T02:33:45.953840+00:00,117326548
outdoor-4db5b81bd9e5,legacy_v1,outdoor,239,119.39999999999536,82.96903816763898,9,4,5,0,8.692699505748532,False,2,2026-09-14T02:33:50.557465+00:00,140162060
indoor-da9e11063ac9,legacy_v1,indoor,165,82.19999999999854,36.64822203437049,10,3,7,9,1.0,False,11,2026-09-14T02:34:15.214392+00:00,85374085
outdoor-d4a2bc9e3bc0,legacy_v1,outdoor,229,114.39999999999564,84.26414497691245,8,2,6,0,8.405613155149341,False,1,2026-09-14T02:34:51.756820+00:00,111812748
indoor-d89a1748948e,legacy_v1,indoor,201,100.19999999999752,45.05985347706254,15,4,11,8,1.0,False,12,2026-09-14T02:34:56.559110+00:00,134751685
indoor-9db9de9839e6,legacy_v1,indoor,131,65.3999999999995,34.76897083145882,11,4,7,9,1.0,False,1,2026-09-14T02:35:18.551656+00:00,76418768
outdoor-545e95ac064a,legacy_v1,outdoor,271,135.39999999999654,97.90075741280833,10,4,6,0,9.591600506507419,False,1,2026-09-14T02:35:21.915812+00:00,140082770
indoor-c618b75314d9,legacy_v1,indoor,119,59.399999999999835,28.505094067538902,8,4,4,8,1.0,False,7,2026-09-14T02:35:25.585151+00:00,101422904
outdoor-b2591c60543c,legacy_v1,outdoor,139,69.3999999999982,55.89987256797422,6,4,2,0,5.957803990605786,False,1,2026-09-14T02:35:45.742721+00:00,100462881
indoor-a00150824f18,legacy_v1,indoor,100,49.80000000000038,24.897170580357237,7,3,4,12,1.0,False,1,2026-09-14T02:36:32.306082+00:00,79957056
outdoor-a69af79925cc,legacy_v1,outdoor,285,142.19999999999808,106.80357482127118,12,4,8,0,7.2497180298771475,True,1,2026-09-14T02:37:01.045802+00:00,116649044
indoor-96016d149134,legacy_v1,indoor,113,56.10000000000002,28.280910582214343,8,3,5,11,1.0,False,10,2026-09-14T02:37:18.537977+00:00,91757717
outdoor-93777732d28b,legacy_v1,outdoor,322,160.60000000000227,125.05804571810941,14,4,10,0,9.395165760782307,True,1,2026-09-14T02:37:19.651260+00:00,169745264
indoor-17a6e7abf69a,legacy_v1,indoor,205,101.99999999999741,43.5536602556374,13,4,9,8,1.0,False,1,2026-09-14T02:37:46.742652+00:00,171205760
outdoor-5970ad7348f8,legacy_v1,outdoor,143,71.1999999999981,61.64519072650662,6,3,3,0,5.9241988549511255,False,1,2026-09-14T02:38:12.055733+00:00,77189378
indoor-47d42c3a8b50,legacy_v1,indoor,225,112.19999999999683,49.499559132853555,16,4,12,12,1.0,False,3,2026-09-14T02:38:48.376813+00:00,165737985
outdoor-c49b0e6e7906,legacy_v1,outdoor,133,66.39999999999837,49.51503874616979,5,4,1,0,4.657143035248543,False,1,2026-09-14T02:39:07.894596+00:00,104594186
indoor-8354d68b4d22,legacy_v1,indoor,131,65.3999999999995,31.572702899011155,8,4,4,12,1.0,False,4,2026-09-14T02:39:11.260807+00:00,111799464
indoor-bd638f6ff51a,legacy_v1,indoor,207,103.19999999999735,47.62992200199933,15,4,11,12,1.0,False,3,2026-09-14T02:39:40.864239+00:00,190521436
outdoor-9d45f5b0798f,legacy_v1,outdoor,81,39.999999999999865,31.86200732069455,2,2,0,0,3.3268461493355357,False,1,2026-09-14T02:39:45.669366+00:00,63336991
outdoor-bbe2124de8e3,legacy_v1,outdoor,165,81.99999999999748,66.09364099417775,6,3,3,0,4.549256295016808,True,2,2026-09-14T02:39:49.168050+00:00,153994990
indoor-e4e6292a91b5,legacy_v1,indoor,205,102.2999999999974,47.09187739911483,13,4,9,10,1.0,False,12,2026-09-14T02:39:56.112594+00:00,170483304
outdoor-191a9943fe17,legacy_v1,outdoor,201,100.39999999999644,70.8449235582546,8,4,4,0,6.867593223180112,True,1,2026-09-14T02:40:23.048798+00:00,105789346
indoor-2938b760ce77,legacy_v1,indoor,115,56.99999999999997,25.23827382236971,9,4,5,9,1.0,False,2,2026-09-14T02:40:40.335363+00:00,93941490
outdoor-0528feebbbc5,legacy_v1,outdoor,158,78.59999999999768,65.64823363864127,6,3,3,0,4.712300291916269,True,1,2026-09-14T02:40:57.099921+00:00,82432909
indoor-d44d45e7d9f5,legacy_v1,indoor,147,73.19999999999905,31.495206489080484,10,4,6,8,1.0,False,5,2026-09-14T02:41:19.427214+00:00,78006873
outdoor-a09954af6e1b,legacy_v1,outdoor,262,130.7999999999955,99.76569489388224,10,4,6,0,9.537330998002545,False,1,2026-09-14T02:41:24.521917+00:00,168856809
outdoor-47ce844a00c4,legacy_v1,outdoor,232,115.79999999999556,82.81530085737471,8,4,4,0,7.601895870364009,False,1,2026-09-14T02:41:58.402108+00:00,142068582
outdoor-d78f711ff601,legacy_v1,outdoor,186,92.79999999999687,71.13990514941446,6,4,2,0,7.149863797482447,False,1,2026-09-14T02:42:08.324096+00:00,88611750
outdoor-37c1728f1df7,legacy_v1,outdoor,163,81.39999999999752,57.27382966335185,7,3,4,0,5.25593694283064,False,1,2026-09-14T02:42:25.035060+00:00,92946499
indoor-4615e0c1002e,legacy_v1,indoor,182,90.89999999999804,42.07083185325873,12,4,8,9,1.0,False,9,2026-09-14T02:42:27.749518+00:00,133968671
indoor-aef6834a90d7,legacy_v1,indoor,121,59.9999999999998,22.12822180959862,6,3,3,11,1.0,False,2,2026-09-14T02:43:03.947050+00:00,101026266
outdoor-73f8fb55aef9,legacy_v1,outdoor,179,89.39999999999706,71.99782379900267,6,3,3,0,4.096751473047695,True,1,2026-09-14T02:43:15.013434+00:00,55874980
indoor-aaf5c07e167f,legacy_v1,indoor,214,106.49999999999716,47.30018715268029,15,4,11,11,1.0,False,6,2026-09-14T02:43:19.514520+00:00,207079340
outdoor-eab5e8cc04b1,legacy_v1,outdoor,181,90.39999999999701,61.59131986709816,7,3,4,0,5.63767082573448,True,1,2026-09-14T02:43:34.646871+00:00,94574509
outdoor-018f4f7d7a73,legacy_v1,outdoor,95,47.399999999999444,35.08774304683149,3,3,0,0,4.228272892409837,True,1,2026-09-14T02:43:42.929105+00:00,76140520
indoor-c0c911b13b6c,legacy_v1,indoor,151,74.99999999999895,29.009441785589104,8,3,5,8,1.0,False,6,2026-09-14T02:43:54.191057+00:00,104068439
outdoor-ab105d205171,legacy_v1,outdoor,83,41.399999999999785,31.45803627488842,3,2,1,0,3.2809837306673857,False,1,2026-09-14T02:44:31.779176+00:00,43763733
outdoor-4209db1b8592,legacy_v1,outdoor,184,91.49999999999694,72.96930887375909,7,2,5,0,6.725347953431967,False,1,2026-09-14T02:44:38.136123+00:00,88377365
outdoor-6e4fe9b7b312,legacy_v1,outdoor,166,82.59999999999745,59.29367035056514,5,3,2,0,5.851530493758374,False,1,2026-09-14T02:44:47.726198+00:00,158733102
outdoor-9a84df5c163a,legacy_v1,outdoor,265,132.1999999999958,98.30398844740989,9,3,6,0,9.067139137904928,False,1,2026-09-14T02:44:47.815528+00:00,152158143
indoor-cf70a2154a60,legacy_v1,indoor,193,95.99999999999775,39.2598772903487,11,4,7,11,1.0,False,9,2026-09-14T02:45:33.437538+00:00,172778366
outdoor-eca95e7e2083,legacy_v1,outdoor,146,72.59999999999802,58.31191633162423,7,4,3,0,4.765905472606171,True,1,2026-09-14T02:45:42.137130+00:00,75625969
indoor-2a0888dfee70,v2_unique_obstacles,indoor,111,55.200000000000074,26.02357807704321,9,9,0,9,1.0,False,3,2026-09-14T02:50:53.831847+00:00,101282340
outdoor-b53afcc32ed8,v2_unique_obstacles,outdoor,248,123.59999999999512,89.80412915605964,10,10,0,0,8.177298882876133,False,2,2026-09-14T02:51:20.463346+00:00,81315824
outdoor-a8c99b8a6bbd,v2_unique_obstacles,outdoor,283,141.3999999999979,97.61432369128933,11,11,0,0,9.660658968614836,False,1,2026-09-14T02:51:41.580211+00:00,144981537
outdoor-7a639ffe142b,v2_unique_obstacles,outdoor,373,186.2000000000081,152.2104957277241,14,14,0,0,8.070048919156605,True,1,2026-09-14T02:52:03.910614+00:00,123245203
outdoor-2db92defb3dc,v2_unique_obstacles,outdoor,130,64.79999999999846,51.61009712634808,6,6,0,0,5.490211612622112,False,1,2026-09-14T02:52:18.103563+00:00,68943241
outdoor-6b130b1fd19b,v2_unique_obstacles,outdoor,95,46.99999999999947,32.40258607468506,3,3,0,0,3.307750442173301,False,1,2026-09-14T02:52:27.360649+00:00,48162129
indoor-680117472d31,v2_unique_obstacles,indoor,178,88.79999999999816,33.547367495674564,9,9,0,9,1.0,False,4,2026-09-14T02:52:35.199276+00:00,166428043
outdoor-192033b57e11,v2_unique_obstacles,outdoor,69,34.000000000000206,22.34785119975205,2,2,0,0,3.1196211068174686,True,1,2026-09-14T02:52:59.289454+00:00,34704373
outdoor-6496e4ed68d2,v2_unique_obstacles,outdoor,146,72.59999999999802,56.05633131002354,7,7,0,0,5.133676876459306,True,2,2026-09-14T02:53:19.507809+00:00,75316472
indoor-5c655cc6ffd3,v2_unique_obstacles,indoor,117,58.1999999999999,24.63541311049648,7,7,0,8,1.0,False,6,2026-09-14T02:54:21.947745+00:00,90339845
indoor-c1cc4de01180,v2_unique_obstacles,indoor,273,136.19999999999547,61.73419890326307,19,19,0,8,1.0,False,9,2026-09-14T02:55:26.691167+00:00,224396232
outdoor-5fc87771892f,v2_unique_obstacles,outdoor,189,93.9999999999968,65.6087235460918,8,8,0,0,6.866936755276528,False,1,2026-09-14T02:55:40.397808+00:00,62562161
indoor-d73359851aa0,v2_unique_obstacles,indoor,196,97.49999999999767,45.794553533095076,14,14,0,8,1.0,False,19,2026-09-14T02:55:53.846163+00:00,204448505
indoor-f185d58b1b1f,v2_unique_obstacles,indoor,268,133.7999999999956,56.003667773469324,16,16,0,11,1.0,False,7,2026-09-14T02:56:02.023071+00:00,236229346
indoor-00626e01552a,v2_unique_obstacles,indoor,148,73.79999999999902,37.235498455230655,11,11,0,10,1.0,False,2,2026-09-14T02:56:28.339173+00:00,109545942
indoor-4efac97a65e1,v2_unique_obstacles,indoor,63,31.20000000000024,28.117277355105312,8,8,0,8,1.0,False,1,2026-09-14T02:56:29.432721+00:00,49482422
outdoor-61b4ec4e61da,v2_unique_obstacles,outdoor,214,106.79999999999607,79.42747045010843,8,8,0,0,7.823467217502532,False,1,2026-09-14T02:56:52.135716+00:00,134950743
outdoor-0ccd4cfc1fa1,v2_unique_obstacles,outdoor,196,97.5999999999966,75.00865288132962,7,7,0,0,7.941230326009223,False,1,2026-09-14T02:57:04.492127+00:00,75623307
outdoor-9bd618272b23,v2_unique_obstacles,outdoor,145,71.99999999999805,58.43690617904619,7,7,0,0,5.607368210977717,True,1,2026-09-14T02:57:26.641690+00:00,46449905
outdoor-a75bacc38d2f,v2_unique_obstacles,outdoor,241,120.3999999999953,95.84292784022509,9,9,0,0,7.965645662379935,True,1,2026-09-14T02:57:34.201597+00:00,97474117
outdoor-1d6ea401858a,v2_unique_obstacles,outdoor,111,55.39999999999899,39.4623201705895,3,3,0,0,4.26595388962197,True,2,2026-09-14T02:58:11.121829+00:00,64445051
indoor-98d4a60ba449,v2_unique_obstacles,indoor,76,37.95000000000033,23.39779879621681,7,7,0,9,1.0,False,11,2026-09-14T02:58:22.265181+00:00,65765668
indoor-1ba254bad3ac,v2_unique_obstacles,indoor,140,69.89999999999924,37.52043200261773,10,10,0,9,1.0,False,7,2026-09-14T02:58:44.766326+00:00,140742208
outdoor-227b26ac5d5b,v2_unique_obstacles,outdoor,132,65.7999999999984,46.95413784828945,6,6,0,0,4.791899313603176,True,1,2026-09-14T02:59:04.160575+00:00,57059319
outdoor-45af738a9ea2,v2_unique_obstacles,outdoor,126,62.79999999999857,48.307003438108794,6,6,0,0,4.945970461881497,False,1,2026-09-14T02:59:14.293299+00:00,63126533
indoor-ab433e04c018,v2_unique_obstacles,indoor,152,75.8999999999989,31.31193391542493,9,9,0,8,1.0,False,8,2026-09-14T02:59:31.409241+00:00,142135892
outdoor-dc0fda928aa9,v2_unique_obstacles,outdoor,131,65.19999999999844,49.088743754870784,6,6,0,0,5.0164152477688395,False,1,2026-09-14T02:59:37.713669+00:00,43991031
indoor-43a1ec465319,v2_unique_obstacles,indoor,176,87.89999999999822,41.1224271743468,12,12,0,9,1.0,False,16,2026-09-14T02:59:49.522677+00:00,150395932
outdoor-708bb3c88445,v2_unique_obstacles,outdoor,128,63.79999999999851,50.28570578506565,5,5,0,0,4.825625860253448,False,1,2026-09-14T03:00:41.139840+00:00,78888988
outdoor-7b71e10e7a31,v2_unique_obstacles,outdoor,198,98.79999999999653,71.74110882092057,8,8,0,0,7.079147818848618,False,1,2026-09-14T03:00:45.406790+00:00,192203663
outdoor-6db1c2a365ab,v2_unique_obstacles,outdoor,162,80.79999999999755,62.85210716135123,7,7,0,0,6.782070217554782,True,3,2026-09-14T03:00:56.457675+00:00,129064857
indoor-04d48c7f19a4,v2_unique_obstacles,indoor,86,42.900000000000404,22.691242985928184,6,6,0,10,1.0,False,1,2026-09-14T03:01:36.034004+00:00,59416448
outdoor-ec3150723d88,v2_unique_obstacles,outdoor,225,111.99999999999578,94.12840863460355,8,8,0,0,9.052573292758769,True,1,2026-09-14T03:01:58.181567+00:00,73033950
indoor-3e2c7c6f2644,v2_unique_obstacles,indoor,176,87.89999999999822,50.670452770284925,14,14,0,10,1.0,False,4,2026-09-14T03:02:58.988400+00:00,84504989
outdoor-2a0a3d3c30e1,v2_unique_obstacles,outdoor,242,120.79999999999528,96.00817726177223,9,9,0,0,7.81994822349616,True,1,2026-09-14T03:03:17.287592+00:00,81101588
indoor-c7b21f0e9914,v2_unique_obstacles,indoor,36,17.70000000000005,26.01232294907734,8,8,0,8,1.0,False,19,2026-09-14T03:03:21.263887+00:00,46210681
outdoor-9d1eb77d96b4,v2_unique_obstacles,outdoor,388,193.60000000000977,152.4073445585995,15,15,0,0,8.131800546701632,True,1,2026-09-14T03:04:00.130708+00:00,307266931
indoor-9be3062a252f,v2_unique_obstacles,indoor,242,120.59999999999636,51.80874958860734,15,15,0,12,1.0,False,8,2026-09-14T03:04:06.618720+00:00,188889289
outdoor-442510f4613d,v2_unique_obstacles,outdoor,144,71.79999999999806,48.6267368754444,6,6,0,0,4.167604917443865,True,1,2026-09-14T03:04:57.505325+00:00,76828857
outdoor-59c71e53cbae,v2_unique_obstacles,outdoor,357,178.20000000000627,136.31423917135675,14,14,0,0,7.732682750384011,True,1,2026-09-14T03:05:06.973323+00:00,278762482
outdoor-655501cd5440,v2_unique_obstacles,outdoor,138,68.79999999999824,49.00466623660128,5,5,0,0,5.230759705203127,False,1,2026-09-14T03:05:48.216650+00:00,132951033
indoor-7bb243cfe889,v2_unique_obstacles,indoor,93,46.20000000000046,29.72806608357382,8,8,0,9,1.0,False,4,2026-09-14T03:06:10.042693+00:00,85747099
indoor-5490f00df3f6,v2_unique_obstacles,indoor,149,74.099999999999,33.87544861341449,10,10,0,8,1.0,False,19,2026-09-14T03:06:20.549245+00:00,112294972
indoor-279f0c4a7190,v2_unique_obstacles,indoor,155,77.09999999999883,35.79441486224126,10,10,0,8,1.0,False,19,2026-09-14T03:06:39.630668+00:00,107742780
outdoor-0bb15822648e,v2_unique_obstacles,outdoor,135,66.99999999999834,52.23118469232672,5,5,0,0,5.755373915147383,False,1,2026-09-14T03:06:45.980325+00:00,54023401
indoor-f8b120162d05,v2_unique_obstacles,indoor,99,49.200000000000415,20.30349080603108,6,6,0,11,1.0,False,5,2026-09-14T03:07:19.498556+00:00,71551653
indoor-11c7b00a588f,v2_unique_obstacles,indoor,115,57.299999999999955,21.89380592234112,8,8,0,12,1.0,False,1,2026-09-14T03:07:24.650895+00:00,72641482
outdoor-b33e7346a8df,v2_unique_obstacles,outdoor,43,21.40000000000017,18.713647491581476,2,2,0,0,3.1249959328168377,True,1,2026-09-14T03:07:42.912597+00:00,33666482
outdoor-3cdcfd2d26bd,v2_unique_obstacles,outdoor,235,117.19999999999548,89.92923222652155,8,8,0,0,6.4271336362108205,True,1,2026-09-14T03:08:07.199004+00:00,165976635
indoor-7e7e646d763e,v2_unique_obstacles,indoor,131,65.3999999999995,28.07636880630093,9,9,0,12,1.0,False,9,2026-09-14T03:08:26.553959+00:00,99783451
indoor-f9ed1f321ba9,v2_unique_obstacles,indoor,169,83.99999999999844,37.82038913552634,12,12,0,8,1.0,False,10,2026-09-14T03:08:32.305658+00:00,182477871
indoor-f9e6f016fe14,v2_unique_obstacles,indoor,268,133.7999999999956,58.11191360719973,17,17,0,8,1.0,False,1,2026-09-14T03:09:41.491541+00:00,146781087
indoor-59f5784ecae6,v2_unique_obstacles,indoor,193,95.99999999999775,42.65889271780425,14,14,0,11,1.0,False,1,2026-09-14T03:09:42.033670+00:00,151213062
indoor-8b1b367602f6,v2_unique_obstacles,indoor,190,94.49999999999784,50.06979306646154,16,16,0,10,1.0,False,2,2026-09-14T03:09:49.957105+00:00,93619463
indoor-28266afe189f,v2_unique_obstacles,indoor,157,77.99999999999878,32.12883535530437,10,10,0,12,1.0,False,13,2026-09-14T03:10:00.328925+00:00,170988540
indoor-2cec13e1484d,v2_unique_obstacles,indoor,170,84.89999999999839,30.481921987673445,8,8,0,8,1.0,False,15,2026-09-14T03:10:13.646147+00:00,107627990
outdoor-c93823fa3ebf,v2_unique_obstacles,outdoor,125,62.1999999999986,49.99163514342419,6,6,0,0,4.6600580715927356,True,1,2026-09-14T03:10:27.460619+00:00,65393183
outdoor-edb9b7e8ed7d,v2_unique_obstacles,outdoor,104,51.599999999999206,43.30112502122792,5,5,0,0,3.4626377516636637,True,1,2026-09-14T03:10:37.691856+00:00,38257749
indoor-2f99c9d0ebc9,v2_unique_obstacles,indoor,184,91.799999999998,40.023750952791126,11,11,0,9,1.0,False,4,2026-09-14T03:11:25.645483+00:00,150369674
outdoor-b02f64d386de,v2_unique_obstacles,outdoor,305,152.4000000000004,114.28946755778121,11,11,0,0,9.970522904496645,True,1,2026-09-14T03:11:31.424301+00:00,104045929
outdoor-b4093ccaaf88,v2_unique_obstacles,outdoor,280,139.5999999999975,116.45297068867796,12,12,0,0,7.036848186323937,True,1,2026-09-14T03:11:46.965863+00:00,162153832
indoor-b56f991059ba,v2_unique_obstacles,indoor,101,50.100000000000364,21.705769437975576,8,8,0,11,1.0,False,5,2026-09-14T03:11:51.986023+00:00,112435392
outdoor-bc5b8a1c4f30,v2_unique_obstacles,outdoor,85,42.39999999999973,30.907113063023075,4,4,0,0,3.1002321908569566,False,1,2026-09-14T03:12:03.392974+00:00,59898200
outdoor-b154aa238392,v2_unique_obstacles,outdoor,228,113.59999999999569,87.69173259154046,9,9,0,0,6.978065822438644,True,2,2026-09-14T03:12:14.438553+00:00,103872689
outdoor-c6f079ef3f16,v2_unique_obstacles,outdoor,105,52.39999999999916,42.05799106882566,5,5,0,0,3.694813044021266,True,1,2026-09-14T03:12:19.302508+00:00,101189340
outdoor-f24adf1dce95,v2_unique_obstacles,outdoor,169,83.99999999999737,61.117928570961524,7,7,0,0,7.220057443486391,True,1,2026-09-14T03:12:53.663575+00:00,83162256
outdoor-9ef02a570514,v2_unique_obstacles,outdoor,158,78.59999999999768,64.43302948096091,6,6,0,0,6.927379594488167,False,1,2026-09-14T03:13:15.476573+00:00,110069184
indoor-baccfa60f1c4,v2_unique_obstacles,indoor,239,119.39999999999642,50.91772176689986,15,15,0,9,1.0,False,2,2026-09-14T03:13:33.049129+00:00,207278283
outdoor-7c6d18931e11,v2_unique_obstacles,outdoor,275,137.19999999999695,107.28627108851505,10,10,0,0,8.512129019405002,True,1,2026-09-14T03:14:00.340285+00:00,119016811
indoor-80b49243f629,v2_unique_obstacles,indoor,127,63.29999999999961,24.761879017247985,6,6,0,9,1.0,False,4,2026-09-14T03:14:03.287738+00:00,126837326
outdoor-bc462c67b4c8,v2_unique_obstacles,outdoor,147,73.19999999999798,55.54801924328328,6,6,0,0,4.282457520444608,True,1,2026-09-14T03:14:12.800490+00:00,73725501
indoor-75111f3ef526,v2_unique_obstacles,indoor,118,58.499999999999886,22.638398458080808,7,7,0,9,1.0,False,17,2026-09-14T03:14:50.557546+00:00,98023205
outdoor-100907553f73,v2_unique_obstacles,outdoor,154,76.79999999999778,61.9946196490659,5,5,0,0,3.2618567773591227,True,1,2026-09-14T03:14:56.580175+00:00,78450327
indoor-19921b1019e3,v2_unique_obstacles,indoor,106,52.50000000000023,28.931446352940526,10,10,0,10,1.0,False,8,2026-09-14T03:15:10.388021+00:00,116950814
outdoor-01cff9307c6c,v2_unique_obstacles,outdoor,169,84.19999999999736,64.52176274055819,6,6,0,0,5.402995108571357,True,1,2026-09-14T03:16:11.456396+00:00,59591387
indoor-b47d712025c3,v2_unique_obstacles,indoor,146,72.89999999999907,34.10170845738486,9,9,0,12,1.0,False,6,2026-09-14T03:16:33.496929+00:00,128975995
indoor-25691b572c65,v2_unique_obstacles,indoor,197,98.39999999999762,51.41050213287557,14,14,0,9,1.0,False,5,2026-09-14T03:16:43.709931+00:00,170021294
indoor-39417285ffca,v2_unique_obstacles,indoor,88,43.80000000000042,20.01856920124763,5,5,0,12,1.0,False,18,2026-09-14T03:17:18.164140+00:00,74602665
outdoor-7868b55d087e,v2_unique_obstacles,outdoor,122,60.79999999999868,49.78629957611108,4,4,0,0,4.569372247878928,False,1,2026-09-14T03:17:32.353242+00:00,64013440
indoor-30ddb6d424ee,v2_unique_obstacles,indoor,105,52.200000000000244,20.536349089735698,6,6,0,8,1.0,False,7,2026-09-14T03:17:50.699294+00:00,70153686
outdoor-236560fd5264,v2_unique_obstacles,outdoor,341,170.4000000000045,134.76101982386427,14,14,0,0,9.953019490128987,True,1,2026-09-14T03:18:28.073638+00:00,113378449
outdoor-8fbb7710846b,v2_unique_obstacles,outdoor,154,76.59999999999779,55.01028547534412,7,7,0,0,5.249114287250592,False,1,2026-09-14T03:18:31.544946+00:00,51072352
indoor-ca6d3812513a,v2_unique_obstacles,indoor,249,124.19999999999615,51.56182493694184,14,14,0,9,1.0,False,1,2026-09-14T03:18:59.684268+00:00,174214153
indoor-ecb40c76cf77,v2_unique_obstacles,indoor,85,42.0000000000004,28.14463472500295,9,9,0,9,1.0,False,11,2026-09-14T03:19:50.095459+00:00,100601325
indoor-2448b23a4e61,v2_unique_obstacles,indoor,163,81.29999999999859,33.96886172802145,10,10,0,10,1.0,False,17,2026-09-14T03:19:51.964593+00:00,154067991
outdoor-b634a0258420,v2_unique_obstacles,outdoor,247,123.39999999999513,95.08462750483902,9,9,0,0,7.868236451891736,True,1,2026-09-14T03:19:53.853104+00:00,123303809
indoor-dbed737d2fb4,v2_unique_obstacles,indoor,234,116.69999999999658,46.5809984187152,14,14,0,8,1.0,False,2,2026-09-14T03:20:33.207011+00:00,186258744
indoor-fd76f50d385f,v2_unique_obstacles,indoor,107,53.10000000000019,21.876533671049902,8,8,0,8,1.0,False,1,2026-09-14T03:20:39.374697+00:00,86519673
outdoor-5f6f1573662a,v2_unique_obstacles,outdoor,286,142.59999999999818,112.1714682448586,10,10,0,0,8.984388854616359,True,1,2026-09-14T03:21:31.361136+00:00,97622574
outdoor-6c279801104b,v2_unique_obstacles,outdoor,114,56.59999999999892,42.087782012867294,4,4,0,0,7.476941044685438,True,1,2026-09-14T03:21:31.571532+00:00,78834634
outdoor-5f1fb9dd0565,v2_unique_obstacles,outdoor,344,171.80000000000481,127.67154102815913,13,13,0,0,8.808394852689382,True,1,2026-09-14T03:21:44.342064+00:00,323956851
outdoor-371415758680,v2_unique_obstacles,outdoor,179,89.19999999999708,65.71502734785135,7,7,0,0,6.29883575141469,False,1,2026-09-14T03:22:34.410580+00:00,92019035
indoor-d54046f11030,v2_unique_obstacles,indoor,150,74.69999999999897,46.943051765422396,13,13,0,10,1.0,False,4,2026-09-14T03:22:51.676414+00:00,141732561
indoor-bdef313b814f,v2_unique_obstacles,indoor,201,100.19999999999752,37.57961025571379,12,12,0,11,1.0,False,2,2026-09-14T03:22:55.823544+00:00,170663221
indoor-41a4a32a7d94,v2_unique_obstacles,indoor,239,119.09999999999644,52.032101470813956,17,17,0,8,1.0,False,11,2026-09-14T03:23:26.461893+00:00,241407169
outdoor-1c47a141cb1d,v2_unique_obstacles,outdoor,101,49.9999999999993,40.756443035594664,3,3,0,0,3.6702099408880495,True,1,2026-09-14T03:23:34.480442+00:00,65285041
outdoor-20187252bdf9,v2_unique_obstacles,outdoor,112,55.59999999999898,41.949169969005354,3,3,0,0,4.491646153592478,True,1,2026-09-14T03:23:40.062125+00:00,36945840
indoor-1c42580f6800,v2_unique_obstacles,indoor,169,83.99999999999844,33.84458579462448,11,11,0,12,1.0,False,10,2026-09-14T03:23:56.398217+00:00,137360097
outdoor-4653d29d689a,v2_unique_obstacles,outdoor,92,45.799999999999535,35.45125213940917,3,3,0,0,3.292519657661681,False,1,2026-09-14T03:24:04.666074+00:00,44369555
outdoor-a00ad45f6b0e,v2_unique_obstacles,outdoor,134,66.59999999999836,49.02121273317604,6,6,0,0,4.852733864434286,False,1,2026-09-14T03:24:24.698445+00:00,66129397
outdoor-1f2d9faaa558,v2_unique_obstacles,outdoor,117,58.39999999999882,39.3285292216487,3,3,0,0,3.686089704197645,False,1,2026-09-14T03:24:48.962129+00:00,82430957
indoor-044344ad33bc,v2_unique_obstacles,indoor,236,117.59999999999653,55.743035859204184,16,16,0,9,1.0,False,10,2026-09-14T03:24:59.615684+00:00,166603092
indoor-125eab6122ea,v2_unique_obstacles,indoor,111,55.200000000000074,20.50667728173599,6,6,0,9,1.0,False,6,2026-09-14T03:25:03.730071+00:00,96904244
outdoor-0cacec6db229,v2_unique_obstacles,outdoor,227,113.19999999999571,92.20424159289169,8,8,0,0,7.3000861056738096,True,1,2026-09-14T03:25:38.237376+00:00,178331700
indoor-c96dbc7a8f60,v2_unique_obstacles,indoor,170,84.5999999999984,40.45355777152727,11,11,0,10,1.0,False,7,2026-09-14T03:25:45.770187+00:00,114806623
outdoor-f667bfafe5b4,v2_unique_obstacles,outdoor,216,107.79999999999605,79.04842022174144,8,8,0,0,7.689800944780167,True,1,2026-09-14T03:26:03.287425+00:00,77343135
indoor-f63eb3b7f485,v2_unique_obstacles,indoor,127,62.99999999999963,25.725350258985504,7,7,0,11,1.0,False,6,2026-09-14T03:26:20.076269+00:00,118095042
outdoor-5644f9fda980,v2_unique_obstacles,outdoor,211,104.99999999999618,76.43239310811401,7,7,0,0,7.830397236406977,False,1,2026-09-14T03:26:55.744175+00:00,164220351
outdoor-3afea2fcf940,v2_unique_obstacles,outdoor,289,144.39999999999858,114.65231293157898,11,11,0,0,7.087902718098802,True,2,2026-09-14T03:27:12.276054+00:00,184164819
indoor-146b226f2cbd,v2_unique_obstacles,indoor,134,66.89999999999941,33.0588664067103,9,9,0,10,1.0,False,5,2026-09-14T03:27:51.970920+00:00,107371914
indoor-732b6c2c44d3,v2_unique_obstacles,indoor,230,114.89999999999668,47.33250395541431,14,14,0,12,1.0,False,14,2026-09-14T03:28:15.866908+00:00,180860360
indoor-b9efb5b12439,v2_unique_obstacles,indoor,125,62.09999999999968,27.85397134321718,7,7,0,12,1.0,False,14,2026-09-14T03:28:18.870199+00:00,104485407
indoor-1e138043478d,v2_unique_obstacles,indoor,221,110.24999999999697,41.42693127628466,13,13,0,11,1.0,False,2,2026-09-14T03:28:43.053121+00:00,203437719
outdoor-639376ffa7e0,v2_unique_obstacles,outdoor,195,97.39999999999661,74.533078571341,7,7,0,0,7.3643995303678285,False,1,2026-09-14T03:28:54.548137+00:00,152104490
indoor-c2c1bc68f9c0,v2_unique_obstacles,indoor,173,86.09999999999832,49.496775428653194,14,14,0,9,1.0,False,3,2026-09-14T03:30:00.906644+00:00,198500165
indoor-ad295fb83a0f,v2_unique_obstacles,indoor,167,83.39999999999847,41.88771349611278,13,13,0,10,1.0,False,19,2026-09-14T03:30:09.333349+00:00,110310463
indoor-35e1de85cf72,v2_unique_obstacles,indoor,103,51.00000000000031,31.783863852363837,10,10,0,10,1.0,False,12,2026-09-14T03:30:21.109497+00:00,84568776
indoor-fbaa455db3cd,v2_unique_obstacles,indoor,114,56.69999999999999,28.9735260189533,10,10,0,12,1.0,False,13,2026-09-14T03:30:28.339679+00:00,76787534
indoor-dee6bf80732d,v2_unique_obstacles,indoor,118,58.499999999999886,30.91240847713197,8,8,0,8,1.0,False,7,2026-09-14T03:30:38.836440+00:00,96123689
outdoor-bc8ff5f767af,v2_unique_obstacles,outdoor,129,64.1999999999985,50.852009303932874,4,4,0,0,4.9404181759247905,True,1,2026-09-14T03:31:26.898016+00:00,92562580
outdoor-3d6ec36a1781,v2_unique_obstacles,outdoor,182,90.599999999997,64.28984760471596,5,5,0,0,6.42408612227436,False,1,2026-09-14T03:31:30.479964+00:00,116669040
indoor-7c257f9c75a4,v2_unique_obstacles,indoor,152,75.8999999999989,35.63368653904828,10,10,0,8,1.0,False,1,2026-09-14T03:32:28.078194+00:00,93853398
indoor-14c07a8be808,v2_unique_obstacles,indoor,196,97.49999999999767,38.854680471732784,11,11,0,12,1.0,False,12,2026-09-14T03:32:43.760294+00:00,215771939
outdoor-a40ab5bd97d1,v2_unique_obstacles,outdoor,231,115.1999999999956,85.1620968858955,8,8,0,0,8.449138574953803,False,1,2026-09-14T03:33:03.051911+00:00,114171413
outdoor-1ebb9336caa9,v2_unique_obstacles,outdoor,103,50.99999999999924,37.46503558285895,3,3,0,0,4.1664532061680415,False,1,2026-09-14T03:33:51.208572+00:00,40292579
outdoor-25d7bbd449dd,v2_unique_obstacles,outdoor,179,89.39999999999706,68.50615815967966,8,8,0,0,7.215170328977036,True,1,2026-09-14T03:34:02.307578+00:00,146608855
outdoor-ba854c34274f,v2_unique_obstacles,outdoor,207,102.99999999999629,79.07732124745104,8,8,0,0,8.62971264456342,True,1,2026-09-14T03:34:06.578692+00:00,136308657
outdoor-0209e7d91922,v2_unique_obstacles,outdoor,292,145.7999999999989,112.83311503233028,12,12,0,0,9.369037190292735,True,2,2026-09-14T03:34:28.548618+00:00,107230842
indoor-f552c9e6a1a7,v2_unique_obstacles,indoor,178,88.49999999999818,35.219230883423414,10,10,0,10,1.0,False,8,2026-09-14T03:34:45.972287+00:00,174721117
outdoor-233c0f5d3be9,v2_unique_obstacles,outdoor,241,120.3999999999953,87.68402711560509,10,10,0,0,9.47276013162322,False,1,2026-09-14T03:35:36.036363+00:00,99868349
indoor-48d3759db4e9,v2_unique_obstacles,indoor,240,119.69999999999641,47.26349465994959,15,15,0,9,1.0,False,1,2026-09-14T03:35:41.367676+00:00,245314685
outdoor-19310832f5ff,v2_unique_obstacles,outdoor,164,81.59999999999751,62.82219883937335,7,7,0,0,6.601913788415611,False,1,2026-09-14T03:35:42.663910+00:00,99555389
indoor-51e7352c9d1d,v2_unique_obstacles,indoor,124,61.7999999999997,35.238297024032974,11,11,0,9,1.0,False,9,2026-09-14T03:36:00.536484+00:00,102487615
outdoor-23217257696c,v2_unique_obstacles,outdoor,115,57.399999999998876,51.53537193249472,5,5,0,0,3.637848781136377,True,1,2026-09-14T03:36:30.853975+00:00,66862869
indoor-0f6ddb2f658e,v2_unique_obstacles,indoor,72,35.7000000000003,28.349554860819755,8,8,0,8,1.0,False,11,2026-09-14T03:36:35.438178+00:00,42981667
outdoor-01b6f2c18d3a,v2_unique_obstacles,outdoor,190,94.79999999999676,71.48318279255476,6,6,0,0,7.103293283218735,False,1,2026-09-14T03:37:26.834309+00:00,76912080
indoor-115785acb920,v2_unique_obstacles,indoor,233,116.3999999999966,47.94420137548599,13,13,0,8,1.0,False,5,2026-09-14T03:39:01.461076+00:00,179166790
indoor-232b94263704,v2_unique_obstacles,indoor,116,57.59999999999994,21.56891312101666,5,5,0,9,1.0,False,5,2026-09-14T03:39:34.569321+00:00,86771955
indoor-6808211ce272,v2_unique_obstacles,indoor,146,72.59999999999908,37.1082271045227,10,10,0,11,1.0,False,15,2026-09-14T03:39:41.550835+00:00,107901524
outdoor-dccda6237e14,v2_unique_obstacles,outdoor,253,125.99999999999498,101.07766794896085,9,9,0,0,5.486707010730545,True,2,2026-09-14T03:39:55.015871+00:00,164869870
indoor-ba2f0f7f6496,v2_unique_obstacles,indoor,223,111.29999999999688,56.648087645167195,16,16,0,8,1.0,False,8,2026-09-14T03:40:06.808128+00:00,129288059
indoor-193d2de87aa0,v2_unique_obstacles,indoor,193,95.99999999999775,45.0906670365474,15,15,0,10,1.0,False,3,2026-09-14T03:42:51.508808+00:00,158964683
outdoor-846a8fd9c22b,v2_unique_obstacles,outdoor,228,113.79999999999568,87.30445268818045,9,9,0,0,8.037916958896764,True,1,2026-09-14T03:43:00.054034+00:00,178668577
indoor-71c0f5d60b60,v2_unique_obstacles,indoor,149,74.099999999999,33.451140000032034,11,11,0,8,1.0,False,9,2026-09-14T03:43:03.034907+00:00,118204310
indoor-b74f2bfd283c,v2_unique_obstacles,indoor,137,68.09999999999934,28.71288291109532,9,9,0,10,1.0,False,10,2026-09-14T03:43:38.051054+00:00,109357201
outdoor-80d977c15b66,v2_unique_obstacles,outdoor,209,104.39999999999621,77.06612519073657,8,8,0,0,7.39366453893055,False,1,2026-09-14T03:44:01.656146+00:00,84947794
outdoor-0c5a44114796,v2_unique_obstacles,outdoor,83,41.1999999999998,35.277154373241835,4,4,0,0,3.9068432613248447,False,1,2026-09-14T03:45:36.905417+00:00,77268769
indoor-ec01eead7abd,v2_unique_obstacles,indoor,179,89.39999999999813,52.91868218465335,15,15,0,9,1.0,False,1,2026-09-14T03:47:08.322054+00:00,142965174
indoor-4344c9f24c70,v2_unique_obstacles,indoor,140,69.89999999999924,26.746160189468604,9,9,0,8,1.0,False,3,2026-09-14T03:48:25.247976+00:00,96968910
outdoor-b67047190293,v2_unique_obstacles,outdoor,241,120.3999999999953,81.81045294183379,9,9,0,0,7.599102578345805,False,1,2026-09-14T03:48:26.645015+00:00,159755831
indoor-afd1a45fc4bc,v2_unique_obstacles,indoor,247,123.2999999999962,49.63525335028525,14,14,0,9,1.0,False,7,2026-09-14T03:49:31.141161+00:00,133540717
indoor-4a3842dec75c,v2_unique_obstacles,indoor,117,58.34999999999988,39.6492951917004,13,13,0,12,1.0,False,3,2026-09-14T03:49:41.154742+00:00,75437942
indoor-095b23b50162,v2_unique_obstacles,indoor,67,33.00000000000027,22.451754451460545,6,6,0,9,1.0,False,13,2026-09-14T03:52:00.614174+00:00,58179566
indoor-b52fe81031e5,v2_unique_obstacles,indoor,131,65.09999999999951,27.253213667568293,8,8,0,12,1.0,False,5,2026-09-14T03:53:22.546175+00:00,116027722
indoor-f718956b21be,v2_unique_obstacles,indoor,155,77.39999999999881,36.5389428845793,10,10,0,12,1.0,False,13,2026-09-14T03:53:54.550450+00:00,135800220
outdoor-4df13c200145,v2_unique_obstacles,outdoor,246,122.59999999999518,90.3868362607946,8,8,0,0,8.657134086538285,False,1,2026-09-14T03:54:05.683614+00:00,154772405
indoor-d4c628b410cf,v2_unique_obstacles,indoor,154,76.79999999999885,32.31443989894521,11,11,0,10,1.0,False,17,2026-09-14T03:55:04.866534+00:00,124834698
outdoor-4f2ebe65c4f3,v2_unique_obstacles,outdoor,220,109.8999999999959,67.98846690650967,6,6,0,0,7.506992638789401,False,1,2026-09-14T03:57:08.734906+00:00,84588123
indoor-f58b4d5ab34b,v2_unique_obstacles,indoor,177,88.1999999999982,38.81766517054575,13,13,0,9,1.0,False,3,2026-09-14T03:58:14.922587+00:00,109923782
outdoor-bd47116990cc,v2_unique_obstacles,outdoor,226,112.79999999999573,84.37308544864118,7,7,0,0,8.98528557256321,False,1,2026-09-14T03:58:43.923543+00:00,69378431
outdoor-336275b40d21,v2_unique_obstacles,outdoor,275,136.9999999999969,100.42833463568785,11,11,0,0,9.840729310550635,True,1,2026-09-14T03:59:43.846275+00:00,139285573
indoor-524674a77f98,v2_unique_obstacles,indoor,134,66.59999999999943,29.482869159183885,9,9,0,10,1.0,False,8,2026-09-14T04:00:13.382152+00:00,100318056
outdoor-7035595bd917,v2_unique_obstacles,outdoor,91,45.19999999999957,38.446602759423314,3,3,0,0,3.3809980936862054,True,1,2026-09-14T04:00:26.676600+00:00,39761985
indoor-bda046725e4d,v2_unique_obstacles,indoor,110,54.90000000000009,32.22271455586249,9,9,0,11,1.0,False,2,2026-09-14T04:03:14.145529+00:00,91494043
outdoor-b0afc292a66b,v2_unique_obstacles,outdoor,199,99.1999999999965,75.09463375542762,9,9,0,0,7.138214416536961,True,2,2026-09-14T04:04:14.751535+00:00,108507625
outdoor-d8e4968986da,v2_unique_obstacles,outdoor,198,98.59999999999654,66.72887569330032,8,8,0,0,5.61755244674735,True,1,2026-09-14T04:04:16.558984+00:00,79447687
indoor-e309df9855d0,v2_unique_obstacles,indoor,233,116.09999999999661,53.10213418702887,15,15,0,10,1.0,False,8,2026-09-14T04:04:33.492710+00:00,183854354
outdoor-59a307995fca,v2_unique_obstacles,outdoor,230,114.79999999999562,90.92849048909727,9,9,0,0,7.098994163855067,True,1,2026-09-14T04:08:09.469824+00:00,145008675
outdoor-312dfc9d6661,v2_unique_obstacles,outdoor,145,72.39999999999803,49.858202515999196,6,6,0,0,5.02752840209658,False,1,2026-09-14T04:08:32.825329+00:00,146259684
indoor-1abfaa9a04d7,v2_unique_obstacles,indoor,209,104.39999999999728,49.81839083205447,14,14,0,12,1.0,False,3,2026-09-14T04:09:01.196322+00:00,161047684
indoor-83441afd4e54,v2_unique_obstacles,indoor,129,64.19999999999956,28.882567500071737,9,9,0,12,1.0,False,16,2026-09-14T04:09:18.599734+00:00,101728692
indoor-aefade5dc324,v2_unique_obstacles,indoor,136,67.49999999999937,24.238341111735373,8,8,0,11,1.0,False,3,2026-09-14T04:12:34.334635+00:00,102800589
indoor-dfa516542b4e,v2_unique_obstacles,indoor,161,80.09999999999866,54.67687895849557,17,17,0,12,1.0,False,2,2026-09-14T04:12:44.946899+00:00,112102835
indoor-92cea1f7f73d,v2_unique_obstacles,indoor,112,55.50000000000006,23.6622146819945,7,7,0,9,1.0,False,10,2026-09-14T04:12:49.682628+00:00,105099194
outdoor-8445adf3482b,v2_unique_obstacles,outdoor,235,117.39999999999547,91.40631993171922,8,8,0,0,7.271938515920549,True,1,2026-09-14T04:14:21.323799+00:00,222561617
indoor-8335f4ee3877,v2_unique_obstacles,indoor,142,70.79999999999919,28.914489493642783,9,9,0,9,1.0,False,1,2026-09-14T04:14:52.623284+00:00,77314035
outdoor-2048da82be7f,v2_unique_obstacles,outdoor,201,100.19999999999645,78.17537799624596,8,8,0,0,5.712949196313302,True,1,2026-09-14T04:15:10.173238+00:00,67828860
outdoor-130b52c29dfd,v2_unique_obstacles,outdoor,231,115.39999999999559,83.78572177573498,9,9,0,0,8.50280051401629,False,1,2026-09-14T04:15:28.387078+00:00,185157200
outdoor-68130b4dc191,v2_unique_obstacles,outdoor,199,98.99999999999652,71.07612969939824,8,8,0,0,7.739229917366078,False,1,2026-09-14T04:15:52.248291+00:00,61817995
outdoor-c517a28d8af8,v2_unique_obstacles,outdoor,134,66.59999999999836,54.804847382508285,4,4,0,0,4.568153154472185,True,1,2026-09-14T04:16:09.341452+00:00,43752254
outdoor-f5550e704dc4,v2_unique_obstacles,outdoor,149,74.39999999999792,55.411036912041475,5,5,0,0,5.743193111133911,False,1,2026-09-14T04:17:02.768816+00:00,103087790
outdoor-c7c992bad388,v2_unique_obstacles,outdoor,138,68.59999999999825,49.05935382547214,4,4,0,0,5.287793570602119,False,1,2026-09-14T04:17:25.396892+00:00,136560417
indoor-9e52a5c4c334,v2_unique_obstacles,indoor,159,79.19999999999871,35.295944465489704,11,11,0,8,1.0,False,7,2026-09-14T04:17:42.704679+00:00,139629692
indoor-de99746418f7,v2_unique_obstacles,indoor,149,74.39999999999898,34.69914576225931,9,9,0,11,1.0,False,15,2026-09-14T04:18:04.583087+00:00,94703631
outdoor-904f34ab4f00,v2_unique_obstacles,outdoor,107,52.999999999999126,39.87661368604665,3,3,0,0,3.911405569744748,False,1,2026-09-14T04:18:32.268258+00:00,40346473
outdoor-9cb7cab82034,v2_unique_obstacles,outdoor,169,84.39999999999735,62.36551639292616,5,5,0,0,8.770672050685747,True,1,2026-09-14T04:20:04.079872+00:00,107689872
indoor-b22e6881ea14,v2_unique_obstacles,indoor,116,57.89999999999992,21.44089200632404,6,6,0,10,1.0,False,10,2026-09-14T04:20:12.485796+00:00,117954997
outdoor-2bbb376f32d8,v2_unique_obstacles,outdoor,262,130.59999999999545,92.50977187835673,8,8,0,0,9.499376576534043,False,1,2026-09-14T04:21:49.443204+00:00,152397155
indoor-e49a03992f22,v2_unique_obstacles,indoor,105,52.200000000000244,30.046696482331217,8,8,0,9,1.0,False,1,2026-09-14T04:22:18.134524+00:00,108015667
outdoor-9ac401798f41,v2_unique_obstacles,outdoor,110,54.599999999999035,44.32439058941607,5,5,0,0,3.475022376421966,True,3,2026-09-14T04:22:19.860289+00:00,48492565
indoor-9e7a5d5d1915,v2_unique_obstacles,indoor,167,83.09999999999849,30.95698849936462,8,8,0,11,1.0,False,2,2026-09-14T04:22:42.526034+00:00,117278827
indoor-9885a58ec493,v2_unique_obstacles,indoor,106,52.50000000000023,21.57243153130328,5,5,0,8,1.0,False,5,2026-09-14T04:24:37.207350+00:00,75730843
outdoor-780445e175e9,v2_unique_obstacles,outdoor,202,100.79999999999642,73.58498766338505,8,8,0,0,7.088991361523428,True,1,2026-09-14T04:24:45.870105+00:00,69870087
indoor-c9a3d20d9906,v2_unique_obstacles,indoor,125,62.09999999999968,26.403104116413793,8,8,0,11,1.0,False,13,2026-09-14T04:25:47.765126+00:00,108863996
indoor-81a262c5c855,v2_unique_obstacles,indoor,56,27.60000000000019,21.537016349912676,7,7,0,10,1.0,False,3,2026-09-14T04:26:14.571823+00:00,46870231
outdoor-11051e5e3f21,v2_unique_obstacles,outdoor,360,179.80000000000663,129.8298540700513,12,12,0,0,8.028437072097379,True,1,2026-09-14T04:26:22.049726+00:00,187317420
outdoor-634d29811e61,v2_unique_obstacles,outdoor,214,106.59999999999609,88.22533349581781,9,9,0,0,9.281601003076162,True,1,2026-09-14T04:27:25.110608+00:00,77423747
outdoor-8b3b97e93d3d,v2_unique_obstacles,outdoor,136,67.5999999999983,50.96104809125269,4,4,0,0,5.154783493474644,False,1,2026-09-14T04:27:40.855485+00:00,94649120
outdoor-f36df6b23292,v2_unique_obstacles,outdoor,262,130.7999999999955,102.22050178229148,10,10,0,0,8.864522438379552,True,1,2026-09-14T04:29:01.495344+00:00,203453780
outdoor-21c2b066efab,v2_unique_obstacles,outdoor,173,86.19999999999725,62.82159061707713,5,5,0,0,6.621012133831464,False,1,2026-09-14T04:29:14.663164+00:00,68715509
outdoor-0d95db741387,v2_unique_obstacles,outdoor,193,95.99999999999669,69.07186159393865,8,8,0,0,6.725285381706322,False,1,2026-09-14T04:29:22.142013+00:00,75064839
indoor-5b9372fb0dac,v2_unique_obstacles,indoor,203,101.09999999999746,43.112565025065464,12,12,0,8,1.0,False,11,2026-09-14T04:29:32.140991+00:00,222009534
outdoor-ca5b0c8a8c76,v2_unique_obstacles,outdoor,144,71.79999999999806,59.8406913756439,6,6,0,0,4.875216566107429,True,1,2026-09-14T04:30:13.915694+00:00,80325687
outdoor-58e6af1321e1,v2_unique_obstacles,outdoor,243,121.19999999999526,86.20137017146685,8,8,0,0,8.789823175169875,False,1,2026-09-14T04:30:22.198113+00:00,191132664
outdoor-bf84f632d466,v2_unique_obstacles,outdoor,118,58.799999999998796,46.34558995584005,4,4,0,0,4.829271358284459,True,1,2026-09-14T04:30:22.752247+00:00,65701554
indoor-8b4778c355bf,v2_unique_obstacles,indoor,202,100.79999999999748,34.76923460211904,11,11,0,11,1.0,False,6,2026-09-14T04:31:08.393413+00:00,220630936
indoor-8bc4a5d68f74,v2_unique_obstacles,indoor,110,54.90000000000009,21.224856038105646,6,6,0,10,1.0,False,2,2026-09-14T04:31:25.563110+00:00,82034388
outdoor-896deec9e279,v2_unique_obstacles,outdoor,242,120.79999999999528,89.77595689396472,9,9,0,0,8.33544477587741,True,1,2026-09-14T04:32:01.833549+00:00,175794504
indoor-6a386850ae27,v2_unique_obstacles,indoor,104,51.90000000000026,29.38831588496614,8,8,0,10,1.0,False,2,2026-09-14T04:32:20.275660+00:00,69342295
indoor-480840b6be4b,v2_unique_obstacles,indoor,175,87.29999999999825,39.48273734193988,13,13,0,11,1.0,False,10,2026-09-14T04:32:41.179586+00:00,133317828
indoor-628ce3414e2b,v2_unique_obstacles,indoor,179,89.09999999999815,39.88794130532607,12,12,0,9,1.0,False,5,2026-09-14T04:33:02.525021+00:00,146439891
indoor-1a4495a6d196,v2_unique_obstacles,indoor,106,52.80000000000021,22.34649375810971,7,7,0,12,1.0,False,1,2026-09-14T04:33:05.938924+00:00,51680834
outdoor-d6eb8bb71d53,v2_unique_obstacles,outdoor,259,128.99999999999508,104.06587741841781,11,11,0,0,8.210309167900686,True,1,2026-09-14T04:33:28.675396+00:00,243829531
outdoor-73c0bbbfd7c9,v2_unique_obstacles,outdoor,204,101.59999999999637,77.73018600185392,9,9,0,0,6.374181854218477,True,1,2026-09-14T04:33:57.241284+00:00,138484129
outdoor-254d67e4b825,v2_unique_obstacles,outdoor,225,112.19999999999577,89.60314615651022,8,8,0,0,6.998764552406881,True,2,2026-09-14T04:34:24.609711+00:00,156768401
indoor-01463d032f29,v2_unique_obstacles,indoor,119,59.09999999999985,29.696622647253523,8,8,0,11,1.0,False,3,2026-09-14T04:34:36.079847+00:00,120329419
indoor-04761ca0a05c,v2_unique_obstacles,indoor,199,99.29999999999757,39.40426179415826,12,12,0,10,1.0,False,5,2026-09-14T04:35:05.897648+00:00,176862726
indoor-0fce0dfd3896,v2_unique_obstacles,indoor,77,38.100000000000335,23.656975903296715,8,8,0,11,1.0,False,9,2026-09-14T04:35:28.840441+00:00,63601329
outdoor-8e0608688fae,v2_unique_obstacles,outdoor,91,44.99999999999958,31.435016933961396,3,3,0,0,3.3539404051618216,False,1,2026-09-14T04:35:48.067523+00:00,30593534
indoor-3c4210f04e07,v2_unique_obstacles,indoor,110,54.90000000000009,19.985520404961406,7,7,0,11,1.0,False,5,2026-09-14T04:35:50.186712+00:00,121778197
indoor-1d221eebd2a5,v2_unique_obstacles,indoor,134,66.59999999999943,25.76966248429166,7,7,0,10,1.0,False,8,2026-09-14T04:36:07.190948+00:00,64486253
outdoor-cdf83fc307e9,v2_unique_obstacles,outdoor,97,48.299999999999386,43.375428689215674,3,3,0,0,3.632776312921057,True,1,2026-09-14T04:36:52.671877+00:00,62531138
outdoor-1b66c7f55ae7,v2_unique_obstacles,outdoor,172,85.79999999999727,63.23770419346999,5,5,0,0,6.4016170599936615,True,1,2026-09-14T04:36:54.729078+00:00,69429911
outdoor-27ea5687759a,v2_unique_obstacles,outdoor,256,127.59999999999489,97.5886457448633,9,9,0,0,9.19968336076563,False,1,2026-09-14T04:36:59.773933+00:00,84273495
outdoor-fca514a04e4f,v2_unique_obstacles,outdoor,86,42.59999999999972,32.123933749692426,4,4,0,0,3.216392025458795,False,1,2026-09-14T04:37:28.747458+00:00,43797469
outdoor-fa482286cdc7,v2_unique_obstacles,outdoor,186,92.79999999999687,74.76127391421232,7,7,0,0,7.076619210889353,False,1,2026-09-14T04:37:59.372303+00:00,151841210
indoor-278ba5d6ba4b,v2_unique_obstacles,indoor,283,141.29999999999518,58.59098926050411,17,17,0,12,1.0,False,4,2026-09-14T04:38:04.485760+00:00,194760363
outdoor-b03fd4d624c0,v2_unique_obstacles,outdoor,183,91.19999999999696,74.64260200016318,8,8,0,0,7.524161243962714,False,1,2026-09-14T04:38:35.649468+00:00,120163143
indoor-469f8cc33916,v2_unique_obstacles,indoor,83,41.10000000000038,21.027710791203468,5,5,0,8,1.0,False,2,2026-09-14T04:38:40.361305+00:00,84562378
indoor-508ea90a0bb5,v2_unique_obstacles,indoor,154,76.79999999999885,31.44361591933456,8,8,0,8,1.0,False,1,2026-09-14T04:39:12.619327+00:00,115688330
indoor-d94d309a626d,v2_unique_obstacles,indoor,178,88.79999999999816,33.94216957221293,10,10,0,8,1.0,False,8,2026-09-14T04:39:13.116793+00:00,196120312
indoor-c90af05ce036,v2_unique_obstacles,indoor,95,47.10000000000046,24.142696116171813,7,7,0,8,1.0,False,1,2026-09-14T04:39:26.998965+00:00,96898193
indoor-072020fa6185,v2_unique_obstacles,indoor,156,77.6999999999988,30.862654718127516,10,10,0,12,1.0,False,4,2026-09-14T04:40:03.424008+00:00,132821986
outdoor-0415791b8d3a,v2_unique_obstacles,outdoor,113,55.999999999998956,41.336319938166895,5,5,0,0,3.5620834701324524,True,1,2026-09-14T04:40:09.388429+00:00,61811147
indoor-a58b32aa016f,v2_unique_obstacles,indoor,158,78.89999999999873,49.153577359189526,15,15,0,11,1.0,False,5,2026-09-14T04:40:46.501792+00:00,74932058
indoor-281306bcd87c,v2_unique_obstacles,indoor,128,63.89999999999958,27.118799979034836,7,7,0,11,1.0,False,3,2026-09-14T04:41:16.890241+00:00,71024490
outdoor-4e41c4ea0335,v2_unique_obstacles,outdoor,348,173.80000000000527,141.84076112745595,13,13,0,0,8.736210661016882,True,1,2026-09-14T04:42:03.842517+00:00,231304672
indoor-d24b4b27b0e3,v2_unique_obstacles,indoor,159,79.19999999999871,36.48651030889384,10,10,0,8,1.0,False,17,2026-09-14T04:42:09.068766+00:00,108285446
outdoor-25968cd0f9e2,v2_unique_obstacles,outdoor,266,132.69999999999592,101.98257398354792,11,11,0,0,7.784608857673036,True,2,2026-09-14T04:42:19.649837+00:00,162692557
indoor-215aca26eef1,v2_unique_obstacles,indoor,163,81.29999999999859,36.375158120651065,10,10,0,12,1.0,False,1,2026-09-14T04:42:28.044788+00:00,148262097
outdoor-eaa30d38417b,v2_unique_obstacles,outdoor,87,43.39999999999967,35.35420681215315,4,4,0,0,4.892910795047413,True,1,2026-09-14T04:42:43.646530+00:00,32084350
indoor-2da48f887580,v2_unique_obstacles,indoor,131,65.24999999999949,21.2465086335409,5,5,0,11,1.0,False,2,2026-09-14T04:43:09.193986+00:00,105283772
outdoor-b69080e9d837,v2_unique_obstacles,outdoor,176,87.59999999999717,64.55939125126609,7,7,0,0,6.039266086969563,False,1,2026-09-14T04:43:26.711663+00:00,139026509
indoor-27c23333f185,v2_unique_obstacles,indoor,106,52.50000000000023,26.783822679700307,7,7,0,8,1.0,False,1,2026-09-14T04:43:34.306968+00:00,116788451
outdoor-be065c5f3954,v2_unique_obstacles,outdoor,238,118.5999999999954,86.38355646729129,9,9,0,0,7.306172121387199,True,1,2026-09-14T04:43:52.521838+00:00,187350662
indoor-71c67f59f644,v2_unique_obstacles,indoor,92,45.900000000000446,20.295348678834365,7,7,0,11,1.0,False,5,2026-09-14T04:44:38.765878+00:00,79857260
indoor-2257c4c4be79,v2_unique_obstacles,indoor,224,111.59999999999687,64.08644539433833,20,20,0,10,1.0,False,5,2026-09-14T04:45:13.902188+00:00,192381276
indoor-6e84bbc3f223,v2_unique_obstacles,indoor,96,47.70000000000047,21.58169482350158,6,6,0,10,1.0,False,9,2026-09-14T04:45:22.989935+00:00,87331880
indoor-d3d53d75efa2,v2_unique_obstacles,indoor,104,51.90000000000026,23.05338996156038,6,6,0,8,1.0,False,1,2026-09-14T04:46:03.652267+00:00,102759071
outdoor-f206a5e1b411,v2_unique_obstacles,outdoor,141,70.39999999999814,48.74933725717405,6,6,0,0,4.681986594557909,False,1,2026-09-14T04:46:11.713992+00:00,45744037
indoor-6eb4d6e1447c,v2_unique_obstacles,indoor,275,137.09999999999542,57.30391059271979,18,18,0,10,1.0,False,7,2026-09-14T04:46:14.389389+00:00,154196302
indoor-0b24772a62e9,v2_unique_obstacles,indoor,44,21.90000000000011,25.96701266125157,7,7,0,9,1.0,False,13,2026-09-14T04:46:26.817426+00:00,35345304
indoor-38cf6a40f3d7,v2_unique_obstacles,indoor,200,99.59999999999755,44.171823696799734,12,12,0,10,1.0,False,2,2026-09-14T04:47:39.436458+00:00,139197102
outdoor-4cf075102683,v2_unique_obstacles,outdoor,298,148.79999999999959,105.69056506042455,11,11,0,0,9.765643143140327,False,1,2026-09-14T04:47:53.887911+00:00,194996817
outdoor-444e9bea59bd,v2_unique_obstacles,outdoor,79,39.3999999999999,29.724527478822154,2,2,0,0,3.460235676058773,True,1,2026-09-14T04:48:13.967325+00:00,57579967
outdoor-2f68c3ba28f5,v2_unique_obstacles,outdoor,341,170.20000000000445,129.5899909625461,14,14,0,0,9.254482190272618,True,1,2026-09-14T04:48:28.164092+00:00,138558985
indoor-806817bb5df8,v2_unique_obstacles,indoor,83,41.40000000000039,27.445269685775905,9,9,0,10,1.0,False,2,2026-09-14T04:49:01.081712+00:00,64166845
outdoor-93688f91eb13,v2_unique_obstacles,outdoor,197,97.99999999999658,72.52862650946415,8,8,0,0,7.40362827574791,False,1,2026-09-14T04:49:35.996784+00:00,115975925
outdoor-c42c4b74d3c1,v2_unique_obstacles,outdoor,215,107.39999999999604,87.56239683718127,8,8,0,0,6.052203335046728,True,2,2026-09-14T04:50:28.063985+00:00,111159746
indoor-2c07eda1edbb,v2_unique_obstacles,indoor,177,88.1999999999982,54.471293339293894,16,16,0,10,1.0,False,3,2026-09-14T04:50:43.860164+00:00,138822562
indoor-97e7887ac3c7,v2_unique_obstacles,indoor,143,71.09999999999917,26.485276883229083,7,7,0,9,1.0,False,2,2026-09-14T04:50:50.853236+00:00,149438048
indoor-c10d55bd6df1,v2_unique_obstacles,indoor,59,29.400000000000215,20.53566143263052,5,5,0,11,1.0,False,2,2026-09-14T04:51:08.067090+00:00,48967222
indoor-9a23ab281bb3,v2_unique_obstacles,indoor,205,102.2999999999974,44.38415810318797,13,13,0,9,1.0,False,20,2026-09-14T04:51:28.561832+00:00,83946035
outdoor-ad9cd41b9638,v2_unique_obstacles,outdoor,115,57.399999999998876,39.15837444333929,5,5,0,0,9.59735853459464,True,1,2026-09-14T04:51:30.732327+00:00,46002230
outdoor-758711ecb1d2,v2_unique_obstacles,outdoor,174,86.79999999999721,72.494342093982,6,6,0,0,5.157723399880739,True,1,2026-09-14T04:51:50.375190+00:00,136648746
outdoor-9c3ffd396169,v2_unique_obstacles,outdoor,129,64.0999999999985,46.5800958377325,5,5,0,0,4.383903221866897,False,1,2026-09-14T04:52:20.082462+00:00,64437020
outdoor-d93b4844c529,v2_unique_obstacles,outdoor,153,76.19999999999781,60.39316644448909,6,6,0,0,5.6972476954926385,False,1,2026-09-14T04:52:23.615342+00:00,89091919
indoor-6012fb260de8,v2_unique_obstacles,indoor,162,80.69999999999862,35.371484926548575,11,11,0,10,1.0,False,1,2026-09-14T04:52:53.596147+00:00,101015802
outdoor-a67abbe33023,v2_unique_obstacles,outdoor,200,99.79999999999647,82.8047398554773,7,7,0,0,6.375926794527647,True,1,2026-09-14T04:53:34.345884+00:00,78206875
indoor-9370c6f88776,v2_unique_obstacles,indoor,132,65.69999999999948,24.011349740212516,7,7,0,9,1.0,False,13,2026-09-14T04:53:54.496293+00:00,143325969
outdoor-14f5018c89ea,v2_unique_obstacles,outdoor,346,172.80000000000504,136.39175104497423,14,14,0,0,8.292237922602501,True,1,2026-09-14T04:54:11.504551+00:00,126344703
outdoor-b65d2f62856c,v2_unique_obstacles,outdoor,231,115.39999999999559,90.65502514645583,10,10,0,0,9.78534709707959,False,1,2026-09-14T04:54:52.201396+00:00,72001995
outdoor-66345b8c0b82,v2_unique_obstacles,outdoor,170,84.59999999999734,75.02406088593368,9,9,0,0,6.544777211021097,True,2,2026-09-14T04:55:19.066646+00:00,68320143
outdoor-e07ab93c3e5e,v2_unique_obstacles,outdoor,132,65.7999999999984,45.84909468511498,6,6,0,0,5.555265827391824,True,1,2026-09-14T04:55:46.954639+00:00,89336209
indoor-773b9e9fa53f,v2_unique_obstacles,indoor,234,116.69999999999658,54.972510743095974,17,17,0,11,1.0,False,6,2026-09-14T04:55:59.676410+00:00,196537842
outdoor-92b8efbdb038,v2_unique_obstacles,outdoor,273,136.39999999999677,103.72070076820638,10,10,0,0,9.149061154871474,True,1,2026-09-14T04:56:49.755574+00:00,225379848
indoor-b33e43104996,v2_unique_obstacles,indoor,83,41.40000000000039,20.23612391707548,7,7,0,12,1.0,False,6,2026-09-14T04:57:14.911749+00:00,76477667
outdoor-a5d30605dd48,v2_unique_obstacles,outdoor,97,48.39999999999939,34.58968872739551,2,2,0,0,5.035673603288162,True,2,2026-09-14T04:57:36.440440+00:00,77070218
indoor-6333c791d6dc,v2_unique_obstacles,indoor,125,62.09999999999968,26.72684256520121,7,7,0,11,1.0,False,8,2026-09-14T04:57:37.918829+00:00,107505520
indoor-0622c08ce436,v2_unique_obstacles,indoor,126,62.69999999999965,32.27050383695376,11,11,0,9,1.0,False,10,2026-09-14T04:57:50.823595+00:00,148415692
outdoor-acdc63993f20,v2_unique_obstacles,outdoor,241,120.19999999999531,87.36254533818874,10,10,0,0,8.649496511715908,False,1,2026-09-14T04:58:35.480454+00:00,84781707
outdoor-43a73c487f4c,v2_unique_obstacles,outdoor,182,90.599999999997,66.80987949078418,8,8,0,0,6.792119179505021,False,1,2026-09-14T04:58:42.697025+00:00,173459998
outdoor-c871dc122cad,v2_unique_obstacles,outdoor,213,105.99999999999612,82.80142372422938,8,8,0,0,7.587589839267794,False,1,2026-09-14T04:59:01.735771+00:00,202656482
outdoor-8391a3143c36,v2_unique_obstacles,outdoor,137,67.99999999999828,57.6115248652216,5,5,0,0,5.372490986696679,True,1,2026-09-14T04:59:26.466484+00:00,73297104
outdoor-50949b0b938c,v2_unique_obstacles,outdoor,269,133.99999999999622,106.3372344552881,12,12,0,0,7.895681673007103,True,2,2026-09-14T04:59:32.549182+00:00,114661929
outdoor-a420632f5254,v2_unique_obstacles,outdoor,192,95.59999999999671,75.36889062824665,8,8,0,0,7.250298204571459,False,1,2026-09-14T04:59:51.721818+00:00,61673655
outdoor-ebb91f3df800,v2_unique_obstacles,outdoor,176,87.49999999999717,52.85575736950945,4,4,0,0,4.124513302691068,True,2,2026-09-14T05:00:14.491085+00:00,110038012
indoor-7e39f5c61778,v2_unique_obstacles,indoor,138,68.6999999999993,25.838787240849776,7,7,0,11,1.0,False,3,2026-09-14T05:01:02.890445+00:00,132848366
indoor-2eab4841ad55,v2_unique_obstacles,indoor,154,76.49999999999886,24.179465436336862,7,7,0,9,1.0,False,4,2026-09-14T05:01:41.852335+00:00,134247810
indoor-ce29e5287685,v2_unique_obstacles,indoor,126,62.69999999999965,22.972678242277844,6,6,0,11,1.0,False,12,2026-09-14T05:01:43.525015+00:00,108761156
outdoor-3bfb04ba912a,v2_unique_obstacles,outdoor,141,70.19999999999816,49.727024683457465,4,4,0,0,5.014216165295528,False,1,2026-09-14T05:01:59.388493+00:00,98630041
outdoor-d4b929d1466e,v2_unique_obstacles,outdoor,287,142.99999999999827,109.14628402917558,11,11,0,0,8.696951865174416,True,4,2026-09-14T05:02:04.339525+00:00,124822887
outdoor-16acb08b74d8,v2_unique_obstacles,outdoor,219,108.99999999999595,81.45357564684855,7,7,0,0,8.52733925023815,False,1,2026-09-14T05:03:03.954876+00:00,104082150
outdoor-77b556386b4a,v2_unique_obstacles,outdoor,190,94.79999999999676,70.3453003276189,7,7,0,0,6.670216488061461,False,1,2026-09-14T05:03:09.245139+00:00,149228719
indoor-1c973af223cd,v2_unique_obstacles,indoor,144,71.69999999999914,32.82178816988403,10,10,0,10,1.0,False,8,2026-09-14T05:03:55.240232+00:00,98468904
indoor-00e050b0c96b,v2_unique_obstacles,indoor,112,55.50000000000006,26.736985779944426,8,8,0,12,1.0,False,3,2026-09-14T05:04:17.412373+00:00,88923401
outdoor-2ba831acc336,v2_unique_obstacles,outdoor,237,117.99999999999544,94.79951401684437,10,10,0,0,9.982911866739718,False,1,2026-09-14T05:04:37.673742+00:00,78848021
indoor-f951fdbbb8ba,v2_unique_obstacles,indoor,120,59.84999999999981,20.042170984187848,5,5,0,12,1.0,False,17,2026-09-14T05:04:39.217493+00:00,104913622
indoor-27b875ddef44,v2_unique_obstacles,indoor,235,117.29999999999654,50.52686202193811,14,14,0,9,1.0,False,1,2026-09-14T05:05:35.045840+00:00,159881969
indoor-b88bfdab1fe8,v2_unique_obstacles,indoor,179,89.39999999999813,41.55910604399405,11,11,0,12,1.0,False,2,2026-09-14T05:05:44.414382+00:00,141726152
indoor-4c69d56518de,v2_unique_obstacles,indoor,149,74.39999999999898,33.35843845123749,10,10,0,12,1.0,False,4,2026-09-14T05:06:02.607433+00:00,152891501
outdoor-ecd452adb10a,v2_unique_obstacles,outdoor,92,45.799999999999535,41.76698913505543,4,4,0,0,3.160576414529378,True,1,2026-09-14T05:06:25.198576+00:00,28923757
outdoor-275dbb76d6ff,v2_unique_obstacles,outdoor,296,147.5999999999993,109.80866658764623,10,10,0,0,9.311455543456963,True,2,2026-09-14T05:06:44.095786+00:00,191605534
outdoor-e99b0eaa3aff,v2_unique_obstacles,outdoor,310,154.6000000000009,116.82870582771982,13,13,0,0,9.678375881784994,True,1,2026-09-14T05:07:48.387182+00:00,189733462
indoor-eed193d1c1c7,v2_unique_obstacles,indoor,221,110.39999999999694,53.37184394879435,15,15,0,8,1.0,False,4,2026-09-14T05:08:33.519705+00:00,183609063
indoor-a447deb72e73,v2_unique_obstacles,indoor,154,76.79999999999885,46.10813867304594,13,13,0,8,1.0,False,17,2026-09-14T05:08:35.644746+00:00,169541815
indoor-06256e822230,v2_unique_obstacles,indoor,122,60.89999999999975,23.66803612101512,7,7,0,11,1.0,False,10,2026-09-14T05:08:41.313744+00:00,138085581
outdoor-72fdadf9987c,v2_unique_obstacles,outdoor,102,50.79999999999925,42.83837469700331,5,5,0,0,3.2094176526827285,True,3,2026-09-14T05:08:56.497815+00:00,84061443
indoor-847f4b2954ec,v2_unique_obstacles,indoor,75,37.20000000000033,24.20002189581994,6,6,0,11,1.0,False,5,2026-09-14T05:09:35.415769+00:00,92461860
outdoor-b7be354b03b0,v2_unique_obstacles,outdoor,224,111.5999999999958,84.68287267318593,8,8,0,0,9.31267441566036,False,1,2026-09-14T05:10:02.583651+00:00,113299843
indoor-4118e5153b7c,v2_unique_obstacles,indoor,163,80.99999999999861,32.2537658469419,11,11,0,9,1.0,False,5,2026-09-14T05:10:15.910128+00:00,116134201
outdoor-01c8320d2b61,v2_unique_obstacles,outdoor,123,61.39999999999865,51.06815133824756,4,4,0,0,4.983814849090651,False,1,2026-09-14T05:10:20.386887+00:00,87977858
indoor-738695b2bf4b,v2_unique_obstacles,indoor,104,51.600000000000264,20.35652929138608,5,5,0,11,1.0,False,3,2026-09-14T05:11:30.060641+00:00,80877921
indoor-26334848bc25,v2_unique_obstacles,indoor,208,103.49999999999733,44.68553134854888,12,12,0,10,1.0,False,13,2026-09-14T05:11:37.816378+00:00,167727004
outdoor-9d2f7cbef7bf,v2_unique_obstacles,outdoor,230,114.59999999999563,90.28684243300273,8,8,0,0,4.829597495885753,True,2,2026-09-14T05:11:45.530262+00:00,148816786
outdoor-c4010da8fdf5,v2_unique_obstacles,outdoor,104,51.799999999999194,40.038440256908515,4,4,0,0,4.118293389254807,False,1,2026-09-14T05:12:13.896627+00:00,77395503
outdoor-ce65f412fef7,v2_unique_obstacles,outdoor,137,67.99999999999828,53.72327830438256,4,4,0,0,5.749933527573662,False,1,2026-09-14T05:12:40.886469+00:00,94760918
indoor-75822f2b690f,v2_unique_obstacles,indoor,257,128.09999999999596,63.002483267602535,18,18,0,11,1.0,False,9,2026-09-14T05:13:00.120992+00:00,238625083
indoor-1928959b8971,v2_unique_obstacles,indoor,157,77.99999999999878,36.14811535967175,10,10,0,11,1.0,False,4,2026-09-14T05:13:06.552784+00:00,172038144
indoor-0155ae688e13,v2_unique_obstacles,indoor,139,69.1499999999993,32.75147358921437,11,11,0,8,1.0,False,9,2026-09-14T05:14:05.218497+00:00,88139225
outdoor-11c5183f14f2,v2_unique_obstacles,outdoor,271,135.39999999999654,103.75810513110245,9,9,0,0,9.682096657785252,False,1,2026-09-14T05:14:21.597061+00:00,136016395
outdoor-735316843b24,v2_unique_obstacles,outdoor,204,101.59999999999637,82.6614268800468,8,8,0,0,6.590293288537432,True,2,2026-09-14T05:14:28.642476+00:00,160606972
outdoor-229a68f7b3a3,v2_unique_obstacles,outdoor,280,139.79999999999754,107.48696607030224,11,11,0,0,7.288699972777131,True,1,2026-09-14T05:14:47.930350+00:00,202524309
outdoor-21cf906d81a1,v2_unique_obstacles,outdoor,93,46.19999999999951,34.396904310243734,3,3,0,0,3.8677753101898955,True,1,2026-09-14T05:14:48.399405+00:00,39965080
outdoor-270265ce509d,v2_unique_obstacles,outdoor,180,89.79999999999704,64.21207048269105,5,5,0,0,6.598957052968736,False,1,2026-09-14T05:15:28.736891+00:00,142088007
outdoor-49f8fcadb018,v2_unique_obstacles,outdoor,135,67.19999999999833,47.70105851600335,6,6,0,0,5.275854434632212,False,1,2026-09-14T05:15:44.281746+00:00,104961021
outdoor-fffa00ac1061,v2_unique_obstacles,outdoor,198,98.79999999999653,79.2331415137909,8,8,0,0,5.8598008713624115,True,1,2026-09-14T05:16:07.156974+00:00,104313529
outdoor-8edb6814a53e,v2_unique_obstacles,outdoor,115,57.399999999998876,40.2897558625187,4,4,0,0,4.656114419414529,True,1,2026-09-14T05:16:16.527599+00:00,55329204
outdoor-f991c89c9e06,v2_unique_obstacles,outdoor,135,67.39999999999831,54.43635120327271,4,4,0,0,5.408572425861063,False,1,2026-09-14T05:16:37.203422+00:00,93894979
outdoor-6e213c058d07,v2_unique_obstacles,outdoor,145,71.99999999999805,57.07594608661334,5,5,0,0,7.083016094869312,True,1,2026-09-14T05:17:09.972398+00:00,78175294
indoor-60403413ca8d,v2_unique_obstacles,indoor,110,54.90000000000009,23.980149621155423,6,6,0,8,1.0,False,5,2026-09-14T05:17:32.978628+00:00,133520383
outdoor-1e138dfa811f,v2_unique_obstacles,outdoor,151,74.99999999999788,69.31335876859137,8,8,0,0,6.850352969825613,True,1,2026-09-14T05:18:07.210532+00:00,78499975
outdoor-99c79b306d3d,v2_unique_obstacles,outdoor,125,62.29999999999859,33.38866373608255,2,2,0,0,3.2983017478568506,True,2,2026-09-14T05:18:22.332600+00:00,119783323
outdoor-6609ad6f586e,v2_unique_obstacles,outdoor,225,112.39999999999576,79.58289892505695,8,8,0,0,8.439443530991536,False,1,2026-09-14T05:18:37.516760+00:00,178993438
indoor-b1f1e655ba49,v2_unique_obstacles,indoor,188,93.89999999999787,41.53050328138218,13,13,0,10,1.0,False,10,2026-09-14T05:19:01.939648+00:00,207884856
outdoor-a364d1161080,v2_unique_obstacles,outdoor,168,83.79999999999738,63.895021511122685,5,5,0,0,6.504516003906698,False,1,2026-09-14T05:19:10.099839+00:00,129584068
indoor-fc55a22fc52e,v2_unique_obstacles,indoor,164,81.89999999999856,47.17045892799371,13,13,0,12,1.0,False,2,2026-09-14T05:19:42.740053+00:00,174590864
indoor-4ae6c023b9db,v2_unique_obstacles,indoor,86,42.900000000000404,24.712176967519085,7,7,0,9,1.0,False,2,2026-09-14T05:20:01.885379+00:00,64855544
outdoor-f8b8a3bfbc0b,v2_unique_obstacles,outdoor,239,118.99999999999538,87.34347631036302,10,10,0,0,6.96323861889329,True,1,2026-09-14T05:20:28.727016+00:00,81918139
outdoor-4b92269a9bed,v2_unique_obstacles,outdoor,101,50.399999999999274,39.53097657738778,3,3,0,0,4.348927620766419,False,1,2026-09-14T05:20:49.003204+00:00,50761808
indoor-59094caa59a1,v2_unique_obstacles,indoor,127,63.29999999999961,31.13624215718584,8,8,0,10,1.0,False,13,2026-09-14T05:21:04.400381+00:00,134231947
outdoor-004a2d120bfe,v2_unique_obstacles,outdoor,257,128.39999999999495,103.07214626708517,9,9,0,0,9.448724297774454,True,1,2026-09-14T05:21:18.821772+00:00,131461056
outdoor-3b2750f4e6a5,v2_unique_obstacles,outdoor,212,105.59999999999614,79.0139989877907,7,7,0,0,7.696282211829727,True,1,2026-09-14T05:21:48.812489+00:00,122240623
indoor-c9cc826f9178,v2_unique_obstacles,indoor,107,53.10000000000019,26.048930924633908,8,8,0,11,1.0,False,3,2026-09-14T05:22:19.605157+00:00,77425172
outdoor-f084092fc12d,v2_unique_obstacles,outdoor,293,146.39999999999904,114.65251546398477,11,11,0,0,9.773148270688292,True,2,2026-09-14T05:22:54.944135+00:00,150151587
indoor-493f166df09d,v2_unique_obstacles,indoor,97,48.300000000000466,28.13617554663589,9,9,0,12,1.0,False,19,2026-09-14T05:23:48.063459+00:00,94764401
outdoor-d842f17b881d,v2_unique_obstacles,outdoor,139,69.3999999999982,50.317231080861234,4,4,0,0,8.096587347524448,True,1,2026-09-14T05:24:41.491247+00:00,129737311
indoor-af94f082391f,v2_unique_obstacles,indoor,161,80.09999999999866,31.79982551260001,9,9,0,11,1.0,False,10,2026-09-14T05:25:05.245699+00:00,93007112
indoor-a74053c7bdd7,v2_unique_obstacles,indoor,258,128.6999999999959,59.29707095499175,17,17,0,11,1.0,False,20,2026-09-14T05:26:11.317937+00:00,254445082
outdoor-91fd0521e261,v2_unique_obstacles,outdoor,259,129.39999999999517,104.739085532396,9,9,0,0,9.896003794576554,False,1,2026-09-14T05:26:13.647087+00:00,157910739
indoor-0b3fa9527c1e,v2_unique_obstacles,indoor,188,93.89999999999787,44.03790703411416,12,12,0,9,1.0,False,10,2026-09-14T05:26:52.229874+00:00,151819337
indoor-3f46e587ebb8,v2_unique_obstacles,indoor,168,83.69999999999845,41.931146730475646,13,13,0,8,1.0,False,8,2026-09-14T05:27:05.069989+00:00,128394656
indoor-17353770fa3d,v2_unique_obstacles,indoor,211,104.99999999999724,44.90863954147352,12,12,0,12,1.0,False,8,2026-09-14T05:27:18.532543+00:00,138865730
outdoor-7c5e15b8fc2d,v2_unique_obstacles,outdoor,177,88.19999999999713,67.7025068235701,7,7,0,0,6.794279741981411,False,1,2026-09-14T05:27:22.118886+00:00,62615374
outdoor-4bca8eb8f607,v2_unique_obstacles,outdoor,87,43.19999999999968,36.730167043044986,4,4,0,0,3.845577068466847,False,1,2026-09-14T05:27:37.211284+00:00,29126723
outdoor-7810fb51553f,v2_unique_obstacles,outdoor,161,80.19999999999759,64.82870998009315,7,7,0,0,7.113980827594952,True,4,2026-09-14T05:27:56.952718+00:00,57711445
outdoor-5b4d4bc4a15e,v2_unique_obstacles,outdoor,120,59.59999999999875,40.232144801244445,4,4,0,0,3.403194663867806,True,1,2026-09-14T05:28:07.761328+00:00,63178728
indoor-2eac40439a04,v2_unique_obstacles,indoor,103,51.00000000000031,22.622524467256557,7,7,0,10,1.0,False,7,2026-09-14T05:29:01.401792+00:00,87544459
outdoor-11dec1ba647c,v2_unique_obstacles,outdoor,275,137.399999999997,97.74144404514881,11,11,0,0,9.382874709447853,True,2,2026-09-14T05:29:02.680274+00:00,148360668
outdoor-7e2b09fbb863,v2_unique_obstacles,outdoor,207,102.9999999999963,76.72310319265065,7,7,0,0,5.5907243080611595,True,1,2026-09-14T05:29:15.823064+00:00,75694721
outdoor-3dc42fa523a6,v2_unique_obstacles,outdoor,329,164.00000000000304,122.25532031265907,11,11,0,0,7.577773340660358,True,3,2026-09-14T05:30:42.053014+00:00,316307341
indoor-1dbf780ec4e6,v2_unique_obstacles,indoor,69,34.20000000000029,30.933066745386025,9,9,0,10,1.0,False,13,2026-09-14T05:31:05.977837+00:00,46640350
outdoor-4b64c480d75d,v2_unique_obstacles,outdoor,90,44.5999999999996,34.61271400725738,3,3,0,0,3.5899721809885365,False,1,2026-09-14T05:31:12.711821+00:00,62197310
outdoor-5df78f8cf63f,v2_unique_obstacles,outdoor,289,143.9999999999985,105.9788766152073,10,10,0,0,9.552855422910769,True,3,2026-09-14T05:31:19.702147+00:00,102575879
outdoor-5ef35eaf7e82,v2_unique_obstacles,outdoor,123,61.19999999999866,46.057149442813625,6,6,0,0,4.9879933886622485,False,1,2026-09-14T05:31:32.583403+00:00,50888029
indoor-772474fc945c,v2_unique_obstacles,indoor,133,65.99999999999946,45.85823786918653,13,13,0,11,1.0,False,13,2026-09-14T05:31:35.402345+00:00,89014778
indoor-7fd88c56c721,v2_unique_obstacles,indoor,62,30.900000000000237,21.13953202535172,6,6,0,12,1.0,False,3,2026-09-14T05:32:02.847809+00:00,53573665
indoor-95f39c586379,v2_unique_obstacles,indoor,121,60.299999999999784,25.847208367164477,8,8,0,12,1.0,False,4,2026-09-14T05:32:23.190452+00:00,68094905
indoor-e25f31a08336,v2_unique_obstacles,indoor,253,125.99999999999605,57.733240063837755,16,16,0,9,1.0,False,16,2026-09-14T05:32:24.088234+00:00,200224547
outdoor-e7abd3d50c3f,v2_unique_obstacles,outdoor,179,89.19999999999708,69.18047194909926,8,8,0,0,6.56508652690507,True,1,2026-09-14T05:32:41.438528+00:00,141493391
indoor-fc4dc756cb9d,v2_unique_obstacles,indoor,149,74.39999999999898,34.312331073207666,10,10,0,12,1.0,False,7,2026-09-14T05:33:22.944678+00:00,120591347
indoor-22967778df1e,v2_unique_obstacles,indoor,150,74.69999999999897,25.957850074424293,8,8,0,12,1.0,False,4,2026-09-14T05:33:30.297618+00:00,141905228
outdoor-b3032455e8b7,v2_unique_obstacles,outdoor,168,83.5999999999974,68.1884693047304,7,7,0,0,7.799887819213084,True,2,2026-09-14T05:33:36.024574+00:00,78102458
outdoor-fff3eca43a25,v2_unique_obstacles,outdoor,215,107.39999999999604,80.5857235948539,9,9,0,0,7.96516646875317,False,1,2026-09-14T05:33:47.890236+00:00,107431175
indoor-306211cfc1f7,v2_unique_obstacles,indoor,115,56.99999999999997,34.86090012045384,9,9,0,12,1.0,False,18,2026-09-14T05:34:08.294710+00:00,130757819
outdoor-e42f3a128bbc,v2_unique_obstacles,outdoor,168,83.5999999999974,63.61827991641413,7,7,0,0,6.726800809098832,False,1,2026-09-14T05:34:24.527888+00:00,106602805
indoor-82ab979966aa,v2_unique_obstacles,indoor,167,83.09999999999849,39.93984317876796,11,11,0,8,1.0,False,2,2026-09-14T05:34:49.728252+00:00,129557146
indoor-c6b73497802d,v2_unique_obstacles,indoor,296,147.59999999999482,62.64469050587398,18,18,0,8,1.0,False,7,2026-09-14T05:35:20.418331+00:00,288970187
indoor-7679a6baac38,v2_unique_obstacles,indoor,265,132.2999999999957,56.32242745688215,16,16,0,8,1.0,False,2,2026-09-14T05:35:45.640340+00:00,209220896
indoor-7a4e0bf3df32,v2_unique_obstacles,indoor,195,97.19999999999769,55.707826438861304,17,17,0,10,1.0,False,4,2026-09-14T05:35:50.976599+00:00,162951785
outdoor-5a9303824981,v2_unique_obstacles,outdoor,293,146.199999999999,103.58780524162508,11,11,0,0,9.46161389794917,False,1,2026-09-14T05:36:17.515410+00:00,145961894
outdoor-f92f6dd0a487,v2_unique_obstacles,outdoor,101,50.399999999999274,32.584067821023595,4,4,0,0,3.8347612933043713,True,1,2026-09-14T05:36:25.851044+00:00,55879536
outdoor-7747c31b769f,v2_unique_obstacles,outdoor,239,119.19999999999537,101.13111209194152,9,9,0,0,7.479557148602396,True,1,2026-09-14T05:36:44.499539+00:00,83350121
outdoor-b11dff317888,v2_unique_obstacles,outdoor,243,121.19999999999526,93.53879251677643,10,10,0,0,5.731664502897307,True,2,2026-09-14T05:36:53.280011+00:00,110426275
outdoor-e0c13cf331ea,v2_unique_obstacles,outdoor,131,65.39999999999843,52.99714661990872,5,5,0,0,5.308457305152157,False,1,2026-09-14T05:37:15.913289+00:00,91706290
indoor-294e1f13cb41,v2_unique_obstacles,indoor,130,64.49999999999955,22.673860666027235,8,8,0,11,1.0,False,4,2026-09-14T05:37:17.121675+00:00,76851817
outdoor-0b8bd2127a7f,v2_unique_obstacles,outdoor,193,96.19999999999668,73.09402647424906,6,6,0,0,8.06289453720951,False,1,2026-09-14T05:37:47.824916+00:00,67518343
indoor-4d8e30e77d7b,v2_unique_obstacles,indoor,52,25.800000000000164,20.32767225777554,6,6,0,10,1.0,False,3,2026-09-14T05:38:01.741432+00:00,44313129
indoor-a14009ea50cb,v2_unique_obstacles,indoor,130,64.79999999999953,29.768831060599105,8,8,0,9,1.0,False,7,2026-09-14T05:38:06.386811+00:00,128540467
indoor-cf7352d77311,v2_unique_obstacles,indoor,119,59.399999999999835,28.10968140463639,7,7,0,8,1.0,False,13,2026-09-14T05:38:09.684030+00:00,137339751
indoor-1e5046df2700,v2_unique_obstacles,indoor,139,68.99999999999929,31.586449687913372,9,9,0,8,1.0,False,2,2026-09-14T05:38:25.439754+00:00,116090621
outdoor-04466531214f,v2_unique_obstacles,outdoor,115,57.399999999998876,36.9175785640951,4,4,0,0,3.4084920306009554,True,1,2026-09-14T05:38:52.009320+00:00,83184667
indoor-2d98e2fd3a5f,v2_unique_obstacles,indoor,136,67.79999999999936,29.665642846314523,10,10,0,8,1.0,False,2,2026-09-14T05:39:09.388297+00:00,111370261
indoor-f7d85e7f1851,v2_unique_obstacles,indoor,136,67.49999999999937,26.156544168758117,7,7,0,10,1.0,False,2,2026-09-14T05:39:12.435237+00:00,142103671
indoor-c79a9348e2c5,v2_unique_obstacles,indoor,161,80.39999999999864,34.947521113998036,9,9,0,9,1.0,False,15,2026-09-14T05:39:44.232343+00:00,97647717
outdoor-a9a66e91d0ad,v2_unique_obstacles,outdoor,133,66.39999999999837,54.97937388887915,4,4,0,0,5.344594058171317,False,1,2026-09-14T05:39:59.549206+00:00,92195917
outdoor-6727bb59347d,v2_unique_obstacles,outdoor,262,130.59999999999545,95.93991288988265,9,9,0,0,9.817132726502761,False,1,2026-09-14T05:40:27.929106+00:00,161814982
indoor-72bc75a7cab0,v2_unique_obstacles,indoor,184,91.799999999998,41.44853110740351,13,13,0,9,1.0,False,10,2026-09-14T05:41:18.349317+00:00,158815254
indoor-ab0362aa764a,v2_unique_obstacles,indoor,95,47.400000000000475,24.79782632261452,8,8,0,10,1.0,False,20,2026-09-14T05:41:24.028540+00:00,61717696
outdoor-5a83d26f60bb,v2_unique_obstacles,outdoor,125,61.999999999998614,55.82019211363269,7,7,0,0,4.070816066744773,True,1,2026-09-14T05:42:13.977015+00:00,67650244
indoor-172f4ce98176,v2_unique_obstacles,indoor,127,63.29999999999961,27.047060053760983,7,7,0,8,1.0,False,12,2026-09-14T05:42:35.733920+00:00,106013106
indoor-7c7426bad398,v2_unique_obstacles,indoor,116,57.59999999999994,23.48826412487422,7,7,0,8,1.0,False,18,2026-09-14T05:43:10.362000+00:00,129953027
outdoor-d94e22fd3df2,v2_unique_obstacles,outdoor,320,159.8000000000021,120.33267015018467,13,13,0,0,8.890044446283534,True,1,2026-09-14T05:43:11.802999+00:00,170880391
indoor-b920adc01a2e,v2_unique_obstacles,indoor,134,66.59999999999943,30.926174125109615,10,10,0,8,1.0,False,17,2026-09-14T05:43:17.179905+00:00,99566631
indoor-914117798dc3,v2_unique_obstacles,indoor,178,88.49999999999818,44.17929489226726,13,13,0,10,1.0,False,2,2026-09-14T05:43:41.311340+00:00,141188182
outdoor-7ecbf630bc30,v2_unique_obstacles,outdoor,233,116.39999999999553,83.01286994363683,9,9,0,0,9.21985310733502,False,1,2026-09-14T05:43:45.177791+00:00,121636854
indoor-d99c98c2d812,v2_unique_obstacles,indoor,118,58.79999999999987,21.39355279422764,5,5,0,11,1.0,False,1,2026-09-14T05:44:01.486941+00:00,136123139
outdoor-02ba8e059db3,v2_unique_obstacles,outdoor,231,114.99999999999561,78.69243931196478,9,9,0,0,8.673770519818092,False,1,2026-09-14T05:44:35.071422+00:00,223968994
indoor-0d98dee766e4,v2_unique_obstacles,indoor,136,67.49999999999937,28.82135067940299,9,9,0,11,1.0,False,11,2026-09-14T05:45:08.065468+00:00,103064523
outdoor-506c19913cb3,v2_unique_obstacles,outdoor,88,43.59999999999966,35.00331686673707,3,3,0,0,3.694105061893727,False,1,2026-09-14T05:45:23.480980+00:00,68273991
outdoor-c6e9de246010,v2_unique_obstacles,outdoor,265,132.39999999999586,109.2210207468469,11,11,0,0,6.5361935435094205,True,1,2026-09-14T05:45:38.935539+00:00,93560625
outdoor-14d4f0327dec,v2_unique_obstacles,outdoor,459,229.10000000001781,171.34376429027267,16,16,0,0,9.699988645356342,True,3,2026-09-14T05:46:12.835466+00:00,267851281
outdoor-5edf597264c1,v2_unique_obstacles,outdoor,292,145.59999999999886,111.53643156939957,10,10,0,0,9.658737068010394,True,3,2026-09-14T05:46:15.745224+00:00,253258967
outdoor-465a0dce89b8,v2_unique_obstacles,outdoor,139,68.99999999999822,54.931006573101996,4,4,0,0,4.140347486728976,True,1,2026-09-14T05:46:19.872150+00:00,110842436
indoor-0fba03335cd2,v2_unique_obstacles,indoor,135,67.19999999999939,25.603759526060852,7,7,0,10,1.0,False,13,2026-09-14T05:46:34.967552+00:00,93231068
outdoor-b0a6903a322c,v2_unique_obstacles,outdoor,113,56.199999999998944,43.45784573038736,4,4,0,0,4.102667864605037,False,2,2026-09-14T05:47:08.974245+00:00,55487867
indoor-0baa972a0d14,v2_unique_obstacles,indoor,154,76.79999999999885,41.43676695309408,13,13,0,8,1.0,False,4,2026-09-14T05:47:43.038104+00:00,109865895
outdoor-896e1edf21ac,v2_unique_obstacles,outdoor,100,49.59999999999932,34.769768302463675,3,3,0,0,3.374918789570776,False,1,2026-09-14T05:47:46.750035+00:00,33705744
outdoor-e0f452dd0d5f,v2_unique_obstacles,outdoor,244,121.79999999999522,93.58265823299543,10,10,0,0,9.026953606592965,True,1,2026-09-14T05:47:51.301070+00:00,104792680
indoor-232db38631fd,v2_unique_obstacles,indoor,96,47.70000000000047,20.9553094978187,6,6,0,8,1.0,False,19,2026-09-14T05:48:16.535749+00:00,97443803
indoor-ed14d8fd77ac,v2_unique_obstacles,indoor,207,103.19999999999735,62.58665349215724,19,19,0,11,1.0,False,11,2026-09-14T05:48:30.298990+00:00,159933930
indoor-6068bc576a40,v2_unique_obstacles,indoor,127,62.99999999999963,24.530068025871408,8,8,0,9,1.0,False,1,2026-09-14T05:48:43.319370+00:00,106737522
indoor-90cc81f23429,v2_unique_obstacles,indoor,108,53.70000000000016,24.778029703938536,8,8,0,12,1.0,False,2,2026-09-14T05:48:44.718591+00:00,67901487
outdoor-b78b47fc88c6,v2_unique_obstacles,outdoor,171,84.99999999999731,62.991725971260365,5,5,0,0,6.892598340783767,True,1,2026-09-14T05:48:53.668571+00:00,60401055
indoor-f3c3a18e2dcb,v2_unique_obstacles,indoor,121,60.299999999999784,21.442676248489548,5,5,0,10,1.0,False,4,2026-09-14T05:50:00.296895+00:00,117394148
indoor-1397b8f48486,v2_unique_obstacles,indoor,247,123.29999999999626,36.51197237153001,10,10,0,12,1.0,False,1,2026-09-14T05:50:02.935761+00:00,208423995
outdoor-1c9058e91613,v2_unique_obstacles,outdoor,236,117.59999999999546,87.60594223528307,8,8,0,0,5.136646882860006,True,1,2026-09-14T05:50:13.004552+00:00,98381108
outdoor-4b5b7022174d,v2_unique_obstacles,outdoor,227,113.3999999999957,84.0351875194799,9,9,0,0,7.853346932908603,False,1,2026-09-14T05:50:14.756654+00:00,117457200
indoor-cf8c84660a0f,v2_unique_obstacles,indoor,218,108.59999999999704,47.9963024236366,14,14,0,12,1.0,False,13,2026-09-14T05:50:54.921178+00:00,164251829
indoor-205954abc8c9,v2_unique_obstacles,indoor,113,56.400000000000006,20.363121359316075,5,5,0,12,1.0,False,3,2026-09-14T05:51:04.727799+00:00,114518012
outdoor-3aa6516f9e8c,v2_unique_obstacles,outdoor,183,91.19999999999696,72.14490382825971,8,8,0,0,4.758956990471252,True,1,2026-09-14T05:51:20.258686+00:00,69928458
outdoor-e6a64101f484,v2_unique_obstacles,outdoor,241,119.99999999999532,86.95372054336656,9,9,0,0,7.1848206218813795,True,1,2026-09-14T05:51:38.873281+00:00,166791468
outdoor-4c38ad1fc316,v2_unique_obstacles,outdoor,222,110.79999999999585,85.79356686503596,8,8,0,0,8.941528893490561,False,1,2026-09-14T05:51:45.660551+00:00,70961968
outdoor-42204e1a2a5f,v2_unique_obstacles,outdoor,167,82.99999999999743,64.24110091839454,7,7,0,0,6.426796752334604,False,1,2026-09-14T05:51:59.358607+00:00,96951663
outdoor-4cc818fd5ddb,v2_unique_obstacles,outdoor,89,44.399999999999615,33.03599604037767,3,3,0,0,3.532390400513621,True,1,2026-09-14T05:52:20.504372+00:00,69870830
indoor-ac8b1a260541,v2_unique_obstacles,indoor,151,75.14999999999895,34.50574704346959,10,10,0,11,1.0,False,17,2026-09-14T05:52:35.073266+00:00,120594677
outdoor-955d643f596f,v2_unique_obstacles,outdoor,133,66.19999999999838,53.39872852419445,5,5,0,0,4.5851315468788165,True,1,2026-09-14T05:52:39.395183+00:00,93180711
indoor-ef8f32e65622,v2_unique_obstacles,indoor,206,102.89999999999736,51.460603462588395,14,14,0,8,1.0,False,4,2026-09-14T05:53:13.260527+00:00,178751114
outdoor-bac9e88fc9a8,v2_unique_obstacles,outdoor,91,45.39999999999956,42.485342670197,4,4,0,0,4.749761741527092,True,1,2026-09-14T05:53:19.010223+00:00,33441185
outdoor-8aca3b8165bc,v2_unique_obstacles,outdoor,127,63.199999999998546,53.74241559164062,4,4,0,0,7.118365673914579,True,1,2026-09-14T05:53:29.753276+00:00,47828664
indoor-097341a1c93f,v2_unique_obstacles,indoor,102,50.70000000000033,22.34418563421115,7,7,0,12,1.0,False,4,2026-09-14T05:53:42.766882+00:00,58811436
outdoor-9fbe801ea952,v2_unique_obstacles,outdoor,123,60.99999999999867,45.58646460072363,5,5,0,0,5.184687557094156,True,1,2026-09-14T05:54:05.372137+00:00,43850011
indoor-b8729321e89d,v2_unique_obstacles,indoor,170,84.89999999999839,40.550926141197586,12,12,0,11,1.0,False,15,2026-09-14T05:54:07.346954+00:00,197108292
outdoor-ef37c0a8f376,v2_unique_obstacles,outdoor,157,77.99999999999771,56.02193884438762,6,6,0,0,4.127079470956052,True,1,2026-09-14T05:54:21.239303+00:00,92894103
indoor-0e75f6cff352,v2_unique_obstacles,indoor,155,77.39999999999881,29.99775049160658,10,10,0,9,1.0,False,12,2026-09-14T05:54:37.130586+00:00,166798239
indoor-74a0e5bcc2ad,v2_unique_obstacles,indoor,143,71.09999999999917,34.812370364841655,10,10,0,8,1.0,False,2,2026-09-14T05:54:50.246703+00:00,108728440
indoor-af8a17334ba6,v2_unique_obstacles,indoor,112,55.80000000000004,20.952208422324738,7,7,0,9,1.0,False,6,2026-09-14T05:54:58.951370+00:00,112953341
indoor-dd75b428eed0,v2_unique_obstacles,indoor,95,47.10000000000046,20.603186935643357,7,7,0,10,1.0,False,6,2026-09-14T05:55:36.117704+00:00,92137880
outdoor-7d4d3a77f19c,v2_unique_obstacles,outdoor,265,131.99999999999577,94.28517047713392,9,9,0,0,9.800242698749905,False,1,2026-09-14T05:55:40.577272+00:00,83775818
outdoor-085a4c029a1f,v2_unique_obstacles,outdoor,167,83.3999999999974,64.85636988926086,6,6,0,0,7.889425192209885,True,1,2026-09-14T05:55:48.661489+00:00,64314194
outdoor-16ca6b59957f,v2_unique_obstacles,outdoor,137,67.99999999999828,50.90893831716935,5,5,0,0,5.406306594723393,False,1,2026-09-14T05:56:04.142409+00:00,52307744
indoor-395675970063,v2_unique_obstacles,indoor,296,147.59999999999482,60.21878520387227,18,18,0,8,1.0,False,3,2026-09-14T05:56:55.098451+00:00,248444604
indoor-04a195cfb80d,v2_unique_obstacles,indoor,145,72.2999999999991,33.2461481370413,9,9,0,11,1.0,False,8,2026-09-14T05:56:56.227947+00:00,118380883
outdoor-91cfac347183,v2_unique_obstacles,outdoor,230,114.79999999999562,87.02598740544084,10,10,0,0,8.83788492743888,False,1,2026-09-14T05:57:02.970324+00:00,178471727
indoor-6df63bdd0094,v2_unique_obstacles,indoor,112,55.80000000000004,27.397844124871828,7,7,0,10,1.0,False,1,2026-09-14T05:57:07.009533+00:00,86276097
outdoor-b574d4664a67,v2_unique_obstacles,outdoor,205,101.99999999999635,79.04972207153213,7,7,0,0,7.45866028180775,False,1,2026-09-14T05:57:19.876105+00:00,83649111
indoor-1cbbcde8ac96,v2_unique_obstacles,indoor,76,37.80000000000034,20.59448162945462,7,7,0,8,1.0,False,11,2026-09-14T05:57:27.986441+00:00,104543543
outdoor-4a8531ed1f7b,v2_unique_obstacles,outdoor,91,45.19999999999957,38.941888207877504,5,5,0,0,4.265922546140616,False,1,2026-09-14T05:57:37.743877+00:00,86358506
indoor-0dd81efcc2dc,v2_unique_obstacles,indoor,107,53.10000000000019,20.434254342509604,7,7,0,8,1.0,False,2,2026-09-14T05:57:58.816178+00:00,101835740
indoor-b086b48a959a,v2_unique_obstacles,indoor,97,48.00000000000048,26.298292260155094,8,8,0,9,1.0,False,2,2026-09-14T05:58:02.709587+00:00,74937200
outdoor-ce5c1d8d36f1,v2_unique_obstacles,outdoor,154,76.59999999999779,57.24312276434831,6,6,0,0,5.2597090998976315,False,1,2026-09-14T05:58:32.851344+00:00,78137044
outdoor-6c894385ba7b,v2_unique_obstacles,outdoor,138,68.59999999999825,52.00662017864318,4,4,0,0,3.720048546173765,True,1,2026-09-14T05:58:33.896029+00:00,128097772
indoor-3525023d2775,v2_unique_obstacles,indoor,182,90.89999999999804,41.18217057039912,12,12,0,9,1.0,False,2,2026-09-14T05:58:35.529834+00:00,90605545
indoor-f211d83649a2,v2_unique_obstacles,indoor,106,52.80000000000021,24.92109886283038,7,7,0,9,1.0,False,7,2026-09-14T05:58:44.700316+00:00,83674551
indoor-8c4c3011f491,v2_unique_obstacles,indoor,110,54.60000000000011,20.440123104955205,5,5,0,11,1.0,False,1,2026-09-14T05:58:56.203105+00:00,77126894
outdoor-1eda2e9fa738,v2_unique_obstacles,outdoor,182,90.599999999997,61.344989603568,7,7,0,0,6.222466793674674,False,1,2026-09-14T05:59:47.731122+00:00,118177370
outdoor-45c03e10ccdb,v2_unique_obstacles,outdoor,261,130.19999999999536,98.34415182196916,11,11,0,0,8.109774110077726,True,3,2026-09-14T06:00:31.615484+00:00,181419162
outdoor-fe416b504514,v2_unique_obstacles,outdoor,315,157.00000000000145,123.68623176727834,13,13,0,0,9.367919513980379,True,1,2026-09-14T06:00:36.234862+00:00,131285878
indoor-b3e242a4facc,v2_unique_obstacles,indoor,152,75.8999999999989,42.76574815454644,13,13,0,11,1.0,False,14,2026-09-14T06:00:42.877819+00:00,150141113
indoor-2df6697e2226,v2_unique_obstacles,indoor,197,98.39999999999762,42.585543350242155,12,12,0,8,1.0,False,8,2026-09-14T06:01:14.105246+00:00,158097535
outdoor-57b9d43a08c4,v2_unique_obstacles,outdoor,77,38.399999999999956,32.11924912069374,3,3,0,0,3.207402418013678,False,1,2026-09-14T06:01:20.446413+00:00,26783598
indoor-ebe116aa81bb,v2_unique_obstacles,indoor,89,44.40000000000043,21.660443739573072,5,5,0,10,1.0,False,9,2026-09-14T06:01:34.255640+00:00,70039590
outdoor-9bc35e30613e,v2_unique_obstacles,outdoor,217,107.999999999996,86.6956875970804,8,8,0,0,7.370263847003567,True,2,2026-09-14T06:02:02.151112+00:00,82394645
outdoor-dbfdd5cd44e1,v2_unique_obstacles,outdoor,147,72.999999999998,55.94249895541851,5,5,0,0,3.505561766318548,True,1,2026-09-14T06:02:11.596133+00:00,98287597
indoor-4174ddcb0d0f,v2_unique_obstacles,indoor,173,86.09999999999832,56.50208494092173,17,17,0,9,1.0,False,2,2026-09-14T06:02:36.059728+00:00,157212684
indoor-5369ad000e94,v2_unique_obstacles,indoor,122,60.59999999999977,24.46948860086765,7,7,0,11,1.0,False,10,2026-09-14T06:02:38.867644+00:00,88795311
outdoor-cf04353e7f4a,v2_unique_obstacles,outdoor,259,129.19999999999513,100.37405326081475,9,9,0,0,9.448462485698855,False,1,2026-09-14T06:03:05.848203+00:00,201854016
outdoor-b49481e75f42,v2_unique_obstacles,outdoor,196,97.5999999999966,72.01862738818818,7,7,0,0,6.9682604622249285,False,1,2026-09-14T06:03:23.427717+00:00,100730243
outdoor-a839aadf11a3,v2_unique_obstacles,outdoor,106,52.59999999999915,40.28545345355436,3,3,0,0,3.6718909530167245,False,1,2026-09-14T06:03:52.629251+00:00,56698251
outdoor-ee2fc4e27b06,v2_unique_obstacles,outdoor,270,134.59999999999636,109.8681579653965,12,12,0,0,9.410637296927453,True,1,2026-09-14T06:03:56.845941+00:00,188105424
indoor-cb8ab0440ece,v2_unique_obstacles,indoor,107,53.400000000000176,23.035939572256574,8,8,0,9,1.0,False,16,2026-09-14T06:04:08.583289+00:00,87134647
indoor-f64f03ba385d,v2_unique_obstacles,indoor,224,111.59999999999687,42.20790088521355,14,14,0,12,1.0,False,4,2026-09-14T06:04:34.239298+00:00,176569020
indoor-64228083479a,v2_unique_obstacles,indoor,87,43.200000000000415,26.96022588023142,8,8,0,12,1.0,False,6,2026-09-14T06:04:44.609976+00:00,64202400
indoor-ace802d93ebc,v2_unique_obstacles,indoor,84,41.70000000000039,30.42410613815757,9,9,0,10,1.0,False,3,2026-09-14T06:05:08.986600+00:00,64167542
outdoor-fb278774511a,v2_unique_obstacles,outdoor,241,120.19999999999531,95.39367345467672,10,10,0,0,9.468590654194305,False,1,2026-09-14T06:05:27.608855+00:00,233179672
outdoor-ca68cf9bbb5a,v2_unique_obstacles,outdoor,246,122.59999999999518,94.95269728706322,10,10,0,0,9.182815365688924,True,1,2026-09-14T06:05:38.979240+00:00,126387770
outdoor-2427fa744e7c,v2_unique_obstacles,outdoor,208,103.79999999999625,87.94005108556229,8,8,0,0,7.618947974159097,True,1,2026-09-14T06:05:59.408229+00:00,198101750
outdoor-7a4a561d8dfc,v2_unique_obstacles,outdoor,207,103.19999999999628,76.1665820703219,7,7,0,0,8.462880908774032,False,1,2026-09-14T06:06:16.376233+00:00,100913237
outdoor-27206377a582,v2_unique_obstacles,outdoor,197,98.39999999999655,76.40169757322096,8,8,0,0,5.292138515790061,True,1,2026-09-14T06:06:21.119662+00:00,155550229
indoor-623949806c95,v2_unique_obstacles,indoor,110,54.60000000000011,33.2155092030411,9,9,0,12,1.0,False,4,2026-09-14T06:06:45.246293+00:00,81854805
outdoor-8437c4914f2d,v2_unique_obstacles,outdoor,135,67.39999999999831,53.21043094689669,6,6,0,0,5.572232293072704,False,1,2026-09-14T06:06:48.539302+00:00,56856822
indoor-e5270dbd8964,v2_unique_obstacles,indoor,167,83.09999999999849,46.307000104887685,14,14,0,11,1.0,False,10,2026-09-14T06:07:17.746889+00:00,115369194
outdoor-e808838f945c,v2_unique_obstacles,outdoor,202,100.79999999999642,75.18462937077702,7,7,0,0,7.276030895837542,False,1,2026-09-14T06:07:25.960086+00:00,197022897
outdoor-2f99c00e8913,v2_unique_obstacles,outdoor,112,55.79999999999897,44.55402848938954,5,5,0,0,4.944216107117833,False,1,2026-09-14T06:07:30.725080+00:00,71614567
outdoor-97d22ec26b85,v2_unique_obstacles,outdoor,115,57.19999999999889,42.22500296447912,4,4,0,0,4.174892355264149,False,1,2026-09-14T06:07:38.080730+00:00,59926675
outdoor-65056c7dae07,v2_unique_obstacles,outdoor,138,68.79999999999824,47.079020772843805,5,5,0,0,4.551761576055801,True,3,2026-09-14T06:07:47.259006+00:00,112558121
indoor-f9b335062ef6,v2_unique_obstacles,indoor,123,61.19999999999973,30.581528271558376,8,8,0,9,1.0,False,11,2026-09-14T06:08:07.339774+00:00,89500535
outdoor-3e4b9e19cc9a,v2_unique_obstacles,outdoor,120,59.79999999999874,45.075897339789805,5,5,0,0,4.178188937879961,True,1,2026-09-14T06:08:26.256908+00:00,81559438
outdoor-72895b0151dc,v2_unique_obstacles,outdoor,197,98.39999999999655,76.66207879705166,9,9,0,0,7.828135745816195,False,1,2026-09-14T06:08:44.608753+00:00,121541211
indoor-d92c015a8d47,v2_unique_obstacles,indoor,182,90.89999999999804,43.4403382871353,12,12,0,11,1.0,False,1,2026-09-14T06:08:48.426952+00:00,180433951
outdoor-3ece8904abc1,v2_unique_obstacles,outdoor,179,89.39999999999706,65.42075579531908,7,7,0,0,6.2527339970276445,False,1,2026-09-14T06:08:52.042516+00:00,59310460
outdoor-08ef88b973d0,v2_unique_obstacles,outdoor,160,79.69999999999762,67.56726288104642,6,6,0,0,3.872207273918316,True,1,2026-09-14T06:09:01.275936+00:00,108359317
outdoor-3cbee54c8cee,v2_unique_obstacles,outdoor,169,83.99999999999737,57.9857028803463,7,7,0,0,6.298218547233545,False,1,2026-09-14T06:09:44.111651+00:00,134095577
outdoor-454d16656c3c,v2_unique_obstacles,outdoor,206,102.7999999999963,77.2435056380614,7,7,0,0,7.746979150127588,False,1,2026-09-14T06:10:07.468165+00:00,161116501
outdoor-6fa82d52e85d,v2_unique_obstacles,outdoor,281,139.99999999999758,101.6409237512602,9,9,0,0,9.359062946819945,False,1,2026-09-14T06:10:09.925282+00:00,137778505
outdoor-909ec77cc38d,v2_unique_obstacles,outdoor,197,98.19999999999656,74.16622981335597,8,8,0,0,6.926870358888781,False,1,2026-09-14T06:10:12.781180+00:00,102218732
indoor-fd74da839bb5,v2_unique_obstacles,indoor,99,49.200000000000415,28.167136186796725,8,8,0,9,1.0,False,13,2026-09-14T06:10:31.160525+00:00,105093199
outdoor-f9e7c63d8c60,v2_unique_obstacles,outdoor,129,64.39999999999849,44.34932798510302,4,4,0,0,4.498310271321085,False,1,2026-09-14T06:10:40.597760+00:00,47798348
outdoor-cb4494b3880c,v2_unique_obstacles,outdoor,104,51.599999999999206,45.78553919317401,4,4,0,0,3.547051528102992,True,1,2026-09-14T06:10:52.801928+00:00,69666463
indoor-cfd1f9d210bb,v2_unique_obstacles,indoor,243,121.19999999999632,47.12216729140632,14,14,0,8,1.0,False,4,2026-09-14T06:11:01.031731+00:00,154763326
indoor-681e2e394fb6,v2_unique_obstacles,indoor,155,77.09999999999883,27.926204117549315,8,8,0,12,1.0,False,1,2026-09-14T06:11:11.712722+00:00,131981575
outdoor-b45f690d88c3,v2_unique_obstacles,outdoor,151,75.19999999999787,58.80485527239208,7,7,0,0,3.893160825728751,True,1,2026-09-14T06:11:41.101489+00:00,65561635
indoor-476d9e5eeede,v2_unique_obstacles,indoor,107,53.10000000000019,29.50136636377426,8,8,0,8,1.0,False,6,2026-09-14T06:11:56.208615+00:00,111151223
outdoor-833e6f5a105d,v2_unique_obstacles,outdoor,168,83.5999999999974,61.63015945384679,7,7,0,0,6.058014840142248,False,1,2026-09-14T06:12:22.945338+00:00,67940713
indoor-12dc97193967,v2_unique_obstacles,indoor,223,111.29999999999688,44.96964515630707,14,14,0,8,1.0,False,1,2026-09-14T06:12:24.346776+00:00,160873407
indoor-bc71e585e3f2,v2_unique_obstacles,indoor,129,64.19999999999956,28.486203540022593,8,8,0,11,1.0,False,1,2026-09-14T06:12:39.197099+00:00,104003089
indoor-4a83e300feb0,v2_unique_obstacles,indoor,130,64.79999999999953,31.466457914703014,10,10,0,11,1.0,False,11,2026-09-14T06:12:59.646641+00:00,118828999
indoor-6599c21924a3,v2_unique_obstacles,indoor,138,68.6999999999993,22.32649109502998,8,8,0,11,1.0,False,2,2026-09-14T06:13:31.028971+00:00,102804943
outdoor-dd38f532a545,v2_unique_obstacles,outdoor,282,140.59999999999772,108.23519197071653,10,10,0,0,9.16278878599,True,1,2026-09-14T06:13:34.303213+00:00,92204986
outdoor-7cc26531bb6d,v2_unique_obstacles,outdoor,212,105.79999999999613,79.24673627111079,7,7,0,0,7.51153669983271,False,1,2026-09-14T06:13:59.605105+00:00,102537715
outdoor-6c922f4613d4,v2_unique_obstacles,outdoor,257,128.1999999999949,91.30453354955546,8,8,0,0,9.792409837940603,False,1,2026-09-14T06:14:39.532536+00:00,104793620
outdoor-20df9e3e58e3,v2_unique_obstacles,outdoor,234,116.59999999999552,86.81160764931738,9,9,0,0,8.433304692665391,True,1,2026-09-14T06:14:59.854549+00:00,97197775
outdoor-b350d1bcd1d9,v2_unique_obstacles,outdoor,243,120.99999999999527,85.4653359815675,9,9,0,0,9.79313345442816,True,1,2026-09-14T06:15:12.158533+00:00,122223957
outdoor-b7a74e8564bc,v2_unique_obstacles,outdoor,302,150.80000000000004,116.62584414659591,13,13,0,0,8.962681161405154,True,2,2026-09-14T06:15:15.080729+00:00,234976671
indoor-66e8108d3609,v2_unique_obstacles,indoor,123,61.19999999999973,24.321208812567743,7,7,0,11,1.0,False,2,2026-09-14T06:15:38.535310+00:00,106220172
outdoor-2ab283e2e0cb,v2_unique_obstacles,outdoor,115,56.9999999999989,39.77813164308733,4,4,0,0,4.123801153446543,False,1,2026-09-14T06:15:43.011810+00:00,84644417
outdoor-dc05a386012e,v2_unique_obstacles,outdoor,119,59.199999999998774,43.86250223173345,4,4,0,0,4.40348821965889,False,1,2026-09-14T06:16:26.115199+00:00,39384351
indoor-7ef5d955b076,v2_unique_obstacles,indoor,199,99.14999999999756,45.751641629849196,13,13,0,9,1.0,False,1,2026-09-14T06:16:34.996227+00:00,158103236
outdoor-90a6ac08d794,v2_unique_obstacles,outdoor,177,87.99999999999716,67.85187035374452,8,8,0,0,4.08333230658425,True,1,2026-09-14T06:16:52.887745+00:00,127329214
indoor-527c3d0a8b68,v2_unique_obstacles,indoor,118,58.79999999999987,25.383800597736464,9,9,0,12,1.0,False,7,2026-09-14T06:16:55.567370+00:00,111025421
outdoor-a52fc9b5a260,v2_unique_obstacles,outdoor,263,131.19999999999558,107.59547586109275,10,10,0,0,9.62783458749368,True,1,2026-09-14T06:16:56.824513+00:00,107695328
indoor-14ba2325826c,v2_unique_obstacles,indoor,90,44.70000000000043,23.144337285985866,6,6,0,11,1.0,False,1,2026-09-14T06:17:18.126677+00:00,82171082
outdoor-d78414f5708c,v2_unique_obstacles,outdoor,171,84.99999999999731,57.90503335106426,7,7,0,0,5.321559822867032,False,1,2026-09-14T06:17:29.764889+00:00,85274252
indoor-15118fbaebff,v2_unique_obstacles,indoor,163,80.99999999999861,32.65149486306828,11,11,0,12,1.0,False,1,2026-09-14T06:17:40.233029+00:00,119160309
indoor-01ab69a2a0d9,v2_unique_obstacles,indoor,140,69.89999999999924,31.49519635033909,8,8,0,8,1.0,False,3,2026-09-14T06:18:10.913253+00:00,125365148
indoor-89358081fe3f,v2_unique_obstacles,indoor,94,46.500000000000455,23.33569646835403,6,6,0,10,1.0,False,6,2026-09-14T06:18:20.790014+00:00,75816261
indoor-b317d4ca59b0,v2_unique_obstacles,indoor,146,72.89999999999907,30.950739366893828,8,8,0,8,1.0,False,8,2026-09-14T06:18:41.366012+00:00,100868473
indoor-df7e045907ea,v2_unique_obstacles,indoor,180,89.69999999999811,41.8143049508632,14,14,0,8,1.0,False,1,2026-09-14T06:18:46.475353+00:00,155118763
outdoor-1512eba86c3e,v2_unique_obstacles,outdoor,197,97.99999999999658,75.20386235891255,7,7,0,0,9.123016683616807,True,1,2026-09-14T06:19:20.889025+00:00,184843092
outdoor-e83734e16d59,v2_unique_obstacles,outdoor,102,50.59999999999926,44.60344159164515,4,4,0,0,3.3041598770294995,True,1,2026-09-14T06:19:21.473103+00:00,72021552
indoor-39d3bbb9d48e,v2_unique_obstacles,indoor,58,28.800000000000207,26.417899151513605,8,8,0,9,1.0,False,13,2026-09-14T06:19:37.265521+00:00,27050433
outdoor-5663838761ab,v2_unique_obstacles,outdoor,205,102.39999999999633,73.78513246782197,6,6,0,0,7.522213370936393,False,1,2026-09-14T06:20:02.864537+00:00,104782151
indoor-0fe77fc09f9c,v2_unique_obstacles,indoor,107,53.10000000000019,26.673640648421532,8,8,0,8,1.0,False,2,2026-09-14T06:20:17.976865+00:00,116575020
outdoor-6001173472fa,v2_unique_obstacles,outdoor,97,48.1999999999994,37.610770283447664,5,5,0,0,3.9457498265879645,False,1,2026-09-14T06:20:22.261666+00:00,75956792
indoor-cff90d094ead,v2_unique_obstacles,indoor,115,56.99999999999997,21.372993283141252,6,6,0,12,1.0,False,2,2026-09-14T06:20:22.493264+00:00,145359142
indoor-f574a8c03fb3,v2_unique_obstacles,indoor,284,141.59999999999516,58.039250809055915,17,17,0,8,1.0,False,9,2026-09-14T06:20:39.112387+00:00,216172633
indoor-cccd6e1247b1,v2_unique_obstacles,indoor,101,50.100000000000364,21.809592765320367,6,6,0,8,1.0,False,1,2026-09-14T06:20:59.407422+00:00,57941765
indoor-3ad5e74c885b,v2_unique_obstacles,indoor,97,48.300000000000466,21.170903630244208,6,6,0,9,1.0,False,18,2026-09-14T06:21:13.176614+00:00,89395199
outdoor-0248f8109dde,v2_unique_obstacles,outdoor,174,86.79999999999721,72.69095180322476,7,7,0,0,6.959581865192574,False,1,2026-09-14T06:21:28.812067+00:00,134729805
outdoor-a97b9a533e9c,v2_unique_obstacles,outdoor,228,113.59999999999569,88.19418827308958,9,9,0,0,8.505438302767537,False,1,2026-09-14T06:21:30.253188+00:00,78837471
outdoor-d80aa5c1d455,v2_unique_obstacles,outdoor,249,124.39999999999507,95.56569471648139,9,9,0,0,6.616411764117984,True,1,2026-09-14T06:21:51.413025+00:00,155163067
outdoor-d8459ea478e8,v2_unique_obstacles,outdoor,113,56.199999999998944,41.71542522677186,4,4,0,0,4.071183425124019,False,1,2026-09-14T06:22:14.706938+00:00,58155051
indoor-8982af2de825,v2_unique_obstacles,indoor,146,72.89999999999907,40.09642884523579,13,13,0,12,1.0,False,5,2026-09-14T06:22:48.941803+00:00,168703656
outdoor-a76d47faee5e,v2_unique_obstacles,outdoor,369,184.40000000000768,153.7995695797698,15,15,0,0,8.882270535152117,True,1,2026-09-14T06:22:49.404111+00:00,185171132
indoor-7083af22f9ca,v2_unique_obstacles,indoor,109,54.300000000000125,25.09164077150509,7,7,0,9,1.0,False,8,2026-09-14T06:22:55.164625+00:00,103388956
outdoor-d2ee836de803,v2_unique_obstacles,outdoor,161,80.19999999999759,61.126977178694204,6,6,0,0,6.543352100707954,False,1,2026-09-14T06:23:23.683076+00:00,64807520
outdoor-f2328e773bca,v2_unique_obstacles,outdoor,76,37.6,31.987650396975113,4,4,0,0,3.0861124911306104,False,1,2026-09-14T06:23:26.596741+00:00,39461081
outdoor-e5563e3acb21,v2_unique_obstacles,outdoor,345,172.40000000000495,128.59339138370254,12,12,0,0,9.233374881169244,True,1,2026-09-14T06:23:33.802192+00:00,219753908
indoor-e74f98d73b12,v2_unique_obstacles,indoor,136,67.49999999999937,25.875675053929946,7,7,0,8,1.0,False,1,2026-09-14T06:23:53.470958+00:00,104804136
indoor-7d6b5a0f0ea0,v2_unique_obstacles,indoor,181,89.9999999999981,45.32269973936282,14,14,0,8,1.0,False,12,2026-09-14T06:24:25.712104+00:00,135680923
indoor-e6e192df936c,v2_unique_obstacles,indoor,165,82.19999999999854,36.611589489924455,11,11,0,12,1.0,False,6,2026-09-14T06:24:33.981302+00:00,98889802
outdoor-ad7f22abc649,v2_unique_obstacles,outdoor,196,97.5999999999966,71.23739292635022,6,6,0,0,7.764691694441069,False,1,2026-09-14T06:24:34.797085+00:00,94694799
outdoor-a182ce92f351,v2_unique_obstacles,outdoor,133,66.19999999999838,56.57322120551498,5,5,0,0,5.7357877398695205,True,2,2026-09-14T06:24:50.398671+00:00,98957522
indoor-110a446ed5f5,v2_unique_obstacles,indoor,99,49.200000000000415,22.93265426737412,7,7,0,11,1.0,False,2,2026-09-14T06:25:24.230189+00:00,72478235
outdoor-373e83136b1e,v2_unique_obstacles,outdoor,268,133.79999999999617,93.3519283888958,9,9,0,0,8.82365985896064,True,2,2026-09-14T06:25:32.473658+00:00,133390059
outdoor-30e594375c07,v2_unique_obstacles,outdoor,172,85.79999999999727,63.57579213951371,5,5,0,0,8.56816899930109,True,1,2026-09-14T06:25:39.892396+00:00,125785848
outdoor-8e96b9d29874,v2_unique_obstacles,outdoor,240,119.79999999999534,92.06077837971833,8,8,0,0,9.515615276470296,False,1,2026-09-14T06:26:07.340467+00:00,113057758
indoor-2156b521b903,v2_unique_obstacles,indoor,248,123.89999999999617,55.611794052429715,17,17,0,11,1.0,False,12,2026-09-14T06:26:23.993807+00:00,175501950
indoor-ce402d130c87,v2_unique_obstacles,indoor,119,59.09999999999985,22.170396740026373,6,6,0,11,1.0,False,2,2026-09-14T06:26:27.002491+00:00,110891897
outdoor-eb1b61698c08,v2_unique_obstacles,outdoor,388,193.90000000000984,118.91070651361892,12,12,0,0,9.749581092921325,True,1,2026-09-14T06:26:58.635482+00:00,272343956
indoor-6d73bd00099f,v2_unique_obstacles,indoor,126,62.69999999999965,27.134758999281694,7,7,0,12,1.0,False,6,2026-09-14T06:27:12.315221+00:00,72425684
outdoor-d2dba97ff49f,v2_unique_obstacles,outdoor,270,134.59999999999636,106.11627811910947,11,11,0,0,7.630141038792003,True,1,2026-09-14T06:27:19.639363+00:00,186963148
indoor-d38467276a53,v2_unique_obstacles,indoor,133,65.99999999999946,33.34282417858246,10,10,0,9,1.0,False,2,2026-09-14T06:27:28.504177+00:00,96465513
outdoor-e8dd53557d22,v2_unique_obstacles,outdoor,246,122.59999999999518,93.93837412535781,8,8,0,0,7.736126946563001,True,1,2026-09-14T06:27:54.267939+00:00,161291817
indoor-4bb3334e2c36,v2_unique_obstacles,indoor,209,104.24999999999731,37.93508063862437,10,10,0,9,1.0,False,6,2026-09-14T06:28:21.718742+00:00,196674599
outdoor-879dacc08247,v2_unique_obstacles,outdoor,241,120.3999999999953,94.41840968449154,8,8,0,0,9.133229178702214,False,2,2026-09-14T06:28:32.591787+00:00,150946103
outdoor-5e4032411ce8,v2_unique_obstacles,outdoor,240,119.79999999999534,100.7913695432583,9,9,0,0,8.127730859164853,True,2,2026-09-14T06:29:00.950738+00:00,79991086
indoor-c1025f0e7f09,v2_unique_obstacles,indoor,113,56.400000000000006,27.498347223545977,7,7,0,9,1.0,False,10,2026-09-14T06:29:09.377802+00:00,81821102
indoor-49a6a1edd5bb,v2_unique_obstacles,indoor,116,57.59999999999994,23.787738597619825,6,6,0,9,1.0,False,6,2026-09-14T06:29:17.228479+00:00,106080678
outdoor-bcc2b72139c5,v2_unique_obstacles,outdoor,163,80.99999999999754,64.3246503751885,5,5,0,0,4.215568888953435,True,1,2026-09-14T06:29:56.960186+00:00,83017356
indoor-4276be038771,v2_unique_obstacles,indoor,89,44.40000000000043,26.45884499172407,8,8,0,11,1.0,False,6,2026-09-14T06:30:00.843602+00:00,92272007
indoor-c811912edd58,v2_unique_obstacles,indoor,125,62.399999999999665,23.36248784773964,8,8,0,8,1.0,False,7,2026-09-14T06:30:58.885687+00:00,134864961
indoor-555a4c8e9010,v2_unique_obstacles,indoor,105,52.200000000000244,24.07279404155308,6,6,0,9,1.0,False,16,2026-09-14T06:30:58.907435+00:00,94516305
outdoor-e5350e8a8470,v2_unique_obstacles,outdoor,292,145.7999999999989,122.58112719040692,12,12,0,0,8.390063658362493,True,1,2026-09-14T06:31:00.081317+00:00,212717673
outdoor-874a118df836,v2_unique_obstacles,outdoor,173,86.39999999999723,64.16701618601329,6,6,0,0,6.582346493288707,False,1,2026-09-14T06:31:24.183885+00:00,108279765
indoor-5cb44ee85fca,v2_unique_obstacles,indoor,130,64.79999999999953,28.805750578463403,9,9,0,9,1.0,False,1,2026-09-14T06:31:58.381613+00:00,120736657
indoor-f971264633b6,v2_unique_obstacles,indoor,69,34.20000000000029,24.150243664355216,7,7,0,9,1.0,False,12,2026-09-14T06:31:59.546764+00:00,54956528
indoor-c56fcf856f7a,v2_unique_obstacles,indoor,170,84.5999999999984,37.90818121430836,11,11,0,9,1.0,False,1,2026-09-14T06:32:10.286198+00:00,156632770
indoor-9bfdb3079e15,v2_unique_obstacles,indoor,112,55.50000000000006,26.096403847565334,9,9,0,9,1.0,False,15,2026-09-14T06:32:38.128206+00:00,97001063
indoor-dba692911182,v2_unique_obstacles,indoor,185,92.09999999999798,35.742617741033726,11,11,0,12,1.0,False,1,2026-09-14T06:32:42.553616+00:00,153675514
indoor-eef5d72f8c3a,v2_unique_obstacles,indoor,118,58.499999999999886,25.135889183485457,8,8,0,12,1.0,False,2,2026-09-14T06:32:51.945091+00:00,65338221
outdoor-f3be695fa8a9,v2_unique_obstacles,outdoor,137,68.39999999999826,47.96841517324228,6,6,0,0,5.405943085872201,True,1,2026-09-14T06:33:05.772927+00:00,92653226
indoor-ca6d965fb07c,v2_unique_obstacles,indoor,37,18.000000000000053,29.95666257003674,8,8,0,8,1.0,False,6,2026-09-14T06:33:08.851730+00:00,23912961
outdoor-8da7bc397920,v2_unique_obstacles,outdoor,129,63.9999999999985,50.68691556962328,5,5,0,0,4.923941393624998,True,1,2026-09-14T06:33:41.901421+00:00,67169920
indoor-0131ba7b7e86,v2_unique_obstacles,indoor,92,45.60000000000045,27.12012249072389,9,9,0,12,1.0,False,20,2026-09-14T06:33:54.626738+00:00,80854118
indoor-c62ea7175f19,v2_unique_obstacles,indoor,99,49.200000000000415,29.29876890088341,10,10,0,10,1.0,False,2,2026-09-14T06:34:06.054917+00:00,68162122
indoor-b15cb9c3e5fe,v2_unique_obstacles,indoor,114,56.69999999999999,46.54891896272102,13,13,0,11,1.0,False,3,2026-09-14T06:34:14.780259+00:00,99766666
indoor-a2f8ceb06960,v2_unique_obstacles,indoor,125,62.399999999999665,43.53730685490352,14,14,0,11,1.0,False,7,2026-09-14T06:34:23.070568+00:00,131592807
outdoor-5adea5efc9f7,v2_unique_obstacles,outdoor,87,43.19999999999968,33.6438393895275,4,4,0,0,3.200190168417427,False,1,2026-09-14T06:34:53.174002+00:00,29621680
outdoor-aba2a2cd8de0,v2_unique_obstacles,outdoor,253,125.99999999999498,92.4937259086872,10,10,0,0,8.456769285339139,False,1,2026-09-14T06:35:18.544803+00:00,131081530
outdoor-4d628a5c5d51,v2_unique_obstacles,outdoor,261,130.3999999999954,88.66008404021171,8,8,0,0,8.336039859130713,False,1,2026-09-14T06:35:38.483269+00:00,104440273
outdoor-5ced17eb353a,v2_unique_obstacles,outdoor,263,130.99999999999554,106.08329814588964,11,11,0,0,9.371182066765464,True,1,2026-09-14T06:36:04.954637+00:00,100570481
indoor-bc502ec3f3e4,v2_unique_obstacles,indoor,109,54.300000000000125,23.69740870027843,6,6,0,9,1.0,False,6,2026-09-14T06:36:33.557318+00:00,80570033
indoor-00012f6c2db0,v2_unique_obstacles,indoor,141,70.19999999999922,28.460128974307466,8,8,0,8,1.0,False,3,2026-09-14T06:36:48.669358+00:00,83454492
outdoor-ed8198db2605,v2_unique_obstacles,outdoor,199,99.1999999999965,75.06011947541396,8,8,0,0,7.363018006586034,False,1,2026-09-14T06:37:04.324538+00:00,75258962
indoor-8cf1f8d7dff4,v2_unique_obstacles,indoor,221,110.39999999999694,50.03208058269597,16,16,0,10,1.0,False,3,2026-09-14T06:37:18.521475+00:00,185009569
outdoor-388ace98d03d,v2_unique_obstacles,outdoor,201,100.39999999999644,77.81981927066596,8,8,0,0,7.5454012919901485,False,1,2026-09-14T06:37:45.755067+00:00,157719761
outdoor-d61fe37376b0,v2_unique_obstacles,outdoor,168,83.5999999999974,60.10334628907999,5,5,0,0,6.379020507967884,False,1,2026-09-14T06:38:14.102324+00:00,58683655
indoor-e369e725e6ba,v2_unique_obstacles,indoor,143,71.09999999999917,33.354673226369414,10,10,0,12,1.0,False,6,2026-09-14T06:38:14.237996+00:00,123961023
outdoor-7070ff44692f,v2_unique_obstacles,outdoor,130,64.79999999999846,54.726599765232436,4,4,0,0,5.382863249793421,False,1,2026-09-14T06:38:17.605602+00:00,103899796
indoor-b03bd42b255c,v2_unique_obstacles,indoor,96,47.70000000000047,23.756581024017716,8,8,0,11,1.0,False,4,2026-09-14T06:38:59.433788+00:00,107311156
outdoor-9a1d8f2fafb2,v2_unique_obstacles,outdoor,113,55.999999999998956,43.798735389091476,3,3,0,0,4.646622848768201,False,1,2026-09-14T06:39:00.136858+00:00,72130743
outdoor-e63b0bdf3722,v2_unique_obstacles,outdoor,131,64.99999999999844,49.95558681679597,5,5,0,0,4.541485752460327,True,1,2026-09-14T06:39:06.808521+00:00,76276935
outdoor-ac0e2e1cc2f4,v2_unique_obstacles,outdoor,333,166.4000000000036,133.53818800822717,12,12,0,0,8.809917280462763,True,1,2026-09-14T06:39:10.718017+00:00,151826273
indoor-03a423854384,v2_unique_obstacles,indoor,197,98.39999999999762,41.18658690345623,11,11,0,12,1.0,False,12,2026-09-14T06:39:45.584187+00:00,169298874
outdoor-9f2c6a1838f0,v2_unique_obstacles,outdoor,207,103.39999999999627,86.2919612551674,9,9,0,0,7.630789518228923,True,1,2026-09-14T06:39:50.261108+00:00,86003900
indoor-cebc7da36a13,v2_unique_obstacles,indoor,82,40.50000000000037,20.418551558321425,6,6,0,12,1.0,False,6,2026-09-14T06:41:04.346534+00:00,91485743
indoor-69d747ebe43f,v2_unique_obstacles,indoor,132,65.69999999999948,37.08927583357275,11,11,0,12,1.0,False,3,2026-09-14T06:41:08.320593+00:00,135708609
indoor-137cebab9577,v2_unique_obstacles,indoor,138,68.6999999999993,26.197923499666867,9,9,0,9,1.0,False,4,2026-09-14T06:41:14.329603+00:00,90843607
outdoor-2a8f717a07d2,v2_unique_obstacles,outdoor,118,58.59999999999881,45.1431293436972,5,5,0,0,4.156222342965699,False,1,2026-09-14T06:41:22.830970+00:00,82641123
indoor-a008b79140a8,v2_unique_obstacles,indoor,107,53.400000000000176,24.940384819286578,6,6,0,12,1.0,False,8,2026-09-14T06:41:29.632770+00:00,90108650
outdoor-d70aeb4817e3,v2_unique_obstacles,outdoor,96,47.59999999999943,38.66522809477755,4,4,0,0,5.1350186137300895,True,1,2026-09-14T06:42:05.794023+00:00,54487499
indoor-ecb455ca612c,v2_unique_obstacles,indoor,147,73.19999999999905,29.529688475017927,10,10,0,8,1.0,False,11,2026-09-14T06:42:26.271649+00:00,130480396
outdoor-64e80dac1440,v2_unique_obstacles,outdoor,155,77.39999999999775,62.42768122367468,7,7,0,0,6.6775532416992815,True,1,2026-09-14T06:42:28.221653+00:00,66702860
indoor-95dbc0cc966a,v2_unique_obstacles,indoor,157,77.99999999999878,28.33162927034617,8,8,0,11,1.0,False,2,2026-09-14T06:42:38.161286+00:00,91603140
outdoor-67f54549c32a,v2_unique_obstacles,outdoor,99,49.19999999999934,40.92705073999094,4,4,0,0,3.183529450987523,True,2,2026-09-14T06:43:28.808599+00:00,55077251
indoor-94ff4fbd0cfb,v2_unique_obstacles,indoor,278,138.59999999999533,61.46888644540566,19,19,0,11,1.0,False,3,2026-09-14T06:43:31.826663+00:00,205384952
indoor-ad3fa369e103,v2_unique_obstacles,indoor,85,42.300000000000395,31.439875697101293,9,9,0,11,1.0,False,4,2026-09-14T06:43:56.971481+00:00,88125005
indoor-9feb09471836,v2_unique_obstacles,indoor,154,76.49999999999886,31.35668192487568,8,8,0,9,1.0,False,11,2026-09-14T06:44:06.496653+00:00,114622465
outdoor-3dc49d88be35,v2_unique_obstacles,outdoor,255,126.99999999999493,94.89644415727523,8,8,0,0,9.410851236635565,True,1,2026-09-14T06:44:07.315973+00:00,166692447
outdoor-08c1bab810ce,v2_unique_obstacles,outdoor,329,164.00000000000304,126.28228629246871,13,13,0,0,9.073409263773957,True,1,2026-09-14T06:44:20.700210+00:00,173065728
outdoor-9897520ae8df,v2_unique_obstacles,outdoor,135,67.39999999999831,49.084034558875494,6,6,0,0,4.902460324428233,True,1,2026-09-14T06:44:31.806754+00:00,130879925
outdoor-57ee6c2eb121,v2_unique_obstacles,outdoor,217,108.39999999999598,92.81381197976631,9,9,0,0,7.392750601089627,True,1,2026-09-14T06:44:34.290136+00:00,168691371
outdoor-2899521186e1,v2_unique_obstacles,outdoor,97,47.99999999999941,34.98443013834598,4,4,0,0,3.449116667014011,False,1,2026-09-14T06:44:40.096088+00:00,49274939
indoor-aa8aef0a5b15,v2_unique_obstacles,indoor,113,56.10000000000002,22.333989447362757,8,8,0,8,1.0,False,4,2026-09-14T06:45:21.052699+00:00,66055139
indoor-df6df3a3032c,v2_unique_obstacles,indoor,128,63.89999999999958,26.048821467636245,7,7,0,9,1.0,False,9,2026-09-14T06:45:29.310959+00:00,169491964
indoor-b7851260548d,v2_unique_obstacles,indoor,96,47.70000000000047,22.387715360910306,6,6,0,10,1.0,False,3,2026-09-14T06:45:35.082575+00:00,69523371
outdoor-e905808c6262,v2_unique_obstacles,outdoor,172,85.79999999999727,65.58749326416283,6,6,0,0,7.324271363314123,True,1,2026-09-14T06:45:44.248290+00:00,88627520
outdoor-50571c46b1ca,v2_unique_obstacles,outdoor,185,92.3999999999969,65.91177237307645,7,7,0,0,6.697019203647419,False,1,2026-09-14T06:46:00.761237+00:00,79419186
indoor-a0201d66b929,v2_unique_obstacles,indoor,142,70.79999999999919,29.677032096382955,9,9,0,11,1.0,False,6,2026-09-14T06:46:06.930150+00:00,75565785
outdoor-48b522321bd5,v2_unique_obstacles,outdoor,104,51.799999999999194,46.31723993508849,6,6,0,0,3.29105605688313,True,1,2026-09-14T06:46:08.826534+00:00,35577916
outdoor-83b94ba72398,v2_unique_obstacles,outdoor,105,51.99999999999918,39.91457785102019,4,4,0,0,4.1480663394876185,False,1,2026-09-14T06:46:23.458371+00:00,82799929
indoor-f23ef0dd53e4,v2_unique_obstacles,indoor,158,78.59999999999874,37.02403629202847,11,11,0,9,1.0,False,5,2026-09-14T06:47:15.396243+00:00,154348337
outdoor-59b3c9a97a72,v2_unique_obstacles,outdoor,171,84.99999999999731,65.95303065079156,6,6,0,0,5.187349864142622,True,1,2026-09-14T06:47:18.845734+00:00,59176496
indoor-e8df9a6d8cfc,v2_unique_obstacles,indoor,88,43.50000000000041,23.651000569096645,6,6,0,12,1.0,False,20,2026-09-14T06:47:26.028703+00:00,68044623
outdoor-6f2cecd021e3,v2_unique_obstacles,outdoor,190,94.79999999999676,69.41287540374054,7,7,0,0,4.671568436030444,True,1,2026-09-14T06:47:53.019748+00:00,134255055
outdoor-6f25bdcad47b,v2_unique_obstacles,outdoor,250,124.79999999999505,89.47332550673465,8,8,0,0,9.296691431142456,False,1,2026-09-14T06:48:05.580719+00:00,86726785
outdoor-cdeee1a448fe,v2_unique_obstacles,outdoor,90,44.79999999999959,31.62673081739193,3,3,0,0,3.483603603840111,True,1,2026-09-14T06:48:11.094433+00:00,52437514
indoor-57c29212f37b,v2_unique_obstacles,indoor,133,65.99999999999946,31.102128767241446,9,9,0,9,1.0,False,9,2026-09-14T06:48:53.860706+00:00,156058590
outdoor-080fac756fd3,v2_unique_obstacles,outdoor,109,54.19999999999906,37.99275390390369,4,4,0,0,3.793704561146614,False,1,2026-09-14T06:48:59.909730+00:00,86139338
indoor-c1ea912f84e9,v2_unique_obstacles,indoor,280,139.49999999999528,63.03606360139763,19,19,0,12,1.0,False,8,2026-09-14T06:49:08.249600+00:00,159342429
outdoor-2660f3f72e10,v2_unique_obstacles,outdoor,300,149.6999999999998,99.68323530738944,9,9,0,0,9.198902498893833,False,1,2026-09-14T06:49:41.975106+00:00,182971150
outdoor-c2124de89834,v2_unique_obstacles,outdoor,297,148.3999999999995,114.80870866178441,11,11,0,0,7.490172209550684,True,1,2026-09-14T06:49:48.786869+00:00,125686341
outdoor-d81e59eec580,v2_unique_obstacles,outdoor,181,89.99999999999703,69.89130104940959,8,8,0,0,6.541898397934575,False,1,2026-09-14T06:49:53.140855+00:00,111263268
outdoor-70e0404836bb,v2_unique_obstacles,outdoor,117,57.99999999999884,53.022508153233076,6,6,0,0,3.7034579902504774,True,1,2026-09-14T06:49:59.817692+00:00,82299914
outdoor-209910fe53dc,v2_unique_obstacles,outdoor,135,67.39999999999831,51.91433089137412,6,6,0,0,5.084012393910699,False,1,2026-09-14T06:51:17.141649+00:00,46147919
outdoor-cacca33ed73d,v2_unique_obstacles,outdoor,236,117.59999999999546,98.01287901418817,10,10,0,0,7.362386963840823,True,1,2026-09-14T06:51:38.432605+00:00,115544296
indoor-e787d5998e24,v2_unique_obstacles,indoor,286,142.4999999999951,62.994154187577095,20,20,0,9,1.0,False,4,2026-09-14T06:51:42.156283+00:00,222808844
indoor-c715bb482532,v2_unique_obstacles,indoor,145,72.2999999999991,41.47463599061803,13,13,0,8,1.0,False,9,2026-09-14T06:51:48.142391+00:00,130325382
indoor-8cfa260225ad,v2_unique_obstacles,indoor,126,62.69999999999965,25.95358357712421,9,9,0,12,1.0,False,15,2026-09-14T06:52:55.195434+00:00,113826008
indoor-85867cd8674b,v2_unique_obstacles,indoor,225,112.19999999999683,56.178293200246024,18,18,0,8,1.0,False,12,2026-09-14T06:52:57.551992+00:00,163155475
indoor-692214120c89,v2_unique_obstacles,indoor,184,91.799999999998,43.22203586046899,13,13,0,10,1.0,False,16,2026-09-14T06:53:22.289448+00:00,145211393
indoor-3cbe37ff2383,v2_unique_obstacles,indoor,193,95.99999999999775,40.50031433107933,12,12,0,11,1.0,False,6,2026-09-14T06:53:44.445464+00:00,128882923
indoor-4ed961fa8e71,v2_unique_obstacles,indoor,113,56.400000000000006,24.975122515406497,6,6,0,10,1.0,False,10,2026-09-14T06:54:03.961322+00:00,110202253
indoor-31ecffcd8754,v2_unique_obstacles,indoor,169,84.29999999999842,54.74601362892196,16,16,0,9,1.0,False,4,2026-09-14T06:55:04.648167+00:00,158219500
outdoor-52bfdd99d98a,v2_unique_obstacles,outdoor,89,44.199999999999626,33.9307649396595,4,4,0,0,3.24872705445948,True,2,2026-09-14T06:55:07.432760+00:00,35166546
outdoor-b60f2baa1ae4,v2_unique_obstacles,outdoor,219,108.99999999999595,78.85670215296801,7,7,0,0,7.443411737183755,False,1,2026-09-14T06:55:11.498038+00:00,112201280
indoor-32c767c7a521,v2_unique_obstacles,indoor,166,82.9499999999985,28.44414680077962,10,10,0,12,1.0,False,16,2026-09-14T06:55:12.856278+00:00,133483158
indoor-5defc5d80a59,v2_unique_obstacles,indoor,217,107.99999999999707,44.18051342581286,14,14,0,8,1.0,False,3,2026-09-14T06:55:14.320592+00:00,166701665
indoor-f8a0f4b62b16,v2_unique_obstacles,indoor,180,89.69999999999811,32.83814493603936,9,9,0,10,1.0,False,12,2026-09-14T06:55:22.521226+00:00,165123549
outdoor-e6bde00be833,v2_unique_obstacles,outdoor,175,87.19999999999719,67.9708419356741,7,7,0,0,6.722048707861093,False,1,2026-09-14T06:56:36.943361+00:00,135356577
outdoor-fcd18ae58209,v2_unique_obstacles,outdoor,188,93.79999999999681,72.4692481727072,6,6,0,0,6.103555343612307,True,1,2026-09-14T06:56:51.081180+00:00,121360335
indoor-01caf489a2ce,v2_unique_obstacles,indoor,205,102.2999999999974,44.05269384922456,12,12,0,8,1.0,False,5,2026-09-14T06:57:07.391754+00:00,154486668
outdoor-559649646a1a,v2_unique_obstacles,outdoor,230,114.59999999999563,83.10084570358623,9,9,0,0,8.134985354197141,False,1,2026-09-14T06:57:23.843978+00:00,71531437
outdoor-7e1c9148637d,v2_unique_obstacles,outdoor,259,129.39999999999517,104.64981910757206,11,11,0,0,9.527053430625548,True,2,2026-09-14T06:57:43.790092+00:00,99592689
outdoor-932969d67aaf,v2_unique_obstacles,outdoor,247,123.39999999999513,98.90852085296791,11,11,0,0,6.563991720242588,True,2,2026-09-14T06:57:54.237163+00:00,124485731
outdoor-620c1fad968a,v2_unique_obstacles,outdoor,222,110.59999999999586,83.27062732122283,7,7,0,0,8.989511322726194,True,1,2026-09-14T06:58:28.930396+00:00,160667209
outdoor-e055e84e0024,v2_unique_obstacles,outdoor,207,103.39999999999627,77.06356408398746,8,8,0,0,7.946802682428894,False,1,2026-09-14T06:58:30.566743+00:00,100793193
indoor-d4e0f648d50d,v2_unique_obstacles,indoor,308,153.89999999999446,61.22115471250616,18,18,0,12,1.0,False,7,2026-09-14T06:58:40.500283+00:00,218346955
outdoor-bed8de64e7c6,v2_unique_obstacles,outdoor,148,73.79999999999795,55.898272253329736,7,7,0,0,6.191930497729095,False,1,2026-09-14T06:58:51.374128+00:00,76587481
outdoor-d34a1f854c80,v2_unique_obstacles,outdoor,143,71.39999999999809,63.95471826849793,6,6,0,0,4.3171773220985745,True,1,2026-09-14T06:58:56.206478+00:00,83037741
outdoor-db8585be6f4d,v2_unique_obstacles,outdoor,172,85.79999999999727,64.72007222452176,6,6,0,0,7.040566593760735,False,1,2026-09-14T06:58:58.208632+00:00,103345971
outdoor-13279791f898,v2_unique_obstacles,outdoor,141,70.19999999999816,56.04879324487145,6,6,0,0,5.310742423430152,False,1,2026-09-14T06:59:27.988507+00:00,74133491
indoor-bc8564e7b507,v2_unique_obstacles,indoor,109,54.00000000000014,22.554895410669026,7,7,0,9,1.0,False,2,2026-09-14T06:59:45.487751+00:00,63328490
indoor-f3ae8c092a5e,v2_unique_obstacles,indoor,142,70.79999999999919,28.38370140102858,9,9,0,8,1.0,False,3,2026-09-14T07:00:12.947851+00:00,148299060
indoor-85fd3e2d8ee7,v2_unique_obstacles,indoor,126,62.69999999999965,26.76378733134295,7,7,0,8,1.0,False,4,2026-09-14T07:00:40.236101+00:00,61554674
indoor-595c972d1d4e,v2_unique_obstacles,indoor,242,120.74999999999638,54.86498860086158,17,17,0,12,1.0,False,10,2026-09-14T07:00:41.718582+00:00,142872167
indoor-b2da71ad8d8e,v2_unique_obstacles,indoor,133,65.99999999999946,22.95671087666432,8,8,0,9,1.0,False,4,2026-09-14T07:00:51.156317+00:00,133234019
indoor-af65d21c2d3e,v2_unique_obstacles,indoor,124,61.499999999999716,25.689021210156305,8,8,0,11,1.0,False,6,2026-09-14T07:01:00.880848+00:00,58222354
outdoor-c850d5566fb4,v2_unique_obstacles,outdoor,132,65.59999999999842,48.411179748587315,6,6,0,0,4.967566844250705,False,1,2026-09-14T07:01:11.665856+00:00,102552182
indoor-8f9acb8aef07,v2_unique_obstacles,indoor,198,98.6999999999976,49.212953769360276,16,16,0,9,1.0,False,13,2026-09-14T07:01:22.436531+00:00,152977028
indoor-9cc25f4c0b72,v2_unique_obstacles,indoor,134,66.89999999999941,36.0869423151769,10,10,0,10,1.0,False,6,2026-09-14T07:01:24.035095+00:00,131218083
indoor-058a8eee3004,v2_unique_obstacles,indoor,140,69.59999999999926,32.67592097205146,11,11,0,11,1.0,False,3,2026-09-14T07:01:56.369437+00:00,94047841
outdoor-6669492c0d7b,v2_unique_obstacles,outdoor,188,93.79999999999681,67.09293701479248,8,8,0,0,6.905982459887838,False,1,2026-09-14T07:02:15.886246+00:00,79013926
outdoor-f7dd6ea0321c,v2_unique_obstacles,outdoor,122,60.599999999998694,50.20973201167273,5,5,0,0,3.864722893868197,True,2,2026-09-14T07:02:17.055265+00:00,76432663
indoor-3c289a091395,v2_unique_obstacles,indoor,123,61.19999999999973,24.68765141619084,7,7,0,8,1.0,False,10,2026-09-14T07:02:57.688422+00:00,121889308
indoor-5e5049e62ba5,v2_unique_obstacles,indoor,142,70.4999999999992,30.78731274700872,10,10,0,12,1.0,False,6,2026-09-14T07:03:00.308226+00:00,139195499
indoor-198884df3fce,v2_unique_obstacles,indoor,49,24.300000000000143,22.2498312089121,7,7,0,6,1.0,False,14,2026-09-14T07:03:20.906704+00:00,40136953
outdoor-000f88890e50,v2_unique_obstacles,outdoor,314,156.8000000000014,119.72461920458586,12,12,0,0,8.863813276097925,True,1,2026-09-14T07:03:20.974253+00:00,199876624
indoor-f513821f7193,v2_unique_obstacles,indoor,115,56.99999999999997,21.554861854148626,5,5,0,12,1.0,False,4,2026-09-14T07:03:23.347041+00:00,86213001
outdoor-7a560414fdc0,v2_unique_obstacles,outdoor,283,140.9999999999978,102.74669639911869,10,10,0,0,9.602894785805518,False,1,2026-09-14T07:04:06.951950+00:00,134577157
outdoor-c09e36e2b0a6,v2_unique_obstacles,outdoor,173,85.99999999999726,60.942757249782176,5,5,0,0,6.606555389617192,False,1,2026-09-14T07:04:33.005857+00:00,85055068
indoor-88cc6efe222a,v2_unique_obstacles,indoor,266,132.59999999999567,57.67357053399021,18,18,0,8,1.0,False,6,2026-09-14T07:04:46.273110+00:00,177739229
indoor-c73ce3e5564a,v2_unique_obstacles,indoor,170,84.5999999999984,43.24821855536294,12,12,0,9,1.0,False,7,2026-09-14T07:04:58.150516+00:00,126054931
indoor-87fe4f79438c,v2_unique_obstacles,indoor,173,86.3999999999983,37.98591309269279,12,12,0,11,1.0,False,1,2026-09-14T07:05:21.609716+00:00,131034603
outdoor-b893bca72a23,v2_unique_obstacles,outdoor,193,95.99999999999669,72.33214532532347,7,7,0,0,7.185496108723244,False,3,2026-09-14T07:05:22.991968+00:00,148597864
indoor-aa993fc67701,v2_unique_obstacles,indoor,214,106.79999999999714,44.744048143817764,13,13,0,12,1.0,False,3,2026-09-14T07:05:28.396521+00:00,206274417
indoor-3b0d8965b0f4,v2_unique_obstacles,indoor,96,47.70000000000047,23.730183212352667,7,7,0,12,1.0,False,3,2026-09-14T07:05:59.885465+00:00,55264479
outdoor-599a5650e93a,v2_unique_obstacles,outdoor,101,50.199999999999285,39.601942998081256,5,5,0,0,3.6443694092140917,False,1,2026-09-14T07:06:12.743218+00:00,41984412
outdoor-d1dfdbbbf86a,v2_unique_obstacles,outdoor,133,65.9999999999984,47.19950040950545,6,6,0,0,4.665937417914613,False,1,2026-09-14T07:06:24.226388+00:00,47978501
indoor-830406bfbd2e,v2_unique_obstacles,indoor,183,91.19999999999803,40.7757818751931,11,11,0,9,1.0,False,10,2026-09-14T07:06:47.343835+00:00,158276131
outdoor-f6f903742730,v2_unique_obstacles,outdoor,93,45.999999999999524,43.116293612370654,4,4,0,0,3.7023180600354255,True,1,2026-09-14T07:07:13.898917+00:00,87856728
indoor-7f886108f185,v2_unique_obstacles,indoor,305,152.09999999999457,63.23176856232335,20,20,0,12,1.0,False,3,2026-09-14T07:07:25.942379+00:00,251810204
indoor-2ba30e79566d,v2_unique_obstacles,indoor,77,38.100000000000335,26.338579365568506,9,9,0,10,1.0,False,6,2026-09-14T07:07:26.474392+00:00,68874418
outdoor-f27226689209,v2_unique_obstacles,outdoor,193,96.19999999999668,67.2561010196757,8,8,0,0,5.908966658213972,True,1,2026-09-14T07:07:28.198618+00:00,72196037
indoor-aa45dfa4e96c,v2_unique_obstacles,indoor,157,78.29999999999876,26.626845137157645,7,7,0,11,1.0,False,3,2026-09-14T07:07:29.466599+00:00,156057257
indoor-4ff14a05c073,v2_unique_obstacles,indoor,134,66.59999999999943,29.65345591113817,9,9,0,10,1.0,False,16,2026-09-14T07:07:50.840701+00:00,125264392
outdoor-22420669a31d,v2_unique_obstacles,outdoor,118,58.799999999998796,47.198721728654036,6,6,0,0,4.37653771700249,False,1,2026-09-14T07:08:17.915774+00:00,75825384
indoor-785ff5582723,v2_unique_obstacles,indoor,164,81.59999999999857,32.71951236639695,9,9,0,12,1.0,False,8,2026-09-14T07:08:42.108437+00:00,108154129
outdoor-5b59971d7b6b,v2_unique_obstacles,outdoor,128,63.59999999999852,49.4289104953142,6,6,0,0,5.232875656504524,False,1,2026-09-14T07:08:47.373382+00:00,64526254
indoor-70e42755c8d3,v2_unique_obstacles,indoor,151,75.29999999999893,32.32461603775581,9,9,0,9,1.0,False,5,2026-09-14T07:08:48.171161+00:00,167183551
indoor-0f227c8bc6c3,v2_unique_obstacles,indoor,173,86.09999999999832,41.05135223457583,12,12,0,12,1.0,False,6,2026-09-14T07:09:27.360017+00:00,162336754
indoor-cf45b7984855,v2_unique_obstacles,indoor,123,61.19999999999973,26.77793694078822,7,7,0,8,1.0,False,12,2026-09-14T07:09:44.248825+00:00,83677604
outdoor-6fecaa7fb757,v2_unique_obstacles,outdoor,275,137.19999999999695,100.93616235390579,10,10,0,0,9.475971898599834,False,1,2026-09-14T07:09:47.318557+00:00,135777711
outdoor-8eb2ff1c86db,v2_unique_obstacles,outdoor,73,36.100000000000094,37.732773492842135,4,4,0,0,3.7980880364227367,True,1,2026-09-14T07:10:27.529965+00:00,44294546
outdoor-ee274fe2eb24,v2_unique_obstacles,outdoor,353,176.00000000000577,133.86748573632403,12,12,0,0,9.18944415931998,True,1,2026-09-14T07:10:44.059201+00:00,194915429
outdoor-7ac9921c318f,v2_unique_obstacles,outdoor,132,65.7999999999984,51.5911152370994,5,5,0,0,4.833199540649181,False,1,2026-09-14T07:10:49.420657+00:00,68177881
indoor-f602cc5add0e,v2_unique_obstacles,indoor,157,78.29999999999876,38.26815918391239,10,10,0,10,1.0,False,9,2026-09-14T07:10:59.590305+00:00,89937630
indoor-3ed2f7c7440a,v2_unique_obstacles,indoor,196,97.79999999999765,40.53341256316237,12,12,0,8,1.0,False,14,2026-09-14T07:11:20.649557+00:00,112785347
indoor-daea7c6f0a91,v2_unique_obstacles,indoor,292,145.79999999999492,63.84938299212777,19,19,0,10,1.0,False,5,2026-09-14T07:11:23.661258+00:00,299549050
outdoor-a343574b563a,v2_unique_obstacles,outdoor,279,138.99999999999736,115.2315619674543,11,11,0,0,8.260663308094028,True,1,2026-09-14T07:11:30.588612+00:00,100421574
outdoor-24997c3a7655,v2_unique_obstacles,outdoor,170,84.79999999999733,68.37643547442775,6,6,0,0,6.573284727446532,False,1,2026-09-14T07:11:55.726271+00:00,133415146
indoor-868f2980ef3d,v2_unique_obstacles,indoor,115,56.99999999999997,26.622933239884993,8,8,0,9,1.0,False,5,2026-09-14T07:12:31.937291+00:00,115951957
indoor-21ab86b7de5d,v2_unique_obstacles,indoor,104,51.90000000000026,21.245273898557166,6,6,0,9,1.0,False,7,2026-09-14T07:12:32.706048+00:00,64293155
outdoor-0ce64aeb663b,v2_unique_obstacles,outdoor,87,43.39999999999967,31.250983476404436,4,4,0,0,4.074014719429929,True,3,2026-09-14T07:12:34.372262+00:00,36246608
indoor-388116aa4970,v2_unique_obstacles,indoor,178,88.64999999999816,38.55076474802638,13,13,0,12,1.0,False,9,2026-09-14T07:13:00.082349+00:00,142428064
outdoor-6579694be497,v2_unique_obstacles,outdoor,207,103.19999999999628,77.21059561034606,7,7,0,0,7.670336007660332,False,2,2026-09-14T07:13:03.697749+00:00,67810979
indoor-05dab1420ed4,v2_unique_obstacles,indoor,113,56.400000000000006,24.41102220554879,7,7,0,12,1.0,False,11,2026-09-14T07:13:37.337858+00:00,95196678
outdoor-4894e1da00f0,v2_unique_obstacles,outdoor,175,86.9999999999972,65.42136126130725,7,7,0,0,6.567150798947645,False,1,2026-09-14T07:13:46.850114+00:00,168145596
outdoor-2d022dd2679a,v2_unique_obstacles,outdoor,322,160.60000000000227,126.08223691315456,13,13,0,0,7.600696955522619,True,1,2026-09-14T07:13:51.804978+00:00,223508872
indoor-5739852a79f4,v2_unique_obstacles,indoor,133,66.29999999999944,26.453558969182254,7,7,0,12,1.0,False,4,2026-09-14T07:14:07.092073+00:00,100237452
indoor-26154c6adcae,v2_unique_obstacles,indoor,117,58.1999999999999,24.309040679218242,7,7,0,8,1.0,False,3,2026-09-14T07:14:17.306459+00:00,84562773
outdoor-aabe55818cf8,v2_unique_obstacles,outdoor,101,50.399999999999274,39.01469337647208,4,4,0,0,4.210817276821147,False,1,2026-09-14T07:14:52.515207+00:00,34502363
indoor-9a6384f47ebe,v2_unique_obstacles,indoor,142,70.4999999999992,28.450848778447916,8,8,0,10,1.0,False,17,2026-09-14T07:15:28.429075+00:00,101341924
indoor-5192b8169a09,v2_unique_obstacles,indoor,190,94.79999999999782,46.16302382547056,15,15,0,11,1.0,False,7,2026-09-14T07:15:49.905453+00:00,147477810
indoor-db154ab0a2a1,v2_unique_obstacles,indoor,235,116.99999999999656,55.89853635492791,16,16,0,8,1.0,False,7,2026-09-14T07:16:09.010943+00:00,132320599
outdoor-9e7ece7e4b9a,v2_unique_obstacles,outdoor,81,40.199999999999854,28.908798346635923,2,2,0,0,3.1072680375459507,False,1,2026-09-14T07:16:43.400380+00:00,49479684
indoor-26bb20a42f9d,v2_unique_obstacles,indoor,136,67.79999999999936,26.33722652345578,9,9,0,11,1.0,False,4,2026-09-14T07:16:49.906200+00:00,101135336
indoor-be96da43cdb0,v2_unique_obstacles,indoor,130,64.79999999999953,26.254197242780673,7,7,0,12,1.0,False,16,2026-09-14T07:16:55.057081+00:00,98342926
indoor-e8242060c6a9,v2_unique_obstacles,indoor,58,28.800000000000207,23.19112338685872,6,6,0,10,1.0,False,14,2026-09-14T07:17:16.500504+00:00,64323656
outdoor-fb563e90f58e,v2_unique_obstacles,outdoor,376,187.80000000000845,130.6473116297638,14,14,0,0,7.794149857814555,True,2,2026-09-14T07:18:07.732492+00:00,159235657
outdoor-1d9dea9e0525,v2_unique_obstacles,outdoor,210,104.89999999999618,75.56778334897868,9,9,0,0,7.4176214722607,True,1,2026-09-14T07:18:15.643981+00:00,104300790
outdoor-839f408ed52b,v2_unique_obstacles,outdoor,266,132.79999999999595,93.92809863257636,10,10,0,0,9.477079818734156,False,1,2026-09-14T07:18:35.463111+00:00,130512266
indoor-2e6b3a800bd3,v2_unique_obstacles,indoor,138,68.6999999999993,31.639048845479312,10,10,0,10,1.0,False,6,2026-09-14T07:19:05.440316+00:00,78803278
indoor-33f80c6709e5,v2_unique_obstacles,indoor,262,130.79999999999578,58.330299812898986,17,17,0,12,1.0,False,6,2026-09-14T07:19:06.652164+00:00,166488224
outdoor-42a2697de385,v2_unique_obstacles,outdoor,145,71.99999999999805,57.39650762131162,6,6,0,0,5.370227199525444,False,2,2026-09-14T07:19:32.073493+00:00,95572426
indoor-30f27f1e5c63,v2_unique_obstacles,indoor,135,67.19999999999939,24.317819047929262,7,7,0,8,1.0,False,7,2026-09-14T07:19:54.816484+00:00,106410386
outdoor-97cbfb8d42fd,v2_unique_obstacles,outdoor,198,98.59999999999654,73.99421386782892,6,6,0,0,5.963572793911212,True,2,2026-09-14T07:20:10.582116+00:00,82583895
outdoor-578b15dce2a7,v2_unique_obstacles,outdoor,71,35.20000000000014,34.93444128145795,2,2,0,0,3.6667529631319185,True,1,2026-09-14T07:20:15.601173+00:00,29876789
outdoor-4db90c8de12a,v2_unique_obstacles,outdoor,149,74.39999999999792,52.93627298787182,4,4,0,0,5.389612606802821,False,1,2026-09-14T07:20:55.327246+00:00,99451485
outdoor-bb9468d8eb1e,v2_unique_obstacles,outdoor,323,161.2000000000024,122.29061208341444,12,12,0,0,9.171657369239933,True,1,2026-09-14T07:21:08.694206+00:00,143296344
outdoor-06737e5eb8a9,v2_unique_obstacles,outdoor,221,109.99999999999591,55.43207508212424,7,7,0,0,7.782503694920478,True,1,2026-09-14T07:21:35.755907+00:00,82408910
outdoor-ebef3bd2ad3c,v2_unique_obstacles,outdoor,259,128.99999999999508,73.74643260912669,7,7,0,0,7.46342924893394,True,1,2026-09-14T07:21:36.679433+00:00,161914773
indoor-ce38c18c3681,v2_unique_obstacles,indoor,214,106.79999999999714,44.43985988091443,13,13,0,9,1.0,False,16,2026-09-14T07:22:23.168023+00:00,219491628
outdoor-a03682d7e0a7,v2_unique_obstacles,outdoor,280,139.79999999999754,114.01707210170325,12,12,0,0,9.091687366376924,True,1,2026-09-14T07:22:45.689785+00:00,176808965
outdoor-5929472879ae,v2_unique_obstacles,outdoor,173,86.19999999999725,65.0295357044987,6,6,0,0,6.768073748777873,False,1,2026-09-14T07:22:47.446748+00:00,60566756
outdoor-614e23af6d1b,v2_unique_obstacles,outdoor,215,107.19999999999605,74.408860065207,8,8,0,0,7.549630386374297,False,1,2026-09-14T07:23:05.763818+00:00,112702545
outdoor-5c977bfcfb2e,v2_unique_obstacles,outdoor,106,52.89999999999913,34.69132283565793,4,4,0,0,3.164017724391914,True,1,2026-09-14T07:23:06.852669+00:00,83235427
indoor-84175bd6f02c,v2_unique_obstacles,indoor,236,117.59999999999653,51.026477499644194,15,15,0,10,1.0,False,8,2026-09-14T07:23:37.105130+00:00,191156771
indoor-79a15b811ccd,v2_unique_obstacles,indoor,58,28.800000000000207,21.152841118408993,5,5,0,11,1.0,False,1,2026-09-14T07:23:42.339190+00:00,57961317
outdoor-fb6c51f50655,v2_unique_obstacles,outdoor,181,90.19999999999702,69.35087314733315,6,6,0,0,7.424019219025624,False,1,2026-09-14T07:23:58.010262+00:00,73613692
outdoor-03ea99b7e50f,v2_unique_obstacles,outdoor,129,63.9999999999985,51.11435480886931,6,6,0,0,3.8937968259049596,True,1,2026-09-14T07:23:59.999349+00:00,68066310
outdoor-a28ef8cfc58e,v2_unique_obstacles,outdoor,147,73.39999999999797,54.32254659118728,4,4,0,0,5.5537490450899245,False,1,2026-09-14T07:24:03.821778+00:00,46307442
indoor-44b417045c9c,v2_unique_obstacles,indoor,151,75.29999999999893,33.640230791038775,10,10,0,11,1.0,False,6,2026-09-14T07:24:23.940638+00:00,122526182
indoor-67c7582b7356,v2_unique_obstacles,indoor,127,63.14999999999963,23.203293784028556,7,7,0,12,1.0,False,1,2026-09-14T07:24:39.238899+00:00,114160362
indoor-999721bd1063,v2_unique_obstacles,indoor,195,97.19999999999769,43.30882321674616,14,14,0,12,1.0,False,3,2026-09-14T07:25:04.761096+00:00,139736640
outdoor-77eecafcc9e3,v2_unique_obstacles,outdoor,191,94.99999999999675,75.32062732869166,8,8,0,0,6.541918107864589,True,1,2026-09-14T07:25:10.609298+00:00,96716502
indoor-3991fe6e4035,v2_unique_obstacles,indoor,49,24.00000000000014,22.70613257312463,6,6,0,6,1.0,False,10,2026-09-14T07:25:28.784854+00:00,36227014
outdoor-04d7386e9d87,v2_unique_obstacles,outdoor,249,124.19999999999509,91.25762545301099,9,9,0,0,9.35125342688211,False,1,2026-09-14T07:25:42.184119+00:00,101137988
indoor-a30e3bac32e5,v2_unique_obstacles,indoor,100,49.5000000000004,28.482446386959726,8,8,0,12,1.0,False,3,2026-09-14T07:25:43.108864+00:00,98964120
outdoor-adc15d308d2e,v2_unique_obstacles,outdoor,193,96.39999999999667,72.2587070783332,6,6,0,0,7.005267399672247,True,1,2026-09-14T07:25:44.819680+00:00,122816483
indoor-377fd59bf4c2,v2_unique_obstacles,indoor,127,63.29999999999961,25.43871549574265,8,8,0,8,1.0,False,5,2026-09-14T07:26:38.405690+00:00,98892157
outdoor-2ccc70881cde,v2_unique_obstacles,outdoor,145,72.39999999999803,56.43477689938692,5,5,0,0,6.149942296645376,False,1,2026-09-14T07:26:39.655372+00:00,96105327
indoor-96b7daa9850c,v2_unique_obstacles,indoor,221,110.39999999999694,59.68072642249904,17,17,0,10,1.0,False,2,2026-09-14T07:26:41.628507+00:00,220578923
outdoor-9d83c448fb8c,v2_unique_obstacles,outdoor,228,113.79999999999568,89.11233702215516,8,8,0,0,5.9498519700975585,True,1,2026-09-14T07:27:00.046423+00:00,167664645
indoor-bc4b0dde34b7,v2_unique_obstacles,indoor,64,31.950000000000244,21.112176010464914,5,5,0,11,1.0,False,1,2026-09-14T07:27:12.244540+00:00,47893539
outdoor-a5e3321bc6b8,v2_unique_obstacles,outdoor,154,76.59999999999779,58.04670084683081,6,6,0,0,8.013281325238262,True,1,2026-09-14T07:27:40.540491+00:00,53203115
outdoor-d8d9472b0141,v2_unique_obstacles,outdoor,375,187.20000000000832,135.53551025206826,14,14,0,0,8.67467198284497,True,3,2026-09-14T07:27:50.756441+00:00,221149832
indoor-ab46a09af0a1,v2_unique_obstacles,indoor,176,87.89999999999822,39.46225365963767,11,11,0,11,1.0,False,3,2026-09-14T07:28:08.768625+00:00,109312392
outdoor-e0fa5f5d1723,v2_unique_obstacles,outdoor,141,69.99999999999817,52.66564209970835,5,5,0,0,6.3913519241384105,True,1,2026-09-14T07:28:15.408986+00:00,64466790
indoor-88d8b7279c6a,v2_unique_obstacles,indoor,215,107.09999999999712,48.67894242140204,14,14,0,10,1.0,False,1,2026-09-14T07:29:03.646525+00:00,204129681
outdoor-6a4ddf861f39,v2_unique_obstacles,outdoor,194,96.59999999999665,69.96631205634938,8,8,0,0,7.066862316799215,False,1,2026-09-14T07:29:22.826940+00:00,154214253
indoor-f7f781caeb57,v2_unique_obstacles,indoor,92,45.60000000000045,23.864455691869026,7,7,0,8,1.0,False,17,2026-09-14T07:29:47.728456+00:00,68268341
indoor-408fff78f84a,v2_unique_obstacles,indoor,105,52.200000000000244,35.55124289893402,10,10,0,8,1.0,False,10,2026-09-14T07:30:26.369061+00:00,122139127
indoor-f9c6ab8bc8af,v2_unique_obstacles,indoor,262,130.79999999999578,52.27474300856912,17,17,0,12,1.0,False,9,2026-09-14T07:30:26.402213+00:00,137711678
indoor-5f5d27ff9be5,v2_unique_obstacles,indoor,144,71.69999999999914,29.41507325326937,8,8,0,9,1.0,False,3,2026-09-14T07:30:47.042276+00:00,119135929
outdoor-5bacf9722602,v2_unique_obstacles,outdoor,151,75.19999999999787,48.92938966137375,5,5,0,0,4.806162264559796,False,1,2026-09-14T07:30:55.073313+00:00,107260704
indoor-4c6e4b91bf04,v2_unique_obstacles,indoor,140,69.59999999999926,28.14087933673207,7,7,0,12,1.0,False,15,2026-09-14T07:31:07.505279+00:00,110770737
indoor-2fc4c3ed8f43,v2_unique_obstacles,indoor,133,65.99999999999946,23.175321573201344,8,8,0,10,1.0,False,9,2026-09-14T07:31:17.321652+00:00,143461019
outdoor-c9d144e6cff5,v2_unique_obstacles,outdoor,181,89.99999999999703,66.33360811532438,8,8,0,0,7.249160739857145,False,1,2026-09-14T07:31:39.126867+00:00,89141241
outdoor-308c6518b25b,v2_unique_obstacles,outdoor,213,105.99999999999612,78.73428379028645,9,9,0,0,8.689604982992668,False,2,2026-09-14T07:32:05.258878+00:00,67851986
outdoor-83542d9eec13,v2_unique_obstacles,outdoor,233,116.39999999999553,84.12335949387091,8,8,0,0,8.180694442752648,False,1,2026-09-14T07:32:16.114360+00:00,185276869
indoor-8bca3492511f,v2_unique_obstacles,indoor,93,46.20000000000046,20.75375582452631,6,6,0,9,1.0,False,5,2026-09-14T07:32:21.152716+00:00,91019769
outdoor-ff388a31dce4,v2_unique_obstacles,outdoor,123,61.19999999999866,46.355360744035806,4,4,0,0,4.616223250192714,False,1,2026-09-14T07:32:42.297812+00:00,51062056
outdoor-ddfc8542317c,v2_unique_obstacles,outdoor,286,142.59999999999818,112.72849824357762,12,12,0,0,9.66947703480346,True,1,2026-09-14T07:32:50.721964+00:00,238842263
outdoor-69085c108866,v2_unique_obstacles,outdoor,102,50.59999999999926,46.09306932117487,6,6,0,0,3.6499432465198507,True,1,2026-09-14T07:33:08.561939+00:00,47916404
indoor-f50412a8bbfe,v2_unique_obstacles,indoor,163,80.99999999999861,30.400975856668417,8,8,0,12,1.0,False,1,2026-09-14T07:33:10.071947+00:00,115390064
outdoor-effd735219e3,v2_unique_obstacles,outdoor,113,56.299999999998946,39.95652808290589,3,3,0,0,3.505363519968544,True,1,2026-09-14T07:33:40.613906+00:00,43949592
outdoor-4e9435e9a6d5,v2_unique_obstacles,outdoor,234,116.59999999999552,92.45925693402867,10,10,0,0,8.761228740461362,True,1,2026-09-14T07:33:52.121428+00:00,191593638
indoor-57f019fe85da,v2_unique_obstacles,indoor,266,132.74999999999568,56.34259977030012,17,17,0,8,1.0,False,10,2026-09-14T07:34:03.914142+00:00,129680321
indoor-da619ea5d86c,v2_unique_obstacles,indoor,89,44.40000000000043,23.544532499588435,8,8,0,10,1.0,False,1,2026-09-14T07:34:36.266681+00:00,66354046
indoor-0ffa0f2bea33,v2_unique_obstacles,indoor,101,50.100000000000364,21.262113160741045,7,7,0,9,1.0,False,7,2026-09-14T07:34:48.931388+00:00,77973309
indoor-4a1952e77159,v2_unique_obstacles,indoor,101,50.40000000000035,32.350956297978556,11,11,0,11,1.0,False,16,2026-09-14T07:35:38.504298+00:00,78920748
indoor-bf99b89f40f6,v2_unique_obstacles,indoor,182,90.59999999999806,37.70243297803749,10,10,0,10,1.0,False,4,2026-09-14T07:35:38.754167+00:00,146168133
indoor-88b8dfe21c35,v2_unique_obstacles,indoor,85,42.0000000000004,31.016189630866194,9,9,0,9,1.0,False,15,2026-09-14T07:36:05.064063+00:00,64649141
outdoor-c3281dcd9b48,v2_unique_obstacles,outdoor,285,141.99999999999804,108.88732810262508,12,12,0,0,9.201373639191543,True,1,2026-09-14T07:36:37.771056+00:00,187348536
outdoor-bc60cd2de32a,v2_unique_obstacles,outdoor,164,81.59999999999751,61.706198446481025,7,7,0,0,6.1121733435337084,False,1,2026-09-14T07:36:40.693686+00:00,159210617
outdoor-f2aab6c96f48,v2_unique_obstacles,outdoor,279,139.1999999999974,112.85530093655989,10,10,0,0,7.569798647391012,True,3,2026-09-14T07:37:07.090613+00:00,160176839
outdoor-65952ef7b46f,v2_unique_obstacles,outdoor,238,118.79999999999539,81.92172452416753,8,8,0,0,7.8541375893794125,False,1,2026-09-14T07:37:31.573482+00:00,185691992
indoor-c3197addb2bd,v2_unique_obstacles,indoor,74,36.60000000000032,20.737519188808047,6,6,0,10,1.0,False,14,2026-09-14T07:38:09.673595+00:00,55576217
indoor-b9db8f3ce58a,v2_unique_obstacles,indoor,135,67.19999999999939,25.90258296300617,7,7,0,9,1.0,False,5,2026-09-14T07:38:14.465379+00:00,117857703
outdoor-344f54ac1941,v2_unique_obstacles,outdoor,110,54.599999999999035,46.82682025724647,5,5,0,0,3.405477760774381,True,1,2026-09-14T07:38:25.551279+00:00,56409461
outdoor-7392c1ff486f,v2_unique_obstacles,outdoor,316,157.80000000000163,118.99599731466853,12,12,0,0,8.15106914775666,True,1,2026-09-14T07:38:41.311981+00:00,165137172
indoor-01f4a8459f1a,v2_unique_obstacles,indoor,108,53.70000000000016,27.26687525576745,7,7,0,12,1.0,False,16,2026-09-14T07:38:41.371514+00:00,127065884
indoor-6475f33ade70,v2_unique_obstacles,indoor,153,76.19999999999888,35.06556418647071,10,10,0,8,1.0,False,7,2026-09-14T07:39:00.831364+00:00,123794848
indoor-d7c9df3f8e3b,v2_unique_obstacles,indoor,72,35.7000000000003,24.07829397369501,7,7,0,12,1.0,False,1,2026-09-14T07:39:08.398952+00:00,65561882
indoor-a4d2a1b2177a,v2_unique_obstacles,indoor,53,26.10000000000017,22.63420595733507,7,7,0,11,1.0,False,7,2026-09-14T07:39:54.510175+00:00,38692370
indoor-5d36b18a4887,v2_unique_obstacles,indoor,170,84.89999999999839,29.4738768619594,10,10,0,8,1.0,False,5,2026-09-14T07:39:59.853838+00:00,127888942
indoor-32263b4d7e16,v2_unique_obstacles,indoor,123,61.19999999999973,21.9327738564115,6,6,0,12,1.0,False,4,2026-09-14T07:40:21.704954+00:00,118841839
outdoor-3134b371e8f0,v2_unique_obstacles,outdoor,279,139.39999999999745,110.58902349594713,10,10,0,0,9.487370364937686,True,1,2026-09-14T07:40:29.885009+00:00,187063966
outdoor-76028060a449,v2_unique_obstacles,outdoor,271,134.99999999999645,99.52918091461164,9,9,0,0,9.281965238747825,False,1,2026-09-14T07:40:52.589610+00:00,259724961
outdoor-f2e2de5183d2,v2_unique_obstacles,outdoor,124,61.59999999999864,53.54052371371134,6,6,0,0,3.215098746423284,True,1,2026-09-14T07:40:55.039629+00:00,77775736
outdoor-253a2f0a189e,v2_unique_obstacles,outdoor,148,73.59999999999796,57.04963078789781,7,7,0,0,5.229591530683361,False,1,2026-09-14T07:41:22.178211+00:00,45563456
outdoor-5462b5740902,v2_unique_obstacles,outdoor,84,41.79999999999976,36.36739134872997,4,4,0,0,3.5421979867921523,True,1,2026-09-14T07:41:36.750829+00:00,35823992
outdoor-9cf15d1f0454,v2_unique_obstacles,outdoor,301,150.29999999999993,101.40670514384769,9,9,0,0,8.524350471218924,True,1,2026-09-14T07:41:48.608982+00:00,163885033
outdoor-969a613c58d6,v2_unique_obstacles,outdoor,150,74.5999999999979,57.497259342882,6,6,0,0,3.530751170131714,True,1,2026-09-14T07:41:57.106593+00:00,87748890
indoor-7b35c14c3e7a,v2_unique_obstacles,indoor,141,70.19999999999922,26.94267863477789,8,8,0,8,1.0,False,6,2026-09-14T07:42:14.842186+00:00,113379546
outdoor-d8e17c35157f,v2_unique_obstacles,outdoor,117,57.99999999999884,43.67766095597072,4,4,0,0,4.214831373364005,False,1,2026-09-14T07:42:39.320958+00:00,57422088
indoor-a62ff210e3de,v2_unique_obstacles,indoor,140,69.59999999999926,30.414195698505836,9,9,0,8,1.0,False,9,2026-09-14T07:42:55.151639+00:00,65973722
outdoor-f7d23d96fdca,v2_unique_obstacles,outdoor,129,63.9999999999985,46.772410469339135,6,6,0,0,5.114548709794816,False,1,2026-09-14T07:43:05.849312+00:00,124093864
indoor-3a45e5525822,v2_unique_obstacles,indoor,269,134.0999999999956,62.274406612635204,18,18,0,10,1.0,False,3,2026-09-14T07:43:40.129505+00:00,260973888
outdoor-07bca969f72e,v2_unique_obstacles,outdoor,143,71.39999999999809,60.987987424600135,5,5,0,0,5.076738935247633,True,1,2026-09-14T07:43:41.619228+00:00,49779984
outdoor-3eb5fc5d2710,v2_unique_obstacles,outdoor,235,116.9999999999955,87.09552576561094,10,10,0,0,9.671200735748048,False,1,2026-09-14T07:44:03.367992+00:00,169292299
outdoor-995f0866516d,v2_unique_obstacles,outdoor,70,34.80000000000016,30.329445636008856,3,3,0,0,3.3072930593848677,False,1,2026-09-14T07:44:18.158172+00:00,65476151
outdoor-372fb1fad9d3,v2_unique_obstacles,outdoor,192,95.7999999999967,70.79529387632367,6,6,0,0,6.633152446522228,True,1,2026-09-14T07:44:19.906075+00:00,93698328
outdoor-2ea49dcc109b,v2_unique_obstacles,outdoor,306,152.60000000000045,116.33224394671595,12,12,0,0,8.150450710213136,True,1,2026-09-14T07:45:14.016028+00:00,129888597
indoor-d9bf6148881d,v2_unique_obstacles,indoor,206,102.59999999999738,44.437903071732194,12,12,0,8,1.0,False,20,2026-09-14T07:45:23.298232+00:00,141933705
indoor-1a4a50ee2bc5,v2_unique_obstacles,indoor,151,74.99999999999895,30.79623122803002,10,10,0,12,1.0,False,8,2026-09-14T07:45:53.657792+00:00,157090714
indoor-7d0c0321a2d9,v2_unique_obstacles,indoor,35,17.400000000000045,20.13899850947894,6,6,0,9,1.0,False,3,2026-09-14T07:46:13.076304+00:00,32401918
outdoor-1100fc12ce0c,v2_unique_obstacles,outdoor,329,164.10000000000306,119.6216591268618,13,13,0,0,8.738992965210452,True,1,2026-09-14T07:46:30.121648+00:00,125103178
outdoor-bad4f2c50bfa,v2_unique_obstacles,outdoor,275,137.19999999999695,104.23966201979681,10,10,0,0,9.527866046098769,True,2,2026-09-14T07:46:39.429868+00:00,144579705
outdoor-9a97f37f44b4,v2_unique_obstacles,outdoor,356,177.80000000000618,134.2528108610934,13,13,0,0,9.925181989903944,True,1,2026-09-14T07:46:52.918965+00:00,182084545
indoor-8df7e2b4a207,v2_unique_obstacles,indoor,248,123.89999999999617,48.61056548450159,14,14,0,12,1.0,False,5,2026-09-14T07:47:31.765129+00:00,234459140
outdoor-9c94035ada86,v2_unique_obstacles,outdoor,220,109.59999999999592,91.80471200665608,10,10,0,0,6.947658851662485,True,1,2026-09-14T07:47:52.259565+00:00,83119527
indoor-8899f89549bd,v2_unique_obstacles,indoor,120,59.69999999999982,26.627569885965574,7,7,0,12,1.0,False,1,2026-09-14T07:48:04.928774+00:00,98568365
indoor-8aa7e59437b0,v2_unique_obstacles,indoor,239,119.39999999999642,56.279745844514736,18,18,0,10,1.0,False,6,2026-09-14T07:48:16.852278+00:00,246188286
indoor-e4db25555245,v2_unique_obstacles,indoor,143,71.39999999999915,25.307433452642403,7,7,0,12,1.0,False,6,2026-09-14T07:48:20.358786+00:00,155651029
outdoor-d7bd8876299b,v2_unique_obstacles,outdoor,119,58.999999999998785,39.9724925699123,5,5,0,0,3.9406874537079846,False,1,2026-09-14T07:48:54.366908+00:00,40752003
outdoor-2db191e8fd61,v2_unique_obstacles,outdoor,338,168.6000000000041,124.21101881462775,12,12,0,0,8.645898947864644,True,2,2026-09-14T07:48:56.662643+00:00,160268298
outdoor-1c534b4b599e,v2_unique_obstacles,outdoor,107,53.199999999999115,40.98388482977556,4,4,0,0,3.9841399606039003,False,1,2026-09-14T07:49:10.734226+00:00,67823105
indoor-b15f20c167fe,v2_unique_obstacles,indoor,156,77.6999999999988,41.58843849353671,12,12,0,12,1.0,False,1,2026-09-14T07:49:10.801423+00:00,99617512
outdoor-370b93e45eb2,v2_unique_obstacles,outdoor,151,75.39999999999786,53.93069372479681,6,6,0,0,5.997032827827319,True,1,2026-09-14T07:49:21.600872+00:00,98409937
indoor-5876f71bee8b,v2_unique_obstacles,indoor,275,137.3999999999954,64.35833871942958,19,19,0,11,1.0,False,4,2026-09-14T07:49:56.531090+00:00,237848340
outdoor-5e0ae93770a6,v2_unique_obstacles,outdoor,155,77.19999999999776,53.24993909277142,6,6,0,0,5.517801266958629,False,1,2026-09-14T07:50:03.072198+00:00,53079120
outdoor-80227bc4ab0c,v2_unique_obstacles,outdoor,236,117.79999999999545,85.73202813182533,9,9,0,0,7.9952245563322295,True,1,2026-09-14T07:50:30.233254+00:00,189806321
outdoor-7e38fa78d63d,v2_unique_obstacles,outdoor,105,52.19999999999917,37.768365503674865,4,4,0,0,4.004451732762316,True,1,2026-09-14T07:50:43.437641+00:00,43851308
outdoor-3b4fb28686c0,v2_unique_obstacles,outdoor,269,134.09999999999621,97.19417631803765,11,11,0,0,8.982609478535593,False,1,2026-09-14T07:50:54.437680+00:00,138414820
indoor-0f238a1293cf,v2_unique_obstacles,indoor,98,48.90000000000043,33.674950689678255,10,10,0,8,1.0,False,8,2026-09-14T07:51:04.580013+00:00,74157049
outdoor-981d38e4368f,v2_unique_obstacles,outdoor,131,65.19999999999844,54.67208104234744,4,4,0,0,5.058652892306519,True,1,2026-09-14T07:51:23.381823+00:00,46681556
indoor-62c65d2ee9e7,v2_unique_obstacles,indoor,116,57.59999999999994,22.92315305878398,6,6,0,11,1.0,False,3,2026-09-14T07:51:44.259857+00:00,105746007
outdoor-98f5f97f7233,v2_unique_obstacles,outdoor,196,97.5999999999966,75.49837176991406,9,9,0,0,7.293955330254914,True,1,2026-09-14T07:52:06.864484+00:00,115874735
indoor-7a5781bbaa6e,v2_unique_obstacles,indoor,77,38.40000000000035,20.873374696082948,5,5,0,8,1.0,False,19,2026-09-14T07:52:13.784158+00:00,62469193
outdoor-01bd82c0f3e8,v2_unique_obstacles,outdoor,177,88.19999999999713,66.96549666526622,6,6,0,0,7.031377087727293,False,1,2026-09-14T07:52:25.006876+00:00,71257166
outdoor-fbc56c4b76a2,v2_unique_obstacles,outdoor,140,69.79999999999818,55.445773048326956,5,5,0,0,4.2510248013894945,True,3,2026-09-14T07:52:38.438451+00:00,50989848
indoor-e473b90b5b62,v2_unique_obstacles,indoor,99,49.200000000000415,26.02640450738943,8,8,0,8,1.0,False,15,2026-09-14T07:52:47.705847+00:00,69442770
outdoor-8124084416c4,v2_unique_obstacles,outdoor,64,31.600000000000314,27.315753413827906,3,3,0,0,3.1201843664103537,True,1,2026-09-14T07:52:59.403892+00:00,35833331
indoor-d1f89877231c,v2_unique_obstacles,indoor,154,76.49999999999886,34.01145837690521,11,11,0,12,1.0,False,3,2026-09-14T07:53:47.855616+00:00,140942926
indoor-574dc0d2e0e0,v2_unique_obstacles,indoor,82,40.50000000000037,25.01593443579137,7,7,0,8,1.0,False,13,2026-09-14T07:54:09.524489+00:00,86653096
indoor-83a99df89dde,v2_unique_obstacles,indoor,76,37.50000000000033,19.99152398981825,6,6,0,10,1.0,False,12,2026-09-14T07:54:10.197829+00:00,75735596
outdoor-5bfadc3396ee,v2_unique_obstacles,outdoor,247,123.19999999999516,79.54445447557848,9,9,0,0,8.341340162080144,False,1,2026-09-14T07:54:20.518275+00:00,104185447
outdoor-4e1346ba0ccc,v2_unique_obstacles,outdoor,244,121.59999999999523,89.88447387291308,9,9,0,0,7.844036139666709,True,1,2026-09-14T07:54:28.247484+00:00,198263860
indoor-5414b62c96f0,v2_unique_obstacles,indoor,161,80.09999999999866,33.505917659177875,9,9,0,9,1.0,False,3,2026-09-14T07:54:44.907212+00:00,116135214
outdoor-6c4299095612,v2_unique_obstacles,outdoor,119,59.39999999999876,43.175654239028304,3,3,0,0,3.2697591433463256,True,1,2026-09-14T07:55:10.804342+00:00,70146310
outdoor-f454beb02036,v2_unique_obstacles,outdoor,192,95.7999999999967,75.14029101610518,8,8,0,0,6.29866459163579,True,1,2026-09-14T07:55:30.894834+00:00,111395662
outdoor-b87243f1d4cb,v2_unique_obstacles,outdoor,194,96.59999999999665,75.48823366952135,7,7,0,0,6.687666747359646,True,1,2026-09-14T07:55:42.260454+00:00,183767193
outdoor-0568fcfb9308,v2_unique_obstacles,outdoor,76,37.79999999999999,25.707080070196447,2,2,0,0,4.373977962285149,True,1,2026-09-14T07:56:06.023205+00:00,72017170
outdoor-bb3aa3bda542,v2_unique_obstacles,outdoor,79,39.19999999999991,29.82672197032804,2,2,0,0,3.269874864952457,False,1,2026-09-14T07:56:32.745878+00:00,43313006
indoor-46d2100e3e3a,v2_unique_obstacles,indoor,60,29.70000000000022,24.530937775398943,6,6,0,7,1.0,False,12,2026-09-14T07:56:32.753914+00:00,28712345
outdoor-645f13793850,v2_unique_obstacles,outdoor,249,124.09999999999509,99.22248437210929,9,9,0,0,6.221138997057622,True,1,2026-09-14T07:56:50.967410+00:00,195391759
outdoor-a147441b30d6,v2_unique_obstacles,outdoor,118,58.799999999998796,46.80793910158855,4,4,0,0,4.34381890315751,False,1,2026-09-14T07:56:52.131765+00:00,74245172
indoor-513c58e325d4,v2_unique_obstacles,indoor,110,54.60000000000011,24.953750739324054,8,8,0,9,1.0,False,14,2026-09-14T07:57:17.503239+00:00,98500883
outdoor-9362fdd113ba,v2_unique_obstacles,outdoor,211,105.39999999999615,76.40333506719,9,9,0,0,7.950884834657958,False,1,2026-09-14T07:57:52.039217+00:00,68102055
outdoor-73d13b8a090e,v2_unique_obstacles,outdoor,168,83.5999999999974,57.209478073874294,7,7,0,0,4.135000511323343,True,1,2026-09-14T07:58:18.752252+00:00,90197775
outdoor-7e93bbefb95b,v2_unique_obstacles,outdoor,245,121.99999999999521,94.26046779983193,8,8,0,0,7.350505672645525,True,1,2026-09-14T07:58:54.206671+00:00,124862694
outdoor-4731e9cff43b,v2_unique_obstacles,outdoor,158,78.59999999999768,60.85167070215611,5,5,0,0,5.724847568007716,False,1,2026-09-14T07:58:59.445024+00:00,74911318
indoor-c3dad82c66e7,v2_unique_obstacles,indoor,89,44.40000000000043,23.811869685271425,6,6,0,12,1.0,False,9,2026-09-14T07:59:06.898514+00:00,73087631
indoor-fb7ab5d577d0,v2_unique_obstacles,indoor,117,58.1999999999999,20.54069409083821,7,7,0,9,1.0,False,1,2026-09-14T07:59:41.761992+00:00,99007919
indoor-5ed28b271351,v2_unique_obstacles,indoor,215,107.09999999999712,43.84880428487118,12,12,0,12,1.0,False,7,2026-09-14T07:59:43.349594+00:00,173800955
indoor-71272524545c,v2_unique_obstacles,indoor,86,42.600000000000406,24.827086988223922,8,8,0,9,1.0,False,1,2026-09-14T08:00:42.253623+00:00,69777901
indoor-c7be63df77da,v2_unique_obstacles,indoor,133,65.99999999999946,24.96223752189772,7,7,0,12,1.0,False,9,2026-09-14T08:00:55.209917+00:00,79049510
indoor-df97895d4a07,v2_unique_obstacles,indoor,88,43.50000000000041,22.380186231687627,8,8,0,9,1.0,False,10,2026-09-14T08:01:35.377223+00:00,73702079
indoor-2556ed1c0530,v2_unique_obstacles,indoor,134,66.59999999999943,40.05523175125002,13,13,0,9,1.0,False,5,2026-09-14T08:02:09.752017+00:00,101068194
indoor-29f57a3318e8,v2_unique_obstacles,indoor,143,71.39999999999915,25.204602418311673,7,7,0,12,1.0,False,7,2026-09-14T08:02:31.763342+00:00,137362599
outdoor-6661715d92d2,v2_unique_obstacles,outdoor,257,127.99999999999487,84.71220224560417,8,8,0,0,8.662138892000755,False,1,2026-09-14T08:02:56.827985+00:00,166169032
outdoor-e3fdd684ea0a,v2_unique_obstacles,outdoor,174,86.59999999999722,63.1116491101145,5,5,0,0,6.042207118407697,False,1,2026-09-14T08:03:26.009411+00:00,57460356
indoor-e8acdb6e1f77,v2_unique_obstacles,indoor,118,58.499999999999886,22.958283728306917,8,8,0,9,1.0,False,1,2026-09-14T08:03:31.685069+00:00,104808593
indoor-44d24f5632df,v2_unique_obstacles,indoor,157,78.29999999999876,34.20686506676173,11,11,0,8,1.0,False,6,2026-09-14T08:03:49.103213+00:00,135294584
outdoor-3a3af400c0f6,v2_unique_obstacles,outdoor,234,116.7999999999955,89.10063030323711,9,9,0,0,9.689991737595935,False,1,2026-09-14T08:03:49.772786+00:00,114926499
outdoor-767b93d389bd,v2_unique_obstacles,outdoor,106,52.79999999999914,41.38959278432829,4,4,0,0,4.067488785107777,False,1,2026-09-14T08:04:21.352880+00:00,51737632
indoor-4aa1d7d55bd5,v2_unique_obstacles,indoor,119,59.399999999999835,27.855488387311873,9,9,0,8,1.0,False,6,2026-09-14T08:04:27.364670+00:00,95725814
outdoor-abddbeb26c8c,v2_unique_obstacles,outdoor,89,44.199999999999626,35.90616475523124,5,5,0,0,3.679266283764215,True,1,2026-09-14T08:04:49.886849+00:00,30444522
outdoor-9202f0cf8bbe,v2_unique_obstacles,outdoor,227,113.19999999999571,82.41787279778958,8,8,0,0,7.3812196859564585,True,1,2026-09-14T08:05:45.126488+00:00,122878731
outdoor-7c1379823230,v2_unique_obstacles,outdoor,99,49.19999999999934,35.169296185265026,4,4,0,0,3.251065174480969,False,1,2026-09-14T08:06:01.107592+00:00,74644415
indoor-b01332f863b1,v2_unique_obstacles,indoor,98,48.90000000000043,33.52703140913764,9,9,0,8,1.0,False,8,2026-09-14T08:06:02.198602+00:00,74961957
indoor-18e544ed8181,v2_unique_obstacles,indoor,153,76.19999999999888,34.881928856449136,11,11,0,11,1.0,False,16,2026-09-14T08:07:22.361522+00:00,172925135
outdoor-709d3ae5dd34,v2_unique_obstacles,outdoor,240,119.79999999999534,80.64600931744258,7,7,0,0,8.56336947177559,False,1,2026-09-14T08:07:49.395632+00:00,144781364
outdoor-cfb028a653d9,v2_unique_obstacles,outdoor,261,130.19999999999536,77.79299383396656,7,7,0,0,7.8730814173089945,True,1,2026-09-14T08:08:26.124481+00:00,108436152
outdoor-5f4abbbb0f29,v2_unique_obstacles,outdoor,179,88.99999999999709,69.61857859218753,7,7,0,0,7.4481398886298535,False,1,2026-09-14T08:08:45.749982+00:00,87048902
outdoor-3883025afefa,v2_unique_obstacles,outdoor,202,100.79999999999642,79.05460075353258,8,8,0,0,8.772386533256363,False,1,2026-09-14T08:08:56.353669+00:00,67647721
outdoor-71454195dc13,v2_unique_obstacles,outdoor,217,107.999999999996,78.25155462906477,8,8,0,0,8.257909770232859,False,1,2026-09-14T08:09:08.534218+00:00,107816865
outdoor-16455438b1e9,v2_unique_obstacles,outdoor,105,52.39999999999916,39.826890655033935,5,5,0,0,3.706437056750792,True,1,2026-09-14T08:09:23.921400+00:00,65443597
outdoor-6d5b1f2f9f00,v2_unique_obstacles,outdoor,152,75.79999999999784,59.5212242966755,5,5,0,0,6.386331129972669,False,1,2026-09-14T08:10:22.709103+00:00,45622499
outdoor-f3e8a6d0c36e,v2_unique_obstacles,outdoor,175,87.39999999999718,56.96694984804876,7,7,0,0,5.468777903482298,True,4,2026-09-14T08:10:59.791458+00:00,139805233
indoor-d34868ab360c,v2_unique_obstacles,indoor,166,82.49999999999852,33.51899157465324,11,11,0,10,1.0,False,7,2026-09-14T08:12:16.897896+00:00,169216813
indoor-6c74e8f5e416,v2_unique_obstacles,indoor,209,104.39999999999728,43.94863587366202,14,14,0,11,1.0,False,4,2026-09-14T08:12:21.685230+00:00,176588918
indoor-036abb30be4e,v2_unique_obstacles,indoor,202,100.6499999999975,54.35004855848554,15,15,0,12,1.0,False,2,2026-09-14T08:12:21.777044+00:00,181723979
outdoor-8aea4e3b8a9c,v2_unique_obstacles,outdoor,108,53.79999999999908,39.63159378744251,3,3,0,0,4.602851303371644,True,1,2026-09-14T08:12:22.354379+00:00,44608421
indoor-48f7d2426bde,v2_unique_obstacles,indoor,176,87.59999999999823,42.6653413361909,12,12,0,9,1.0,False,5,2026-09-14T08:12:30.562437+00:00,98012203
outdoor-7028aece26b8,v2_unique_obstacles,outdoor,147,73.19999999999798,55.07870048190622,7,7,0,0,5.57188158517964,False,1,2026-09-14T08:13:03.058527+00:00,115322779
outdoor-6b9f628d9391,v2_unique_obstacles,outdoor,82,40.59999999999983,33.21501992493801,2,2,0,0,3.076752096991653,False,1,2026-09-14T08:13:55.454487+00:00,64081036
indoor-2f540e2cfe8b,v2_unique_obstacles,indoor,107,53.10000000000019,24.73926312900207,8,8,0,11,1.0,False,3,2026-09-14T08:14:24.531736+00:00,106483659
outdoor-635c97bf6b9a,v2_unique_obstacles,outdoor,135,66.99999999999834,46.24085355528444,5,5,0,0,4.534876629293889,False,1,2026-09-14T08:14:25.343821+00:00,56694808
outdoor-9d71c5a4040a,v2_unique_obstacles,outdoor,219,109.39999999999593,83.95939679001265,8,8,0,0,8.891363733966896,True,1,2026-09-14T08:15:01.611167+00:00,86173325
outdoor-35f40dfc97fb,v2_unique_obstacles,outdoor,193,95.99999999999669,72.09987017478409,8,8,0,0,7.416480186692568,False,1,2026-09-14T08:15:21.328969+00:00,75723999
outdoor-5379132f2879,v2_unique_obstacles,outdoor,198,98.79999999999653,72.7025602560737,6,6,0,0,7.310339744665133,False,1,2026-09-14T08:16:04.341236+00:00,97569752
indoor-43dcca479627,v2_unique_obstacles,indoor,149,74.39999999999898,26.472803399669573,9,9,0,12,1.0,False,18,2026-09-14T08:16:14.560087+00:00,152736411
indoor-53ef7593e5fd,v2_unique_obstacles,indoor,115,56.99999999999997,27.408175836391308,8,8,0,8,1.0,False,9,2026-09-14T08:16:48.353405+00:00,108145225
indoor-1b74f2c91965,v2_unique_obstacles,indoor,75,37.20000000000033,21.357793315735407,7,7,0,10,1.0,False,2,2026-09-14T08:17:19.789200+00:00,54627089
indoor-2b8ecda32d64,v2_unique_obstacles,indoor,229,114.29999999999671,47.94772998348181,15,15,0,9,1.0,False,2,2026-09-14T08:17:23.463112+00:00,254986640
outdoor-f4c962f7abaa,v2_unique_obstacles,outdoor,283,141.3999999999979,103.16404647519757,11,11,0,0,7.971693793813548,True,1,2026-09-14T08:18:10.758725+00:00,127683096
outdoor-64381bb37fca,v2_unique_obstacles,outdoor,153,76.3999999999978,49.187203569266806,4,4,0,0,5.363405734682699,False,1,2026-09-14T08:18:53.538857+00:00,75510258
indoor-36b828e17a56,v2_unique_obstacles,indoor,217,108.29999999999706,50.8563295050391,15,15,0,12,1.0,False,4,2026-09-14T08:19:25.769257+00:00,172947303
outdoor-12bf8e96cab3,v2_unique_obstacles,outdoor,240,119.79999999999534,87.9804894227169,8,8,0,0,9.213609079671052,True,2,2026-09-14T08:19:41.618283+00:00,99359405
indoor-959fec888ce9,v2_unique_obstacles,indoor,110,54.60000000000011,22.18287755573819,7,7,0,9,1.0,False,2,2026-09-14T08:20:50.049267+00:00,94610668
outdoor-c22728cabeeb,v2_unique_obstacles,outdoor,334,166.50000000000358,114.16920768753829,10,10,0,0,9.829915480031886,True,1,2026-09-14T08:20:53.401027+00:00,124508282
indoor-c226ecf28cb1,v2_unique_obstacles,indoor,154,76.49999999999886,29.357331370569053,8,8,0,9,1.0,False,20,2026-09-14T08:21:21.348592+00:00,143451794
outdoor-06f1334fe6ec,v2_unique_obstacles,outdoor,381,190.00000000000895,140.10603684347575,15,15,0,0,9.630562118555671,True,1,2026-09-14T08:21:39.885724+00:00,135677680
indoor-8cecad62bcc1,v2_unique_obstacles,indoor,206,102.89999999999736,43.75421060574047,12,12,0,12,1.0,False,10,2026-09-14T08:22:37.873060+00:00,142029355
outdoor-89b877a60491,v2_unique_obstacles,outdoor,176,87.59999999999717,64.40723954772956,5,5,0,0,7.059170150277859,False,1,2026-09-14T08:23:01.221322+00:00,138703949
indoor-44c4d82e0e49,v2_unique_obstacles,indoor,191,95.39999999999779,42.81866989606935,13,13,0,12,1.0,False,10,2026-09-14T08:23:46.174449+00:00,167243577
indoor-08f06a65bb6b,v2_unique_obstacles,indoor,257,128.3999999999959,62.25820117996618,18,18,0,12,1.0,False,4,2026-09-14T08:24:09.614844+00:00,180106353
indoor-5e579be357e3,v2_unique_obstacles,indoor,54,26.700000000000177,20.947149667616912,6,6,0,11,1.0,False,1,2026-09-14T08:24:25.640155+00:00,32513956
indoor-98f796a22cee,v2_unique_obstacles,indoor,95,47.10000000000046,21.331577245478325,5,5,0,10,1.0,False,5,2026-09-14T08:24:29.360936+00:00,93639831
indoor-de2f3e5bbbbc,v2_unique_obstacles,indoor,335,167.3999999999937,54.34331755315109,15,15,0,12,1.0,False,17,2026-09-14T08:25:19.231743+00:00,408560088
outdoor-5c53fa96df92,v2_unique_obstacles,outdoor,404,201.6000000000116,148.77304215410194,16,16,0,0,9.314266415072396,True,2,2026-09-14T08:25:26.487438+00:00,150274696
indoor-79a92fddb912,v2_unique_obstacles,indoor,160,79.79999999999868,36.932067200781404,10,10,0,8,1.0,False,19,2026-09-14T08:25:48.332352+00:00,185737361
outdoor-5f4c5b8ccade,v2_unique_obstacles,outdoor,196,97.79999999999659,73.64203931342178,7,7,0,0,7.396192313250471,True,1,2026-09-14T08:25:49.321247+00:00,109565452
indoor-fb4d8e065df0,v2_unique_obstacles,indoor,128,63.599999999999596,24.077662499076766,8,8,0,11,1.0,False,4,2026-09-14T08:25:56.103487+00:00,114199931
outdoor-4e626d0f4863,v2_unique_obstacles,outdoor,207,103.09999999999629,79.88959038787054,8,8,0,0,5.425145800318955,True,3,2026-09-14T08:26:10.805174+00:00,110862984
outdoor-e86ceb3ec872,v2_unique_obstacles,outdoor,145,72.39999999999803,60.55460374112849,6,6,0,0,9.660179542067198,True,1,2026-09-14T08:26:34.254264+00:00,108428842
indoor-28a5ab2f8f0b,v2_unique_obstacles,indoor,122,60.59999999999977,41.535027018248854,13,13,0,8,1.0,False,1,2026-09-14T08:26:43.553496+00:00,87713057
outdoor-8c8b7ad359c3,v2_unique_obstacles,outdoor,165,81.99999999999748,61.15190545475664,5,5,0,0,6.799563327423019,False,1,2026-09-14T08:26:58.645510+00:00,55680352
indoor-32ff343ce61f,v2_unique_obstacles,indoor,114,56.69999999999999,21.5203860403851,7,7,0,12,1.0,False,5,2026-09-14T08:27:31.446929+00:00,71271947
outdoor-295c4f225fad,v2_unique_obstacles,outdoor,138,68.79999999999824,48.16515694640289,4,4,0,0,4.428844744364308,False,1,2026-09-14T08:27:31.644753+00:00,107225381
outdoor-75837bc7044f,v2_unique_obstacles,outdoor,174,86.59999999999722,70.93620882703004,8,8,0,0,7.458001989628877,False,1,2026-09-14T08:27:54.666790+00:00,107354853
outdoor-0dcac1c114df,v2_unique_obstacles,outdoor,74,36.60000000000006,31.858489476777272,2,2,0,0,3.0624867724135942,True,2,2026-09-14T08:28:19.759057+00:00,67401440
indoor-2ac4d1ba8780,v2_unique_obstacles,indoor,223,110.9999999999969,35.998974442032896,10,10,0,11,1.0,False,12,2026-09-14T08:28:54.904998+00:00,140641109
indoor-c76ad4acbc7b,v2_unique_obstacles,indoor,155,77.09999999999883,32.98098849691908,9,9,0,10,1.0,False,19,2026-09-14T08:29:04.511048+00:00,181462351
indoor-34a24d360f94,v2_unique_obstacles,indoor,136,67.49999999999937,27.598229477521304,8,8,0,9,1.0,False,9,2026-09-14T08:29:06.078064+00:00,131545054
indoor-5f95025a547e,v2_unique_obstacles,indoor,197,98.39999999999762,48.28649528460633,13,13,0,11,1.0,False,5,2026-09-14T08:29:23.691721+00:00,113155895
outdoor-3c80abfd1422,v2_unique_obstacles,outdoor,149,74.19999999999793,56.41452786208375,6,6,0,0,5.466711586844108,True,1,2026-09-14T08:30:23.743138+00:00,98920747
indoor-0e342bb71b92,v2_unique_obstacles,indoor,137,68.39999999999932,40.66785882480622,13,13,0,9,1.0,False,5,2026-09-14T08:30:25.958159+00:00,119716452
indoor-fab3c48afb98,v2_unique_obstacles,indoor,118,58.79999999999987,46.42689348607668,14,14,0,9,1.0,False,6,2026-09-14T08:30:33.280440+00:00,113738495
outdoor-5488ac617e7d,v2_unique_obstacles,outdoor,87,42.999999999999694,34.131663069127015,2,2,0,0,3.5239710395943793,False,1,2026-09-14T08:31:13.193220+00:00,69536844
indoor-de84cbd9e1bd,v2_unique_obstacles,indoor,97,48.00000000000048,21.1247508263673,5,5,0,9,1.0,False,10,2026-09-14T08:31:14.156268+00:00,58625992
indoor-66ec9f83db67,v2_unique_obstacles,indoor,187,93.29999999999791,48.52712893768981,15,15,0,10,1.0,False,15,2026-09-14T08:31:23.577095+00:00,131412651
indoor-3d0e3de7f49c,v2_unique_obstacles,indoor,107,53.250000000000185,25.117853563341026,8,8,0,12,1.0,False,4,2026-09-14T08:31:47.869147+00:00,90203010
indoor-d9e56bb9d712,v2_unique_obstacles,indoor,131,65.09999999999951,26.947284094584926,7,7,0,8,1.0,False,6,2026-09-14T08:31:59.764483+00:00,128768098
outdoor-d37dc93f2820,v2_unique_obstacles,outdoor,222,110.79999999999585,82.24275845550812,8,8,0,0,8.552429411768182,False,1,2026-09-14T08:32:32.309513+00:00,72713617
outdoor-68680f7410e5,v2_unique_obstacles,outdoor,285,141.99999999999804,111.75364366058649,10,10,0,0,8.089796661106288,True,2,2026-09-14T08:33:47.541392+00:00,186902810
indoor-b9623c897e13,v2_unique_obstacles,indoor,76,37.50000000000033,21.24292917292326,5,5,0,11,1.0,False,16,2026-09-14T08:33:56.191856+00:00,68445934
indoor-37efb58c4779,v2_unique_obstacles,indoor,151,75.14999999999895,35.84479121248117,10,10,0,12,1.0,False,2,2026-09-14T08:34:23.266281+00:00,145209799
outdoor-989b24e976e7,v2_unique_obstacles,outdoor,355,177.100000000006,142.78654924222633,15,15,0,0,8.997990435638915,True,4,2026-09-14T08:34:45.713145+00:00,186966926
outdoor-7bc9db3a2aa6,v2_unique_obstacles,outdoor,317,158.40000000000177,127.12194017460114,12,12,0,0,7.311948898798317,True,1,2026-09-14T08:34:46.219967+00:00,143833160
outdoor-c0a70518a41e,v2_unique_obstacles,outdoor,265,131.99999999999577,96.58973667268981,10,10,0,0,8.099395546678192,True,1,2026-09-14T08:35:26.598602+00:00,214854332
outdoor-bed5fc2f2cb0,v2_unique_obstacles,outdoor,277,138.19999999999717,105.72230610370424,10,10,0,0,9.877817914668931,False,1,2026-09-14T08:35:41.162001+00:00,132334707
outdoor-6fd73790242f,v2_unique_obstacles,outdoor,244,121.79999999999522,85.60675362411119,9,9,0,0,6.668247864645412,True,1,2026-09-14T08:36:18.472396+00:00,145195624
outdoor-4bac2f671b66,v2_unique_obstacles,outdoor,311,155.10000000000105,121.38516931603291,13,13,0,0,6.5488919200282165,True,1,2026-09-14T08:36:23.801075+00:00,295405247
outdoor-5034db3d9e5e,v2_unique_obstacles,outdoor,274,136.79999999999686,106.5692752710994,12,12,0,0,9.03731332567311,True,1,2026-09-14T08:36:35.309478+00:00,116322121
indoor-b30147b646f2,v2_unique_obstacles,indoor,54,26.700000000000177,22.698438624611075,6,6,0,8,1.0,False,6,2026-09-14T08:36:41.761127+00:00,36596612
outdoor-c24dc9759e05,v2_unique_obstacles,outdoor,290,144.79999999999868,97.90932302218113,10,10,0,0,9.825230881117182,False,1,2026-09-14T08:36:54.292233+00:00,143010660
indoor-9757ed1a4300,v2_unique_obstacles,indoor,141,70.19999999999922,29.86786178913553,10,10,0,10,1.0,False,2,2026-09-14T08:37:40.904488+00:00,108127361
outdoor-8853abed03b6,v2_unique_obstacles,outdoor,144,71.59999999999808,52.02390790453046,4,4,0,0,4.778825481399678,False,1,2026-09-14T08:37:52.152745+00:00,60226996
outdoor-d0fc51ad1cf8,v2_unique_obstacles,outdoor,170,84.59999999999734,67.37234418385985,6,6,0,0,6.05905121309554,True,1,2026-09-14T08:37:58.768568+00:00,72390626
outdoor-3dd096a894fe,v2_unique_obstacles,outdoor,99,49.19999999999934,37.219317090127035,4,4,0,0,3.855761054970437,False,1,2026-09-14T08:38:33.898134+00:00,43157957
indoor-21d377535dc9,v2_unique_obstacles,indoor,166,82.7999999999985,50.474630703896054,15,15,0,9,1.0,False,9,2026-09-14T08:38:36.128451+00:00,169738399
outdoor-8c11d8f2b2af,v2_unique_obstacles,outdoor,483,241.2000000000206,203.34850613048036,21,21,0,0,9.436561698428799,True,1,2026-09-14T08:38:45.447774+00:00,323072701
indoor-3fe6eab491a6,v2_unique_obstacles,indoor,239,119.09999999999644,58.27300600396559,16,16,0,11,1.0,False,1,2026-09-14T08:38:50.666086+00:00,166716872
outdoor-5984039ccb91,v2_unique_obstacles,outdoor,173,86.39999999999723,66.5471072598536,8,8,0,0,7.61989776838095,True,4,2026-09-14T08:39:23.130342+00:00,101957587
indoor-14721d7ed925,v2_unique_obstacles,indoor,130,64.49999999999955,24.2475893293239,6,6,0,8,1.0,False,1,2026-09-14T08:39:37.567108+00:00,103774966
indoor-203fee6cf2d4,v2_unique_obstacles,indoor,59,29.400000000000215,22.298911341693575,6,6,0,9,1.0,False,3,2026-09-14T08:39:38.738696+00:00,68128704
indoor-96b0ab883441,v2_unique_obstacles,indoor,95,47.10000000000046,22.033567480275867,7,7,0,10,1.0,False,9,2026-09-14T08:40:22.001878+00:00,95408919
outdoor-bc725e72fddd,v2_unique_obstacles,outdoor,150,74.7999999999979,55.772294001598,7,7,0,0,3.652106478953028,True,1,2026-09-14T08:40:26.640500+00:00,84660066
indoor-a671d6c8afac,v2_unique_obstacles,indoor,103,51.300000000000296,20.623640120855768,6,6,0,11,1.0,False,17,2026-09-14T08:40:45.806187+00:00,84311319
outdoor-02510922e6be,v2_unique_obstacles,outdoor,328,163.800000000003,122.43138264217946,12,12,0,0,9.537014924244621,True,1,2026-09-14T08:40:46.101215+00:00,123751524
outdoor-e99b3c3f86be,v2_unique_obstacles,outdoor,159,79.39999999999763,59.391505605376864,7,7,0,0,5.922260594609943,False,1,2026-09-14T08:40:54.261437+00:00,66399262
outdoor-d93b02053c7b,v2_unique_obstacles,outdoor,98,48.799999999999365,40.273633858772385,4,4,0,0,4.144307216521355,False,1,2026-09-14T08:41:14.156372+00:00,61920687
outdoor-4a059bca3901,v2_unique_obstacles,outdoor,250,124.59999999999506,88.87649651484946,10,10,0,0,8.523955262951283,False,1,2026-09-14T08:41:21.379782+00:00,125691134
indoor-ea2fdfca1a07,v2_unique_obstacles,indoor,92,45.60000000000045,24.35797927841869,8,8,0,9,1.0,False,3,2026-09-14T08:41:51.030332+00:00,83679994
outdoor-52fe0fff51a5,v2_unique_obstacles,outdoor,299,148.99999999999963,115.58038030398718,12,12,0,0,5.969649689489959,True,1,2026-09-14T08:42:11.782731+00:00,196347004
outdoor-33d411c085f3,v2_unique_obstacles,outdoor,274,136.79999999999686,112.03695910392722,12,12,0,0,9.679404189431807,True,2,2026-09-14T08:42:56.398848+00:00,119244907
outdoor-5863afae9014,v2_unique_obstacles,outdoor,242,120.59999999999529,87.75712460071203,10,10,0,0,9.110437588057128,False,1,2026-09-14T08:43:02.226788+00:00,159064763
outdoor-22befafa27cf,v2_unique_obstacles,outdoor,135,66.99999999999834,50.92427875156729,6,6,0,0,4.908594785880484,False,1,2026-09-14T08:43:11.980901+00:00,50855179
indoor-412709eeb9a2,v2_unique_obstacles,indoor,167,83.09999999999849,33.17240197570845,10,10,0,8,1.0,False,8,2026-09-14T08:43:15.794677+00:00,114874876
outdoor-ae32da1bc8bc,v2_unique_obstacles,outdoor,201,99.99999999999646,74.02358425138175,8,8,0,0,7.143433068495416,False,1,2026-09-14T08:43:19.926509+00:00,66737020
outdoor-9c8c612c6e5b,v2_unique_obstacles,outdoor,88,43.79999999999965,37.304355863057914,4,4,0,0,3.4869563929438008,False,1,2026-09-14T08:43:51.014008+00:00,67536561
outdoor-9d9d73d1fe43,v2_unique_obstacles,outdoor,85,42.19999999999974,34.1772873276398,3,3,0,0,3.8318650614571808,True,1,2026-09-14T08:44:10.440144+00:00,55683485
outdoor-1d891a8b2f7e,v2_unique_obstacles,outdoor,241,120.19999999999531,85.00944030180165,10,10,0,0,7.604848372468279,True,1,2026-09-14T08:44:41.771157+00:00,93866889
outdoor-59ae91461f95,v2_unique_obstacles,outdoor,234,116.59999999999552,86.08976594111624,8,8,0,0,7.950512897851887,False,1,2026-09-14T08:44:54.564437+00:00,80382986
indoor-bee2561ae80b,v2_unique_obstacles,indoor,185,92.39999999999796,34.229656496440825,9,9,0,9,1.0,False,4,2026-09-14T08:44:54.948316+00:00,187209944
indoor-25f4c34c4943,v2_unique_obstacles,indoor,98,48.60000000000045,20.090784196618543,5,5,0,8,1.0,False,3,2026-09-14T08:45:53.210395+00:00,72693859
indoor-bbbae697455d,v2_unique_obstacles,indoor,181,89.9999999999981,40.68493737319091,11,11,0,9,1.0,False,12,2026-09-14T08:45:56.913160+00:00,203028027
outdoor-35687a469058,v2_unique_obstacles,outdoor,338,168.80000000000413,105.20549487371906,12,12,0,0,6.773023121255974,True,1,2026-09-14T08:46:19.877617+00:00,119183237
outdoor-997a42c06606,v2_unique_obstacles,outdoor,247,123.19999999999514,90.42556344052385,10,10,0,0,9.796853665675366,False,1,2026-09-14T08:46:26.144384+00:00,158012118
outdoor-349518d8ab9d,v2_unique_obstacles,outdoor,196,97.5999999999966,73.9493021025624,7,7,0,0,8.019353549793212,False,1,2026-09-14T08:47:14.781597+00:00,93669496
outdoor-c82458ac1135,v2_unique_obstacles,outdoor,153,76.3999999999978,55.95686795786804,5,5,0,0,5.580569417176944,True,1,2026-09-14T08:47:19.705020+00:00,79026145
indoor-7e64c77db4f5,v2_unique_obstacles,indoor,155,77.09999999999883,39.35045873070415,11,11,0,10,1.0,False,1,2026-09-14T08:47:35.929853+00:00,128164050
indoor-010c43a52bf8,v2_unique_obstacles,indoor,130,64.79999999999953,39.791518136318416,13,13,0,10,1.0,False,7,2026-09-14T08:47:44.613728+00:00,148572384
outdoor-579d25c7e4fe,v2_unique_obstacles,outdoor,219,109.19999999999594,79.33385438073299,8,8,0,0,8.030893252518949,False,1,2026-09-14T08:47:53.021063+00:00,170119551
outdoor-4da1b51147be,v2_unique_obstacles,outdoor,145,72.39999999999803,58.429183029086175,5,5,0,0,6.0295004640058725,False,1,2026-09-14T08:48:27.438545+00:00,92910840
outdoor-06270c133b12,v2_unique_obstacles,outdoor,184,91.79999999999693,86.0355326009103,9,9,0,0,6.18157034391206,True,1,2026-09-14T08:48:33.190053+00:00,67021909
outdoor-d30d11b8950e,v2_unique_obstacles,outdoor,106,52.79999999999914,36.54231574241649,5,5,0,0,3.7053605648133545,False,1,2026-09-14T08:48:33.549655+00:00,70174832
indoor-56cc0a84d7c6,v2_unique_obstacles,indoor,163,81.29999999999859,25.796039789988725,8,8,0,9,1.0,False,1,2026-09-14T08:48:57.889064+00:00,114278086
indoor-d2b7319a2ef7,v2_unique_obstacles,indoor,65,32.40000000000026,21.27915732979216,7,7,0,12,1.0,False,2,2026-09-14T08:49:17.967739+00:00,54725449
indoor-9034ab831c5f,v2_unique_obstacles,indoor,130,64.49999999999955,24.629676936003506,6,6,0,11,1.0,False,6,2026-09-14T08:49:21.763728+00:00,116265865
indoor-578101bba509,v2_unique_obstacles,indoor,137,68.09999999999934,26.62095212149757,7,7,0,10,1.0,False,2,2026-09-14T08:50:05.533837+00:00,91474903
outdoor-53b4d6fdcce2,v2_unique_obstacles,outdoor,175,87.19999999999719,65.27441648728389,7,7,0,0,6.3307072635023385,False,2,2026-09-14T08:50:06.773464+00:00,61075766
outdoor-9623112ed5ba,v2_unique_obstacles,outdoor,140,69.79999999999818,52.87273497988244,4,4,0,0,3.8390382143731125,True,1,2026-09-14T08:50:21.430649+00:00,48696014
indoor-fc791be0fea6,v2_unique_obstacles,indoor,167,83.09999999999849,33.31241355702542,11,11,0,11,1.0,False,2,2026-09-14T08:50:44.150966+00:00,154203004
outdoor-41021c175b6c,v2_unique_obstacles,outdoor,110,54.599999999999035,39.19747193221604,5,5,0,0,4.3154780967932735,True,1,2026-09-14T08:51:07.188649+00:00,40012517
outdoor-b3054c66049f,v2_unique_obstacles,outdoor,187,93.19999999999685,69.28675904648038,7,7,0,0,7.6749878250183965,False,1,2026-09-14T08:51:24.160466+00:00,68680870
outdoor-69752657d3b2,v2_unique_obstacles,outdoor,138,68.59999999999825,53.38690224378372,5,5,0,0,5.489865534751618,False,1,2026-09-14T08:51:45.023539+00:00,84420916
outdoor-c3358f9e450a,v2_unique_obstacles,outdoor,322,160.60000000000227,129.82572555018314,12,12,0,0,9.035660613440207,True,1,2026-09-14T08:52:19.219523+00:00,202285959
outdoor-1c4ec48e4fa4,v2_unique_obstacles,outdoor,314,156.60000000000136,120.3477622909569,11,11,0,0,6.676443986100809,True,1,2026-09-14T08:52:19.659262+00:00,297702823
indoor-39ed709853b2,v2_unique_obstacles,indoor,140,69.59999999999926,28.312561286977683,9,9,0,9,1.0,False,1,2026-09-14T08:52:37.190007+00:00,156368051
outdoor-c7bccfb27c81,v2_unique_obstacles,outdoor,254,126.59999999999495,95.23622451434565,9,9,0,0,8.683587257774708,False,1,2026-09-14T08:52:50.698680+00:00,247226093
outdoor-8caf0ce03cc3,v2_unique_obstacles,outdoor,170,84.79999999999733,72.3477062692129,6,6,0,0,6.085779541358472,True,1,2026-09-14T08:53:26.576492+00:00,98998658
indoor-031c00ac377f,v2_unique_obstacles,indoor,88,43.80000000000042,27.02610924550966,8,8,0,10,1.0,False,6,2026-09-14T08:53:49.323736+00:00,71348730
indoor-53038951cee1,v2_unique_obstacles,indoor,133,66.29999999999944,33.58156188599993,9,9,0,12,1.0,False,9,2026-09-14T08:53:54.522093+00:00,112484810
indoor-65600686bd8c,v2_unique_obstacles,indoor,131,65.09999999999951,27.30172157334276,7,7,0,12,1.0,False,15,2026-09-14T08:53:58.972583+00:00,84865795
outdoor-0a5ec9cda907,v2_unique_obstacles,outdoor,210,104.5999999999962,75.54517182959722,7,7,0,0,8.162440536264366,False,1,2026-09-14T08:54:13.429063+00:00,121250012
outdoor-81fcd673d523,v2_unique_obstacles,outdoor,157,77.99999999999771,54.6325054416022,4,4,0,0,6.185102024863749,True,1,2026-09-14T08:54:52.642725+00:00,52868563
indoor-56c385c126ec,v2_unique_obstacles,indoor,116,57.59999999999994,22.48875039566499,7,7,0,10,1.0,False,2,2026-09-14T08:54:54.293228+00:00,64401539
indoor-dd5e00bc4091,v2_unique_obstacles,indoor,86,42.600000000000406,20.868022038041353,5,5,0,12,1.0,False,11,2026-09-14T08:55:25.016392+00:00,74329295
outdoor-0e8619218773,v2_unique_obstacles,outdoor,105,51.99999999999918,39.111824979827496,3,3,0,0,3.7385270747784887,False,1,2026-09-14T08:55:40.129680+00:00,74710315
indoor-7162f9cd0dd5,v2_unique_obstacles,indoor,106,52.50000000000023,23.4642166241186,6,6,0,10,1.0,False,6,2026-09-14T08:55:48.125426+00:00,84198521
outdoor-da2ca17b40cd,v2_unique_obstacles,outdoor,187,93.19999999999685,68.01324811112008,7,7,0,0,7.116017536610424,False,1,2026-09-14T08:56:19.041376+00:00,59818427
indoor-191ee96e859c,v2_unique_obstacles,indoor,196,97.49999999999767,42.6179769858316,14,14,0,9,1.0,False,1,2026-09-14T08:56:26.276432+00:00,153782035
outdoor-6bb6c40d7b87,v2_unique_obstacles,outdoor,203,101.1999999999964,70.91101905125524,8,8,0,0,7.49914270728154,False,1,2026-09-14T08:56:46.421972+00:00,118837537
indoor-4f179a78ee08,v2_unique_obstacles,indoor,236,117.59999999999653,43.28422674553134,13,13,0,11,1.0,False,10,2026-09-14T08:56:46.856622+00:00,225606276
indoor-a2ecfc879db7,v2_unique_obstacles,indoor,214,106.79999999999714,45.85135143365889,14,14,0,8,1.0,False,1,2026-09-14T08:57:12.806232+00:00,157783091
outdoor-d8cd905762e2,v2_unique_obstacles,outdoor,239,119.39999999999536,87.63956021162602,10,10,0,0,8.033442982190504,False,1,2026-09-14T08:57:22.873547+00:00,97403151
outdoor-c0052cea4d83,v2_unique_obstacles,outdoor,161,80.39999999999758,59.4271750135336,5,5,0,0,5.960345203459839,False,1,2026-09-14T08:57:46.507978+00:00,77822405
indoor-59bd874fea9d,v2_unique_obstacles,indoor,157,78.29999999999876,40.30835937014437,11,11,0,12,1.0,False,6,2026-09-14T08:58:15.303773+00:00,150992553
outdoor-4cb180e7c1d4,v2_unique_obstacles,outdoor,163,81.39999999999752,61.68579698135653,6,6,0,0,6.008060089822213,False,1,2026-09-14T08:58:19.857819+00:00,78990689
indoor-9a17ee1adf29,v2_unique_obstacles,indoor,113,56.10000000000002,24.51700511907407,6,6,0,12,1.0,False,15,2026-09-14T08:59:06.509473+00:00,98295099
outdoor-af14e0bbd0d8,v2_unique_obstacles,outdoor,227,113.3999999999957,83.4474416244156,8,8,0,0,8.20494639646655,False,1,2026-09-14T08:59:45.047951+00:00,133770907
indoor-0bfd4cc6a530,v2_unique_obstacles,indoor,160,79.79999999999868,30.453963587519013,8,8,0,9,1.0,False,3,2026-09-14T08:59:45.552974+00:00,121588980
outdoor-2f302e13bca8,v2_unique_obstacles,outdoor,309,154.2000000000008,114.630498243348,11,11,0,0,9.891862064881506,True,3,2026-09-14T09:00:03.756932+00:00,132241479
indoor-a8d92fed63d9,v2_unique_obstacles,indoor,248,123.89999999999617,56.80688887709768,16,16,0,8,1.0,False,5,2026-09-14T09:00:10.246288+00:00,192167879
indoor-1838adc1a263,v2_unique_obstacles,indoor,106,52.80000000000021,23.228122003500204,8,8,0,12,1.0,False,6,2026-09-14T09:00:50.863237+00:00,109220010
outdoor-e46a89418dd0,v2_unique_obstacles,outdoor,276,137.59999999999704,99.85505990739173,9,9,0,0,9.601155241954912,False,1,2026-09-14T09:01:17.454879+00:00,173291208
outdoor-463dc182be88,v2_unique_obstacles,outdoor,295,147.19999999999922,110.67933037877978,10,10,0,0,9.524165564941828,True,1,2026-09-14T09:01:40.345712+00:00,168226880
outdoor-cc93ac25fa81,v2_unique_obstacles,outdoor,226,112.89999999999573,82.63278848582516,7,7,0,0,7.368060273416757,True,3,2026-09-14T09:01:40.587097+00:00,104014717
outdoor-c28538b93ed9,v2_unique_obstacles,outdoor,238,118.5999999999954,85.71458723581877,8,8,0,0,7.853132567468957,False,1,2026-09-14T09:01:49.185572+00:00,115094095
outdoor-b91c552b0340,v2_unique_obstacles,outdoor,111,55.199999999999,42.91855367615045,3,3,0,0,6.340543780282203,True,1,2026-09-14T09:02:05.061999+00:00,71165915
indoor-0364dcf4da38,v2_unique_obstacles,indoor,118,58.79999999999987,27.20745528175906,9,9,0,8,1.0,False,13,2026-09-14T09:02:28.195060+00:00,112158937
outdoor-db51ef6a162d,v2_unique_obstacles,outdoor,130,64.59999999999849,47.35999117623901,4,4,0,0,4.814076352816531,False,1,2026-09-14T09:02:43.831760+00:00,53265355
indoor-f568aa35f09f,v2_unique_obstacles,indoor,105,52.200000000000244,28.483577894126597,9,9,0,8,1.0,False,3,2026-09-14T09:02:57.161821+00:00,106861301
indoor-00ac8d79d643,v2_unique_obstacles,indoor,265,131.9999999999957,58.495183720653785,17,17,0,8,1.0,False,3,2026-09-14T09:03:06.077224+00:00,257200036
indoor-f0de226a6878,v2_unique_obstacles,indoor,113,56.400000000000006,34.85399356113517,11,11,0,8,1.0,False,4,2026-09-14T09:03:20.250539+00:00,84983141
outdoor-e13d5292e412,v2_unique_obstacles,outdoor,387,193.20000000000968,141.70037171221355,13,13,0,0,8.47755707552081,True,1,2026-09-14T09:03:53.025546+00:00,204152685
outdoor-1f05179a5b71,v2_unique_obstacles,outdoor,204,101.79999999999636,72.79936184804087,6,6,0,0,6.166101706851197,True,1,2026-09-14T09:04:00.030293+00:00,134503782
outdoor-b890d143b16e,v2_unique_obstacles,outdoor,156,77.59999999999773,61.346390461197,5,5,0,0,6.12454773318524,True,1,2026-09-14T09:04:08.664836+00:00,149322257
indoor-b880e4198d46,v2_unique_obstacles,indoor,115,57.299999999999955,26.348014887967107,9,9,0,9,1.0,False,7,2026-09-14T09:04:28.645829+00:00,94625624
outdoor-6decbb897e24,v2_unique_obstacles,outdoor,98,48.799999999999365,36.60046931856585,4,4,0,0,3.088001093247125,True,1,2026-09-14T09:05:13.321840+00:00,61494811
indoor-fae8e94cd98d,v2_unique_obstacles,indoor,124,61.499999999999716,27.472359306697822,7,7,0,12,1.0,False,16,2026-09-14T09:05:28.982138+00:00,129715939
outdoor-a47efcbaa09a,v2_unique_obstacles,outdoor,204,101.79999999999636,73.2563808667538,8,8,0,0,9.087254801757929,True,2,2026-09-14T09:05:49.773104+00:00,147998057
indoor-ceae2a03b321,v2_unique_obstacles,indoor,205,101.99999999999741,43.42767581895097,12,12,0,10,1.0,False,11,2026-09-14T09:06:15.189011+00:00,211575117
indoor-42026a804419,v2_unique_obstacles,indoor,268,133.49999999999562,56.637877547572074,16,16,0,10,1.0,False,4,2026-09-14T09:06:15.254459+00:00,156422393
indoor-d7954b42546d,v2_unique_obstacles,indoor,163,81.29999999999859,31.314609360197007,8,8,0,10,1.0,False,10,2026-09-14T09:06:21.489500+00:00,186978867
outdoor-c53cb05ac640,v2_unique_obstacles,outdoor,211,105.39999999999615,78.73910205367837,9,9,0,0,7.625596495490911,False,1,2026-09-14T09:06:47.205995+00:00,69322748
outdoor-7c93e9632bd2,v2_unique_obstacles,outdoor,238,118.49999999999541,89.48264391933687,9,9,0,0,6.020778670553826,True,1,2026-09-14T09:06:49.086330+00:00,116823265
indoor-0f3106ba4d10,v2_unique_obstacles,indoor,105,52.200000000000244,24.440266333940336,6,6,0,8,1.0,False,1,2026-09-14T09:07:06.440104+00:00,98608072
outdoor-9fb63d4402ec,v2_unique_obstacles,outdoor,211,104.99999999999618,81.09205928627642,8,8,0,0,6.032441917819899,True,1,2026-09-14T09:07:10.666501+00:00,181363863
outdoor-c6f00628098d,v2_unique_obstacles,outdoor,267,133.39999999999608,99.26670755765133,9,9,0,0,9.153850104625281,False,1,2026-09-14T09:07:48.603539+00:00,135989167
outdoor-f9db7135d535,v2_unique_obstacles,outdoor,189,94.39999999999678,75.32590121741327,8,8,0,0,7.268704074399496,False,1,2026-09-14T09:08:00.733280+00:00,121792229
indoor-115f99c14167,v2_unique_obstacles,indoor,128,63.599999999999596,39.21747588551123,13,13,0,9,1.0,False,6,2026-09-14T09:08:20.182431+00:00,97448220
outdoor-7afc41495d52,v2_unique_obstacles,outdoor,213,105.99999999999612,76.13998873134499,8,8,0,0,7.000989400375973,False,1,2026-09-14T09:08:24.930933+00:00,65908221
outdoor-8574fcdf1ac7,v2_unique_obstacles,outdoor,235,117.19999999999548,86.60189712126981,9,9,0,0,9.2295196169115,False,1,2026-09-14T09:08:43.362456+00:00,114643711
indoor-ad48ad0075ab,v2_unique_obstacles,indoor,293,146.0999999999949,61.39818241913103,17,17,0,11,1.0,False,5,2026-09-14T09:08:54.186509+00:00,242299890
indoor-fdfab0fd1bdd,v2_unique_obstacles,indoor,109,54.00000000000014,22.932103159936684,8,8,0,10,1.0,False,3,2026-09-14T09:09:00.909436+00:00,80910881
indoor-390a5d34fd14,v2_unique_obstacles,indoor,78,38.700000000000344,26.49603517545306,8,8,0,9,1.0,False,4,2026-09-14T09:09:51.813779+00:00,81496298
outdoor-b6ab5338335b,v2_unique_obstacles,outdoor,340,169.80000000000436,141.2841590913302,14,14,0,0,7.942624154155565,True,2,2026-09-14T09:10:02.324994+00:00,180873905
indoor-4a0176d20b8a,v2_unique_obstacles,indoor,161,80.39999999999864,34.803676631824324,11,11,0,8,1.0,False,9,2026-09-14T09:10:22.696666+00:00,197383927
outdoor-a22274ac25a3,v2_unique_obstacles,outdoor,264,131.79999999999572,96.51143152535528,10,10,0,0,9.791867066771545,False,1,2026-09-14T09:10:36.337733+00:00,86166990
indoor-afa8a2a5bb28,v2_unique_obstacles,indoor,175,87.29999999999825,38.164839836132444,12,12,0,10,1.0,False,8,2026-09-14T09:10:58.042394+00:00,98001422
indoor-70cd33e43ffc,v2_unique_obstacles,indoor,219,109.19999999999706,44.50813275351804,14,14,0,8,1.0,False,8,2026-09-14T09:11:06.893665+00:00,214107122
outdoor-8db66725f8e2,v2_unique_obstacles,outdoor,183,90.99999999999697,65.05297241725663,6,6,0,0,7.120983694167687,False,1,2026-09-14T09:11:32.277023+00:00,61501903
indoor-5fee3c5fd890,v2_unique_obstacles,indoor,82,40.80000000000038,20.73227270336089,5,5,0,11,1.0,False,1,2026-09-14T09:11:46.328428+00:00,73953194
indoor-3bc97f89e6d2,v2_unique_obstacles,indoor,137,68.39999999999932,34.56393653231322,10,10,0,11,1.0,False,4,2026-09-14T09:11:49.068770+00:00,122520848
outdoor-419e5c9de5dd,v2_unique_obstacles,outdoor,151,74.99999999999788,54.43780227128009,4,4,0,0,5.088745596016861,False,1,2026-09-14T09:11:57.261925+00:00,105569962
indoor-0a328850e94c,v2_unique_obstacles,indoor,179,89.09999999999815,39.49084092927279,11,11,0,11,1.0,False,5,2026-09-14T09:12:17.667845+00:00,158996588
outdoor-980401c2848b,v2_unique_obstacles,outdoor,129,63.9999999999985,52.75474880104032,4,4,0,0,4.829724952077099,False,1,2026-09-14T09:12:47.519854+00:00,44546947
indoor-dac1d904443c,v2_unique_obstacles,indoor,173,86.3999999999983,37.701463717987764,10,10,0,11,1.0,False,1,2026-09-14T09:12:55.985555+00:00,144140896
indoor-19c620eef1f4,v2_unique_obstacles,indoor,112,55.650000000000055,38.16206554873088,11,11,0,9,1.0,False,3,2026-09-14T09:13:03.685394+00:00,84798902
indoor-441b4debf3c6,v2_unique_obstacles,indoor,55,27.300000000000185,24.487976434053778,8,8,0,12,1.0,False,9,2026-09-14T09:13:12.387883+00:00,63266446
indoor-40c957fc7286,v2_unique_obstacles,indoor,199,99.29999999999757,39.397944070809075,13,13,0,8,1.0,False,19,2026-09-14T09:13:28.654597+00:00,236555402
outdoor-b5a35449acbe,v2_unique_obstacles,outdoor,208,103.59999999999626,81.47363249488657,9,9,0,0,7.505508019651721,False,1,2026-09-14T09:14:05.923568+00:00,68318535
outdoor-a8f21907dc5b,v2_unique_obstacles,outdoor,194,96.79999999999664,70.08622734583521,6,6,0,0,7.500251949091961,False,1,2026-09-14T09:14:09.746283+00:00,61651711
indoor-ce9707fc4b5b,v2_unique_obstacles,indoor,128,63.599999999999596,31.623143820558823,9,9,0,9,1.0,False,2,2026-09-14T09:14:19.105172+00:00,100764900
indoor-ba0a1ab7baa1,v2_unique_obstacles,indoor,138,68.6999999999993,23.28219425176419,7,7,0,9,1.0,False,5,2026-09-14T09:14:30.203307+00:00,99785454
indoor-11f60ba9d245,v2_unique_obstacles,indoor,187,92.99999999999793,38.80794125009166,12,12,0,10,1.0,False,9,2026-09-14T09:15:38.418980+00:00,177342396
outdoor-1f5f5216fdb8,v2_unique_obstacles,outdoor,243,120.99999999999527,98.89839661535058,11,11,0,0,8.542003066552466,True,2,2026-09-14T09:15:44.903061+00:00,86673541
outdoor-306cb13e9a0c,v2_unique_obstacles,outdoor,197,98.39999999999655,66.98397582281888,7,7,0,0,6.929334528764398,False,1,2026-09-14T09:15:48.056386+00:00,73075689
indoor-b430a7602ac2,v2_unique_obstacles,indoor,130,64.49999999999955,23.39716861955185,7,7,0,8,1.0,False,20,2026-09-14T09:16:00.621058+00:00,122325247
indoor-0a848278c381,v2_unique_obstacles,indoor,101,50.40000000000035,21.458589612292876,5,5,0,9,1.0,False,11,2026-09-14T09:16:14.186832+00:00,68639152
outdoor-b93b8c11ac9a,v2_unique_obstacles,outdoor,312,155.60000000000113,115.1923587480891,13,13,0,0,9.332047139499373,True,1,2026-09-14T09:16:19.603672+00:00,248666740
outdoor-753077d56528,v2_unique_obstacles,outdoor,111,55.39999999999899,38.04742589409317,4,4,0,0,3.5197197862203584,False,1,2026-09-14T09:16:32.185118+00:00,35920960
outdoor-4dc15424a5a0,v2_unique_obstacles,outdoor,127,62.99999999999856,50.46968966322908,6,6,0,0,3.6795743527133684,True,2,2026-09-14T09:16:48.329497+00:00,83678942
outdoor-a2c065075924,v2_unique_obstacles,outdoor,161,80.39999999999758,54.57290322696883,6,6,0,0,9.001972170597611,True,2,2026-09-14T09:17:15.454951+00:00,69217403
indoor-96e0d8f9525a,v2_unique_obstacles,indoor,120,59.69999999999982,25.255343041979685,8,8,0,11,1.0,False,7,2026-09-14T09:17:22.135027+00:00,103554833
indoor-fb0d11698a38,v2_unique_obstacles,indoor,50,24.600000000000147,21.454504153467383,6,6,0,12,1.0,False,6,2026-09-14T09:17:24.642611+00:00,58988455
outdoor-ce931039c96c,v2_unique_obstacles,outdoor,281,139.99999999999758,113.13584545538652,11,11,0,0,8.848252774007081,True,1,2026-09-14T09:17:54.619263+00:00,219606421
indoor-d07af2767fb9,v2_unique_obstacles,indoor,112,55.80000000000004,23.493802136756116,7,7,0,10,1.0,False,4,2026-09-14T09:18:06.270385+00:00,79794167
indoor-a4e39f8a1308,v2_unique_obstacles,indoor,123,61.19999999999973,23.62260050985522,7,7,0,12,1.0,False,4,2026-09-14T09:18:31.519128+00:00,120334756
indoor-7073e22689b4,v2_unique_obstacles,indoor,121,59.9999999999998,22.417826219486958,7,7,0,12,1.0,False,5,2026-09-14T09:18:39.487514+00:00,152804613
indoor-e1c941c4d73d,v2_unique_obstacles,indoor,118,58.499999999999886,20.85106116269493,6,6,0,9,1.0,False,7,2026-09-14T09:19:33.753514+00:00,101069163
indoor-648f70ca4e74,v2_unique_obstacles,indoor,105,52.05000000000025,22.057541148426452,6,6,0,8,1.0,False,10,2026-09-14T09:19:34.316131+00:00,73681892
indoor-bd35c2b6f0e9,v2_unique_obstacles,indoor,118,58.64999999999988,23.84970229497018,6,6,0,9,1.0,False,1,2026-09-14T09:19:51.428025+00:00,101443387
indoor-4d1bba8e494c,v2_unique_obstacles,indoor,41,20.100000000000083,28.887343428800456,9,9,0,9,1.0,False,4,2026-09-14T09:20:26.368625+00:00,47745631
outdoor-7cae02eea347,v2_unique_obstacles,outdoor,222,110.59999999999586,79.42955134297625,9,9,0,0,9.76275496224174,True,4,2026-09-14T09:20:54.519304+00:00,82992891
indoor-9304656da109,v2_unique_obstacles,indoor,268,133.7999999999956,59.43617249789113,19,19,0,10,1.0,False,6,2026-09-14T09:21:04.226066+00:00,186539938
indoor-ee0b3f0be982,v2_unique_obstacles,indoor,171,85.19999999999837,34.79043490300951,9,9,0,11,1.0,False,17,2026-09-14T09:21:04.644894+00:00,100515634
indoor-55203db1da67,v2_unique_obstacles,indoor,121,59.9999999999998,21.999168551022706,6,6,0,11,1.0,False,8,2026-09-14T09:21:09.078494+00:00,124297722
indoor-75511ba614a2,v2_unique_obstacles,indoor,113,56.10000000000002,27.51760480184481,9,9,0,11,1.0,False,10,2026-09-14T09:21:45.613342+00:00,95455965
outdoor-0e6c8712dc4d,v2_unique_obstacles,outdoor,217,108.199999999996,83.94213876335864,7,7,0,0,7.771254774782718,False,1,2026-09-14T09:21:45.621663+00:00,74893326
outdoor-b3eb1a2e96c8,v2_unique_obstacles,outdoor,111,55.39999999999899,36.998764543741736,3,3,0,0,4.354152936244799,True,1,2026-09-14T09:21:49.021523+00:00,86113101
outdoor-743580c63274,v2_unique_obstacles,outdoor,131,64.99999999999845,47.36478907434912,5,5,0,0,4.831633798949229,False,1,2026-09-14T09:22:03.980963+00:00,52189125
outdoor-8b29c9363b76,v2_unique_obstacles,outdoor,130,64.59999999999847,50.6799027289957,5,5,0,0,4.319754736149417,True,1,2026-09-14T09:22:40.552098+00:00,66908647
indoor-d67392da4582,v2_unique_obstacles,indoor,116,57.89999999999992,23.594436237109598,6,6,0,10,1.0,False,2,2026-09-14T09:23:03.579389+00:00,80241866
outdoor-0dff8386f832,v2_unique_obstacles,outdoor,226,112.59999999999575,88.49050560394863,8,8,0,0,6.6978252399093465,True,3,2026-09-14T09:23:09.100193+00:00,100478614
indoor-263de24c88fd,v2_unique_obstacles,indoor,131,65.3999999999995,25.135333013325056,7,7,0,12,1.0,False,6,2026-09-14T09:23:18.082766+00:00,102474027
indoor-daeeb9ac0153,v2_unique_obstacles,indoor,130,64.79999999999953,36.22877490125486,10,10,0,10,1.0,False,17,2026-09-14T09:23:33.981489+00:00,137675907
outdoor-7311e37f164f,v2_unique_obstacles,outdoor,143,71.1999999999981,53.407638049942875,5,5,0,0,4.5926093328367195,True,1,2026-09-14T09:23:56.098569+00:00,92151697
outdoor-4a53fc7c424c,v2_unique_obstacles,outdoor,106,52.79999999999914,40.584234078458906,5,5,0,0,3.6852289300147283,True,1,2026-09-14T09:24:02.608432+00:00,44935690
indoor-32f2d054e70f,v2_unique_obstacles,indoor,106,52.50000000000023,27.47998855195758,9,9,0,9,1.0,False,16,2026-09-14T09:24:23.215531+00:00,82985710
indoor-96cbc1a76d07,v2_unique_obstacles,indoor,162,80.69999999999862,41.21058612951513,11,11,0,12,1.0,False,7,2026-09-14T09:24:34.723858+00:00,108677032
outdoor-f4a3e2e64377,v2_unique_obstacles,outdoor,91,45.19999999999957,36.21289195393136,3,3,0,0,3.209510738191674,True,1,2026-09-14T09:24:43.267239+00:00,42104186
outdoor-7dee5d9560c7,v2_unique_obstacles,outdoor,249,124.39999999999507,97.73343690801855,11,11,0,0,9.095540727069743,True,1,2026-09-14T09:25:08.789074+00:00,132985200
indoor-765e3113f2e3,v2_unique_obstacles,indoor,187,92.99999999999793,41.45704018277553,13,13,0,10,1.0,False,4,2026-09-14T09:25:20.157754+00:00,195394861
outdoor-2d5718fa1e07,v2_unique_obstacles,outdoor,233,116.19999999999554,91.42117601517421,9,9,0,0,5.988552968453764,True,1,2026-09-14T09:25:44.832395+00:00,146911869
indoor-8ea11aa70cb0,v2_unique_obstacles,indoor,205,101.99999999999741,49.47545825352492,16,16,0,12,1.0,False,2,2026-09-14T09:26:11.308242+00:00,168527715
outdoor-76cb24481c05,v2_unique_obstacles,outdoor,154,76.79999999999778,68.73609932724813,8,8,0,0,3.7809844826418058,True,1,2026-09-14T09:26:13.494131+00:00,128464477
outdoor-8879784b4b3a,v2_unique_obstacles,outdoor,250,124.79999999999505,87.91536880245947,10,10,0,0,8.951634586633181,False,1,2026-09-14T09:26:15.666684+00:00,83181159
outdoor-4c469f5d1642,v2_unique_obstacles,outdoor,159,79.39999999999763,63.15001785845651,5,5,0,0,6.797242669999763,False,1,2026-09-14T09:26:51.823187+00:00,62807653
outdoor-e41970e6838c,v2_unique_obstacles,outdoor,216,107.79999999999602,77.04275383315832,9,9,0,0,7.52843766975572,False,1,2026-09-14T09:27:24.414928+00:00,137312916
indoor-2ba809e45cb0,v2_unique_obstacles,indoor,129,64.19999999999956,26.881562422729324,8,8,0,9,1.0,False,3,2026-09-14T09:27:41.391069+00:00,125529327
outdoor-199a642eaee9,v2_unique_obstacles,outdoor,180,89.59999999999705,69.6256304565949,6,6,0,0,6.453174599989289,False,1,2026-09-14T09:27:42.310904+00:00,61207288
indoor-475f2271004c,v2_unique_obstacles,indoor,100,49.5000000000004,25.753384936288874,7,7,0,8,1.0,False,3,2026-09-14T09:28:00.159302+00:00,87047671
indoor-fe70e0d872c9,v2_unique_obstacles,indoor,129,64.19999999999956,33.719859265395115,9,9,0,9,1.0,False,7,2026-09-14T09:28:12.125797+00:00,96132509
outdoor-230d98c6baf3,v2_unique_obstacles,outdoor,279,139.39999999999745,110.90395866690542,12,12,0,0,9.659619141814877,True,1,2026-09-14T09:28:39.445861+00:00,138097442
outdoor-2340fababac6,v2_unique_obstacles,outdoor,141,70.19999999999816,52.65515529279815,5,5,0,0,6.5101054379786865,True,1,2026-09-14T09:28:41.816767+00:00,76802642
indoor-3dde193cc5c3,v2_unique_obstacles,indoor,101,50.40000000000035,26.99277505251945,9,9,0,8,1.0,False,6,2026-09-14T09:29:37.357923+00:00,76527501
outdoor-51acf7ee0f44,v2_unique_obstacles,outdoor,148,73.59999999999796,48.51323491052537,5,5,0,0,4.036877985762054,True,1,2026-09-14T09:29:40.009395+00:00,141998736
indoor-b6812c905d7e,v2_unique_obstacles,indoor,208,103.79999999999731,48.363775512843056,16,16,0,10,1.0,False,5,2026-09-14T09:29:44.222969+00:00,182421708
indoor-9477cbcad3db,v2_unique_obstacles,indoor,168,83.69999999999845,29.83649022608725,10,10,0,12,1.0,False,11,2026-09-14T09:29:58.469052+00:00,125974010
outdoor-1001dece28e7,v2_unique_obstacles,outdoor,191,95.19999999999673,71.4862102685207,7,7,0,0,7.935135413290548,False,1,2026-09-14T09:31:01.843603+00:00,59518980
indoor-4cde191fe032,v2_unique_obstacles,indoor,220,109.79999999999697,40.28569157241789,11,11,0,8,1.0,False,1,2026-09-14T09:31:01.873403+00:00,227708185
indoor-06eba13708f0,v2_unique_obstacles,indoor,101,50.40000000000035,22.309645771994965,7,7,0,8,1.0,False,6,2026-09-14T09:31:11.977497+00:00,88790801
indoor-b354549fc522,v2_unique_obstacles,indoor,114,56.84999999999998,22.712098841708894,8,8,0,11,1.0,False,18,2026-09-14T09:31:25.830611+00:00,69380897
indoor-ef6ae1d0e163,v2_unique_obstacles,indoor,163,81.4499999999986,29.422586610533777,10,10,0,12,1.0,False,4,2026-09-14T09:32:32.369093+00:00,151854017
indoor-86b402592406,v2_unique_obstacles,indoor,101,50.100000000000364,24.26428743266926,7,7,0,10,1.0,False,17,2026-09-14T09:32:34.253698+00:00,52438732
outdoor-6adc99985c9e,v2_unique_obstacles,outdoor,237,117.99999999999544,87.52470119893937,8,8,0,0,9.530497442691047,False,1,2026-09-14T09:32:42.066238+00:00,72606118
indoor-00d60f859038,v2_unique_obstacles,indoor,136,67.49999999999937,36.60964051484119,11,11,0,12,1.0,False,6,2026-09-14T09:32:48.059081+00:00,97228861
outdoor-3efc31d1e1d4,v2_unique_obstacles,outdoor,261,130.09999999999533,100.23983612180365,11,11,0,0,4.901533221369253,True,1,2026-09-14T09:33:08.613297+00:00,208501024
indoor-45d48ed8c199,v2_unique_obstacles,indoor,219,109.199999999997,41.0707921527259,13,13,0,12,1.0,False,8,2026-09-14T09:33:33.806992+00:00,176502057
indoor-ccc245fd7b00,v2_unique_obstacles,indoor,87,43.200000000000415,20.259767842184942,5,5,0,8,1.0,False,5,2026-09-14T09:33:59.890921+00:00,58501940
indoor-ba4ba1d306d9,v2_unique_obstacles,indoor,172,85.79999999999833,46.99382951405142,13,13,0,8,1.0,False,2,2026-09-14T09:34:06.587153+00:00,117537215
outdoor-cb17deedfc58,v2_unique_obstacles,outdoor,220,109.7999999999959,83.4971560698628,7,7,0,0,7.608094572732403,False,1,2026-09-14T09:34:08.908677+00:00,141136697
outdoor-e2124e20d41d,v2_unique_obstacles,outdoor,183,90.99999999999697,70.81222535123374,7,7,0,0,7.39976180690662,False,1,2026-09-14T09:34:22.004597+00:00,112870574
outdoor-a18df0978a47,v2_unique_obstacles,outdoor,172,85.59999999999728,64.69694499125694,7,7,0,0,9.928533947471225,True,1,2026-09-14T09:34:38.254000+00:00,88812120
indoor-a272d64ff00a,v2_unique_obstacles,indoor,128,63.599999999999596,28.900792022210524,10,10,0,8,1.0,False,1,2026-09-14T09:35:06.339521+00:00,138374006
outdoor-cf4b513b4f5c,v2_unique_obstacles,outdoor,185,92.1999999999969,77.51898096274672,9,9,0,0,7.372875113922625,True,2,2026-09-14T09:35:47.137348+00:00,95539277
indoor-51f15c3d82bc,v2_unique_obstacles,indoor,100,49.5000000000004,21.07259125979937,6,6,0,8,1.0,False,5,2026-09-14T09:35:53.701421+00:00,96876942
indoor-a39f465cbd68,v2_unique_obstacles,indoor,117,58.1999999999999,22.58902186618175,6,6,0,12,1.0,False,1,2026-09-14T09:36:07.680016+00:00,74683629
outdoor-35ed2f6a09dc,v2_unique_obstacles,outdoor,183,91.19999999999696,71.32914896394286,7,7,0,0,7.85194853144283,False,1,2026-09-14T09:36:18.732295+00:00,87786986
outdoor-4f65b9fba064,v2_unique_obstacles,outdoor,137,68.19999999999827,49.141146452823236,5,5,0,0,5.075488602961522,False,1,2026-09-14T09:36:40.627660+00:00,107061999
indoor-d7f87d735407,v2_unique_obstacles,indoor,148,73.79999999999902,33.68592356696885,10,10,0,10,1.0,False,17,2026-09-14T09:37:06.555715+00:00,132230176
outdoor-54995274b643,v2_unique_obstacles,outdoor,145,71.99999999999805,52.7433115159251,4,4,0,0,4.4889016824321475,True,2,2026-09-14T09:37:18.592229+00:00,80144483
outdoor-d267f4a7aefe,v2_unique_obstacles,outdoor,183,90.99999999999697,67.09024353957273,6,6,0,0,6.234286473411652,False,1,2026-09-14T09:37:27.660168+00:00,62398971
indoor-19b7d8909999,v2_unique_obstacles,indoor,58,28.800000000000207,24.49389974826593,7,7,0,8,1.0,False,20,2026-09-14T09:37:28.130944+00:00,43475786
indoor-babb3ed3ce4d,v2_unique_obstacles,indoor,179,89.09999999999815,32.60999399437445,9,9,0,9,1.0,False,6,2026-09-14T09:37:37.478596+00:00,111509178
outdoor-fcc69802225c,v2_unique_obstacles,outdoor,105,52.39999999999916,39.12489885735169,4,4,0,0,4.231591498054601,False,1,2026-09-14T09:38:01.355013+00:00,60212257
outdoor-bbd9c0003512,v2_unique_obstacles,outdoor,227,112.99999999999572,81.22311361683836,9,9,0,0,7.705374534349613,False,1,2026-09-14T09:38:29.030800+00:00,179077638
outdoor-8af8a6633d4d,v2_unique_obstacles,outdoor,208,103.79999999999625,81.99648086402372,9,9,0,0,5.363769187375814,True,1,2026-09-14T09:38:48.315514+00:00,66687687
outdoor-4f9a840abbc5,v2_unique_obstacles,outdoor,260,129.59999999999522,106.5189103266213,12,12,0,0,7.111100160722154,True,1,2026-09-14T09:39:12.072831+00:00,114255532
indoor-5d9c10b7d006,v2_unique_obstacles,indoor,153,76.19999999999888,36.456437256384916,11,11,0,10,1.0,False,7,2026-09-14T09:39:50.126143+00:00,178141204
indoor-cd3cd64b1a49,v2_unique_obstacles,indoor,146,72.89999999999907,30.260198170722536,9,9,0,9,1.0,False,5,2026-09-14T09:40:03.634233+00:00,111488128
indoor-2bc25dd4eabd,v2_unique_obstacles,indoor,131,65.09999999999951,23.386666197920167,7,7,0,9,1.0,False,3,2026-09-14T09:40:40.171155+00:00,126184269
indoor-af166855b9df,v2_unique_obstacles,indoor,158,78.59999999999874,29.049100888485246,8,8,0,12,1.0,False,6,2026-09-14T09:41:03.726500+00:00,128187227
indoor-a14d21e1e523,v2_unique_obstacles,indoor,191,95.0999999999978,51.51426974927827,14,14,0,12,1.0,False,6,2026-09-14T09:41:03.737450+00:00,162168278
outdoor-c618f6d39163,v2_unique_obstacles,outdoor,163,80.99999999999754,61.85436247838086,5,5,0,0,4.937566905496434,True,1,2026-09-14T09:41:05.633565+00:00,64767216
outdoor-bc55e2f580f7,v2_unique_obstacles,outdoor,251,125.39999999999502,93.75520468501014,9,9,0,0,8.539754598259957,False,1,2026-09-14T09:41:31.235844+00:00,163100213
outdoor-6377d416ca5b,v2_unique_obstacles,outdoor,121,59.99999999999873,45.910804412979765,5,5,0,0,4.189307993483998,False,1,2026-09-14T09:41:33.999141+00:00,51443800
outdoor-dad19c7eb823,v2_unique_obstacles,outdoor,191,95.19999999999673,68.60452908636134,8,8,0,0,6.880482382934881,False,1,2026-09-14T09:42:22.776290+00:00,104823347
outdoor-3a63d3e0633b,v2_unique_obstacles,outdoor,258,128.79999999999504,94.31403843104884,10,10,0,0,9.193371177952706,False,1,2026-09-14T09:42:39.547408+00:00,129654852
indoor-eef778242005,v2_unique_obstacles,indoor,93,46.20000000000046,25.756317129220037,9,9,0,10,1.0,False,5,2026-09-14T09:42:50.893354+00:00,89672664
indoor-94c135adcae2,v2_unique_obstacles,indoor,156,77.6999999999988,32.6378882711133,11,11,0,11,1.0,False,9,2026-09-14T09:43:02.535205+00:00,175082870
outdoor-a7fbb3efd19d,v2_unique_obstacles,outdoor,79,39.19999999999991,33.92825788823225,4,4,0,0,3.307445034250024,False,1,2026-09-14T09:43:14.940264+00:00,27324768
outdoor-e1484f9b30f0,v2_unique_obstacles,outdoor,81,40.199999999999854,31.029182495992178,3,3,0,0,3.295984686164802,False,1,2026-09-14T09:43:40.009335+00:00,39967111
outdoor-92561fa3bc35,v2_unique_obstacles,outdoor,146,72.79999999999801,52.517368495742815,6,6,0,0,5.70386865712984,True,2,2026-09-14T09:43:40.808592+00:00,148661190
indoor-3f72eca66900,v2_unique_obstacles,indoor,99,49.200000000000415,29.998632425193268,10,10,0,10,1.0,False,16,2026-09-14T09:44:08.349768+00:00,114045105
indoor-3a08e7a28d1c,v2_unique_obstacles,indoor,127,63.29999999999961,22.50653223900583,6,6,0,9,1.0,False,4,2026-09-14T09:44:37.960487+00:00,112610325
indoor-e0315003d804,v2_unique_obstacles,indoor,211,104.99999999999724,34.386182318730064,10,10,0,9,1.0,False,6,2026-09-14T09:44:46.060591+00:00,189024832
outdoor-4c00d8c6bb57,v2_unique_obstacles,outdoor,195,97.39999999999661,74.92144192138363,8,8,0,0,7.682587620955607,False,1,2026-09-14T09:44:52.322581+00:00,61604843
outdoor-bf9a3e519e89,v2_unique_obstacles,outdoor,214,106.59999999999609,78.88706393036003,7,7,0,0,8.062590303011913,False,1,2026-09-14T09:45:29.740914+00:00,104934528
indoor-32b176c624cc,v2_unique_obstacles,indoor,326,162.59999999999397,63.2852692363237,19,19,0,12,1.0,False,6,2026-09-14T09:45:35.692011+00:00,245473041
indoor-d587a9801f5c,v2_unique_obstacles,indoor,123,61.19999999999973,22.50564068966393,7,7,0,9,1.0,False,1,2026-09-14T09:45:49.704856+00:00,91276502
indoor-87788fd7b6d5,v2_unique_obstacles,indoor,198,98.6999999999976,50.03162903585188,15,15,0,12,1.0,False,6,2026-09-14T09:45:55.285268+00:00,197889195
indoor-70bbd4eb4b1a,v2_unique_obstacles,indoor,155,77.09999999999884,31.873694055411335,11,11,0,11,1.0,False,3,2026-09-14T09:46:06.339693+00:00,124398219
indoor-2df73a5561b3,v2_unique_obstacles,indoor,143,71.09999999999917,30.89433186500583,9,9,0,12,1.0,False,3,2026-09-14T09:46:44.686386+00:00,109451982
outdoor-31d5def83ae3,v2_unique_obstacles,outdoor,239,119.39999999999536,92.41594951367196,9,9,0,0,6.933679580724706,True,1,2026-09-14T09:47:10.208968+00:00,186667003
indoor-4ceb91c2fe0d,v2_unique_obstacles,indoor,106,52.50000000000023,23.080527678629494,6,6,0,9,1.0,False,5,2026-09-14T09:47:15.165983+00:00,57551374
outdoor-d43e551df018,v2_unique_obstacles,outdoor,217,108.199999999996,92.68776919311627,8,8,0,0,6.104801113601258,True,2,2026-09-14T09:47:18.676529+00:00,74070958
outdoor-05f56ebf9e95,v2_unique_obstacles,outdoor,118,58.799999999998796,43.823648257110094,3,3,0,0,4.251905166097921,False,1,2026-09-14T09:47:57.221676+00:00,73900984
outdoor-c6fb730f1e3b,v2_unique_obstacles,outdoor,208,103.59999999999626,80.69982457844415,7,7,0,0,4.805981678689667,True,2,2026-09-14T09:48:26.141607+00:00,70103285
outdoor-6d61ed1deecc,v2_unique_obstacles,outdoor,162,80.59999999999756,70.5206382681292,7,7,0,0,4.950219141741776,True,1,2026-09-14T09:48:26.325700+00:00,106265317
outdoor-d6f44e174a61,v2_unique_obstacles,outdoor,269,134.1999999999963,104.89122108957034,9,9,0,0,7.6225029947203975,True,1,2026-09-14T09:48:53.215717+00:00,130870212
indoor-d80c34158234,v2_unique_obstacles,indoor,112,55.50000000000006,32.58087416998493,9,9,0,11,1.0,False,7,2026-09-14T09:49:38.616627+00:00,65749627
indoor-5b2ccf5e0fa4,v2_unique_obstacles,indoor,185,92.39999999999796,36.26431021527717,10,10,0,9,1.0,False,10,2026-09-14T09:49:39.990137+00:00,128259890
outdoor-6fc49e331146,v2_unique_obstacles,outdoor,200,99.79999999999647,78.84801011615215,9,9,0,0,7.834326929946722,False,1,2026-09-14T09:49:44.345532+00:00,96813383
indoor-658aa945df01,v2_unique_obstacles,indoor,129,64.19999999999956,27.182311005438727,9,9,0,12,1.0,False,5,2026-09-14T09:49:57.498380+00:00,86731696
indoor-c6273a31144a,v2_unique_obstacles,indoor,217,107.99999999999707,45.55710376180022,15,15,0,8,1.0,False,1,2026-09-14T09:50:24.124619+00:00,133772596
outdoor-3c08512d30a7,v2_unique_obstacles,outdoor,210,104.5999999999962,77.74384252814224,7,7,0,0,7.859740635749553,False,1,2026-09-14T09:50:56.931246+00:00,200898840
indoor-c4e43981b157,v2_unique_obstacles,indoor,176,87.89999999999822,41.42253553145785,13,13,0,12,1.0,False,2,2026-09-14T09:51:02.324080+00:00,192260776
indoor-622aad992993,v2_unique_obstacles,indoor,110,54.90000000000009,24.759468820580377,7,7,0,8,1.0,False,8,2026-09-14T09:51:31.598280+00:00,71929674
outdoor-be9b8ba6b3c0,v2_unique_obstacles,outdoor,221,110.39999999999587,84.25887415661333,8,8,0,0,5.5953205109903585,True,1,2026-09-14T09:51:48.094559+00:00,149614589
outdoor-1457619c24af,v2_unique_obstacles,outdoor,377,188.40000000000853,140.7329172208816,15,15,0,0,9.240054214505909,True,1,2026-09-14T09:51:56.629060+00:00,228552013
outdoor-45f00b5fa989,v2_unique_obstacles,outdoor,94,46.59999999999949,38.70259083169238,3,3,0,0,4.064216410259258,True,1,2026-09-14T09:52:26.897456+00:00,41605823
outdoor-39e0872b7824,v2_unique_obstacles,outdoor,251,125.39999999999502,95.21649594477893,10,10,0,0,8.707246704873903,False,1,2026-09-14T09:52:29.877860+00:00,122363126
outdoor-e6952c91b502,v2_unique_obstacles,outdoor,240,119.79999999999534,84.68749003533591,8,8,0,0,7.735096471929831,False,1,2026-09-14T09:52:37.138204+00:00,98265370
outdoor-05dafeac04b0,v2_unique_obstacles,outdoor,124,61.799999999998626,44.003867725823056,5,5,0,0,4.779703947610629,False,1,2026-09-14T09:52:49.489666+00:00,50683204
outdoor-5693de0fb0d9,v2_unique_obstacles,outdoor,233,115.99999999999555,78.05413509277476,9,9,0,0,7.935516460594215,False,1,2026-09-14T09:53:01.259052+00:00,150427359
indoor-3d0e702be2d0,v2_unique_obstacles,indoor,92,45.60000000000045,31.261500814145407,10,10,0,12,1.0,False,2,2026-09-14T09:53:28.146921+00:00,83628481
outdoor-cd410247e462,v2_unique_obstacles,outdoor,158,78.79999999999767,58.931178599962834,5,5,0,0,5.390806053268778,False,1,2026-09-14T09:53:33.887469+00:00,126039945
outdoor-4c408968631b,v2_unique_obstacles,outdoor,163,80.99999999999754,55.96920470939837,5,5,0,0,6.1889760687055295,False,1,2026-09-14T09:53:36.905323+00:00,85018828
indoor-3817c4ef4983,v2_unique_obstacles,indoor,250,124.49999999999613,55.28895605179463,17,17,0,11,1.0,False,8,2026-09-14T09:53:38.063016+00:00,207190459
indoor-781f27e6c83a,v2_unique_obstacles,indoor,134,66.59999999999943,28.32507302817536,8,8,0,9,1.0,False,8,2026-09-14T09:54:27.190950+00:00,117841290
indoor-23ad55ed9ca3,v2_unique_obstacles,indoor,103,51.300000000000296,32.16640853373772,11,11,0,11,1.0,False,6,2026-09-14T09:55:00.676092+00:00,89531396
indoor-437b00140a80,v2_unique_obstacles,indoor,44,21.90000000000011,22.034601087128777,7,7,0,7,1.0,False,10,2026-09-14T09:55:34.350583+00:00,49801310
indoor-17142287e23c,v2_unique_obstacles,indoor,82,40.50000000000037,24.821155230446436,6,6,0,8,1.0,False,16,2026-09-14T09:55:41.144781+00:00,73276668
indoor-f6c907f99f3f,v2_unique_obstacles,indoor,222,110.69999999999692,55.917660662422854,16,16,0,9,1.0,False,10,2026-09-14T09:56:01.708183+00:00,166950042
outdoor-6a264688eac1,v2_unique_obstacles,outdoor,275,137.399999999997,96.0354328152496,11,11,0,0,9.397299968963969,False,1,2026-09-14T09:56:13.165755+00:00,139608349
outdoor-cac5b88493e4,v2_unique_obstacles,outdoor,102,50.59999999999926,43.12955570806813,4,4,0,0,3.6141066390186793,True,1,2026-09-14T09:56:39.576527+00:00,78267199
indoor-8fdfd9c1fe7b,v2_unique_obstacles,indoor,131,65.3999999999995,24.71551964169462,8,8,0,9,1.0,False,9,2026-09-14T09:57:03.300067+00:00,116018076
outdoor-09f933917185,v2_unique_obstacles,outdoor,265,132.39999999999586,98.37297381813465,11,11,0,0,8.132394483100853,True,1,2026-09-14T09:57:09.142405+00:00,252182412
indoor-b4773f3cc58b,v2_unique_obstacles,indoor,152,75.8999999999989,33.973292871704764,11,11,0,9,1.0,False,3,2026-09-14T09:57:26.659908+00:00,119700999
indoor-7d5d81430159,v2_unique_obstacles,indoor,107,53.10000000000019,23.274954861557166,8,8,0,8,1.0,False,14,2026-09-14T09:57:58.908049+00:00,91786422
indoor-dea905a006a8,v2_unique_obstacles,indoor,230,114.5999999999967,51.987962890722635,16,16,0,8,1.0,False,1,2026-09-14T09:58:05.555749+00:00,125898859
indoor-70bcb232116f,v2_unique_obstacles,indoor,85,42.300000000000395,22.70211932467509,7,7,0,11,1.0,False,14,2026-09-14T09:58:15.400024+00:00,70067877
indoor-5f186d408ee2,v2_unique_obstacles,indoor,217,107.99999999999707,45.36064369218384,13,13,0,12,1.0,False,1,2026-09-14T09:58:48.589500+00:00,126499401
indoor-31844495d25b,v2_unique_obstacles,indoor,107,53.400000000000176,27.510922359798577,7,7,0,9,1.0,False,7,2026-09-14T09:58:52.637515+00:00,100649851
indoor-6ab1253a8949,v2_unique_obstacles,indoor,140,69.89999999999924,31.919946555239818,11,11,0,12,1.0,False,8,2026-09-14T09:59:49.806090+00:00,139422870
indoor-9f21f0782c33,v2_unique_obstacles,indoor,133,66.29999999999944,31.916078948478415,9,9,0,11,1.0,False,8,2026-09-14T10:00:00.077930+00:00,110595131
indoor-f1aecfcc682a,v2_unique_obstacles,indoor,192,95.69999999999777,45.11930458352241,13,13,0,8,1.0,False,2,2026-09-14T10:00:19.357572+00:00,191658835
indoor-9c4372b9f0d1,v2_unique_obstacles,indoor,148,73.49999999999903,33.72190384055806,11,11,0,10,1.0,False,14,2026-09-14T10:00:57.234774+00:00,85144752
indoor-50da47761ce5,v2_unique_obstacles,indoor,87,43.200000000000415,24.8980501096347,6,6,0,8,1.0,False,4,2026-09-14T10:01:38.263341+00:00,85618375
outdoor-d267f06770ee,v2_unique_obstacles,outdoor,283,141.3999999999979,107.2765226965853,10,10,0,0,9.908867779755036,False,1,2026-09-14T10:01:46.394579+00:00,185322349
indoor-21d7928abab4,v2_unique_obstacles,indoor,216,107.69999999999709,61.595429229642846,18,18,0,8,1.0,False,7,2026-09-14T10:02:12.107364+00:00,170864102
outdoor-ebda0e53f461,v2_unique_obstacles,outdoor,82,40.79999999999982,31.95330629216999,3,3,0,0,3.095621786087979,False,1,2026-09-14T10:02:17.225981+00:00,53675673
outdoor-6614fc21b299,v2_unique_obstacles,outdoor,89,44.199999999999626,35.90501498404285,3,3,0,0,3.359796083339308,True,1,2026-09-14T10:02:25.231294+00:00,55333899
indoor-7f97fd15687f,v2_unique_obstacles,indoor,134,66.89999999999941,29.30991480072621,9,9,0,11,1.0,False,5,2026-09-14T10:02:44.042410+00:00,122862426
outdoor-ef0d67a73130,v2_unique_obstacles,outdoor,106,52.79999999999914,39.181428971198976,4,4,0,0,4.734673015377782,True,1,2026-09-14T10:03:02.160995+00:00,38849717
outdoor-deb2f3009e40,v2_unique_obstacles,outdoor,138,68.79999999999824,46.61716152480171,5,5,0,0,4.828726306391413,False,1,2026-09-14T10:03:15.059217+00:00,79349610
outdoor-a460c8b2312a,v2_unique_obstacles,outdoor,93,46.19999999999951,34.91182961474456,3,3,0,0,3.475154874669943,True,1,2026-09-14T10:03:50.006081+00:00,66577056
indoor-38c964b39691,v2_unique_obstacles,indoor,84,41.70000000000039,22.823656507244557,8,8,0,9,1.0,False,18,2026-09-14T10:04:06.672024+00:00,75322226
indoor-4d47dc83ce42,v2_unique_obstacles,indoor,121,60.299999999999784,30.559937450682725,8,8,0,9,1.0,False,10,2026-09-14T10:04:16.416987+00:00,74898261
outdoor-87c4f9ba63e6,v2_unique_obstacles,outdoor,238,118.79999999999539,88.02101219455969,8,8,0,0,8.65373125788553,False,1,2026-09-14T10:04:29.161287+00:00,74886964
outdoor-5fa4bee5cb5b,v2_unique_obstacles,outdoor,92,45.59999999999955,37.20516708270681,4,4,0,0,4.033931326399771,False,1,2026-09-14T10:04:33.329616+00:00,39387677
outdoor-9061b0250da1,v2_unique_obstacles,outdoor,128,63.59999999999852,49.45383122439586,6,6,0,0,4.807796431454171,False,1,2026-09-14T10:04:51.895249+00:00,76763280
indoor-c6efe773b8a5,v2_unique_obstacles,indoor,59,29.10000000000021,27.916749172552205,9,9,0,11,1.0,False,3,2026-09-14T10:05:39.896029+00:00,38604135
outdoor-2baf09b99e4a,v2_unique_obstacles,outdoor,377,188.20000000000854,137.64038574421568,15,15,0,0,9.512739091508923,True,4,2026-09-14T10:05:50.572184+00:00,270236817
outdoor-9dc5a60d3ccf,v2_unique_obstacles,outdoor,258,128.599999999995,99.20114746631721,11,11,0,0,7.464890363633157,True,1,2026-09-14T10:06:03.807106+00:00,164984410
outdoor-085e0d5b4d87,v2_unique_obstacles,outdoor,260,129.79999999999526,99.74321546162719,9,9,0,0,9.598141303198009,False,1,2026-09-14T10:06:25.206076+00:00,125492491
indoor-7ef1c300021e,v2_unique_obstacles,indoor,97,48.00000000000048,20.40994937626032,7,7,0,10,1.0,False,15,2026-09-14T10:06:54.091571+00:00,79823826
outdoor-1ee8fa53dbaf,v2_unique_obstacles,outdoor,150,74.5999999999979,55.30454468675231,6,6,0,0,5.3033331955834795,False,1,2026-09-14T10:06:56.866166+00:00,118270449
outdoor-42c734c77396,v2_unique_obstacles,outdoor,104,51.599999999999206,37.29707174207086,4,4,0,0,3.505418691245527,False,1,2026-09-14T10:07:11.285526+00:00,39493362
outdoor-3f08dfd59d08,v2_unique_obstacles,outdoor,259,129.19999999999513,96.63498628622693,11,11,0,0,8.80372453484913,True,1,2026-09-14T10:07:13.943376+00:00,86724256
outdoor-c7a33faab8bd,v2_unique_obstacles,outdoor,244,121.49999999999524,83.05569861155166,8,8,0,0,9.689544327379569,True,1,2026-09-14T10:08:53.658386+00:00,84290939
outdoor-fd8f54815327,v2_unique_obstacles,outdoor,307,153.00000000000054,118.08761051250545,12,12,0,0,9.025443605656255,True,1,2026-09-14T10:09:01.309980+00:00,164750655
indoor-0c2923a949ba,v2_unique_obstacles,indoor,137,68.39999999999932,33.64920397922581,11,11,0,8,1.0,False,16,2026-09-14T10:09:07.125861+00:00,113298137
outdoor-81c1a6cc5d36,v2_unique_obstacles,outdoor,368,183.50000000000747,148.50452704418848,15,15,0,0,7.73933585913902,True,1,2026-09-14T10:09:07.171538+00:00,143479572
indoor-a82c57185aec,v2_unique_obstacles,indoor,217,107.99999999999707,54.70595633454907,17,17,0,12,1.0,False,3,2026-09-14T10:09:15.810134+00:00,193435222
indoor-490dc6a0fb3c,v2_unique_obstacles,indoor,178,88.49999999999818,40.52600037634095,12,12,0,9,1.0,False,3,2026-09-14T10:10:23.571733+00:00,147929356
indoor-a80d44b0c86d,v2_unique_obstacles,indoor,118,58.499999999999886,26.008808147948372,7,7,0,12,1.0,False,5,2026-09-14T10:10:38.900406+00:00,141382442
outdoor-527c6cd2433c,v2_unique_obstacles,outdoor,305,152.0000000000003,121.83688245207635,12,12,0,0,8.713165873917529,True,1,2026-09-14T10:10:45.771138+00:00,169171203
indoor-f44ef4c8aae2,v2_unique_obstacles,indoor,113,56.400000000000006,21.979115847596745,7,7,0,11,1.0,False,10,2026-09-14T10:11:10.942338+00:00,105707437
outdoor-4b16e82f5ff5,v2_unique_obstacles,outdoor,282,140.4999999999977,96.69850615369266,10,10,0,0,9.784531601580072,False,1,2026-09-14T10:11:51.201979+00:00,88089777
outdoor-bf1e35f0b4a0,v2_unique_obstacles,outdoor,221,110.19999999999588,78.46319874323916,8,8,0,0,8.510481217918738,False,1,2026-09-14T10:12:05.508287+00:00,86127383
outdoor-f64c142ad848,v2_unique_obstacles,outdoor,222,110.79999999999585,82.4004102109341,7,7,0,0,8.006570073779244,False,1,2026-09-14T10:12:14.154207+00:00,141759837
outdoor-4f654a9881ea,v2_unique_obstacles,outdoor,198,98.59999999999654,63.95840620488494,5,5,0,0,7.55894414317538,True,1,2026-09-14T10:12:23.627339+00:00,78738054
indoor-3c2f5addb253,v2_unique_obstacles,indoor,123,61.19999999999973,28.516315247296014,8,8,0,12,1.0,False,1,2026-09-14T10:13:19.974509+00:00,111602534
indoor-6f022c3d753b,v2_unique_obstacles,indoor,100,49.5000000000004,25.88891114367445,9,9,0,9,1.0,False,9,2026-09-14T10:13:30.020236+00:00,90280841
outdoor-60bcd2c9e44a,v2_unique_obstacles,outdoor,233,115.99999999999555,91.17672183838717,9,9,0,0,9.898473148300443,False,1,2026-09-14T10:13:34.141815+00:00,118881618
outdoor-7e238b8b46c1,v2_unique_obstacles,outdoor,307,153.00000000000054,122.76929934384297,11,11,0,0,8.792789849585873,True,1,2026-09-14T10:13:49.254480+00:00,153982219
outdoor-6699a9f7c051,v2_unique_obstacles,outdoor,99,49.19999999999934,43.54716972063734,4,4,0,0,4.713523436999916,False,1,2026-09-14T10:14:18.178550+00:00,76039001
outdoor-8f7031024232,v2_unique_obstacles,outdoor,347,173.20000000000513,143.48116214296715,13,13,0,0,9.724333286861778,True,1,2026-09-14T10:14:18.275416+00:00,204127380
outdoor-e89c9797d774,v2_unique_obstacles,outdoor,158,78.79999999999767,55.91606056935702,5,5,0,0,5.85763617077196,False,1,2026-09-14T10:14:32.808204+00:00,152462941
outdoor-76fe53e5c78e,v2_unique_obstacles,outdoor,237,118.19999999999543,83.93861630401403,8,8,0,0,8.914140419205344,False,1,2026-09-14T10:14:47.202743+00:00,187622727
outdoor-ba181d701ddc,v2_unique_obstacles,outdoor,92,45.59999999999955,45.50927199213527,4,4,0,0,3.052251406811861,True,1,2026-09-14T10:14:58.540004+00:00,30512616
outdoor-17fc7ebc0a46,v2_unique_obstacles,outdoor,103,51.19999999999923,37.839258815742824,4,4,0,0,4.029947168509796,False,1,2026-09-14T10:15:00.377520+00:00,56169380
indoor-79353442df87,v2_unique_obstacles,indoor,142,70.4999999999992,40.57550841948607,13,13,0,9,1.0,False,5,2026-09-14T10:15:25.907575+00:00,152909014
outdoor-10428a1352a6,v2_unique_obstacles,outdoor,147,73.39999999999797,49.43385715926488,6,6,0,0,4.686035718585429,False,1,2026-09-14T10:15:40.245149+00:00,123191307
indoor-11f435b99fc6,v2_unique_obstacles,indoor,152,75.8999999999989,32.25694389527341,11,11,0,11,1.0,False,3,2026-09-14T10:16:03.890311+00:00,60433369
outdoor-f9e2edd0c183,v2_unique_obstacles,outdoor,190,94.79999999999676,71.44794550797985,8,8,0,0,6.8070527513079595,False,2,2026-09-14T10:16:16.528295+00:00,116850777
outdoor-6322c7a5d84e,v2_unique_obstacles,outdoor,182,90.599999999997,74.86802776987767,7,7,0,0,5.115529011181341,True,1,2026-09-14T10:16:46.084162+00:00,118416727
indoor-166a88abd3df,v2_unique_obstacles,indoor,117,58.1999999999999,23.658693596475047,6,6,0,12,1.0,False,14,2026-09-14T10:17:03.526372+00:00,107277603
outdoor-80d55a16feec,v2_unique_obstacles,outdoor,171,84.99999999999731,72.42045962503683,7,7,0,0,5.771340935190046,True,2,2026-09-14T10:17:09.803348+00:00,76390541
outdoor-740aade4183e,v2_unique_obstacles,outdoor,206,102.7999999999963,71.20370832266372,8,8,0,0,7.625385331900311,False,1,2026-09-14T10:17:33.085525+00:00,70371542
outdoor-7e8c4f8473cf,v2_unique_obstacles,outdoor,224,111.5999999999958,86.80003565764932,8,8,0,0,8.608531721732142,False,1,2026-09-14T10:18:10.099796+00:00,137609628
indoor-70e47288e36d,v2_unique_obstacles,indoor,271,134.99999999999554,59.28018988957585,19,19,0,8,1.0,False,9,2026-09-14T10:18:14.184875+00:00,215562004
indoor-d10280caaaa4,v2_unique_obstacles,indoor,194,96.8999999999977,41.27281456596428,13,13,0,12,1.0,False,1,2026-09-14T10:18:21.758770+00:00,147747547
outdoor-909e43921575,v2_unique_obstacles,outdoor,83,41.399999999999785,38.3716655272396,3,3,0,0,3.2781898442612407,True,1,2026-09-14T10:18:54.912493+00:00,43077073
outdoor-62f9e9576b74,v2_unique_obstacles,outdoor,138,68.59999999999825,51.577471552673614,4,4,0,0,4.760608190183422,True,1,2026-09-14T10:19:09.286009+00:00,70665399
outdoor-279168f1ca7e,v2_unique_obstacles,outdoor,267,133.19999999999604,102.13482476035425,11,11,0,0,9.064104465653863,True,1,2026-09-14T10:19:12.593553+00:00,148775455
indoor-cc276e923687,v2_unique_obstacles,indoor,115,56.99999999999997,24.353843886938137,7,7,0,9,1.0,False,13,2026-09-14T10:19:34.752425+00:00,90721174
outdoor-4ccdb4937534,v2_unique_obstacles,outdoor,277,138.09999999999715,106.75642011900347,11,11,0,0,7.014444736302073,True,2,2026-09-14T10:20:16.540480+00:00,183817772
outdoor-95289f4b833a,v2_unique_obstacles,outdoor,197,98.39999999999655,74.39922259030959,7,7,0,0,7.421729963301995,False,1,2026-09-14T10:20:27.657862+00:00,80886256
indoor-fbe5c7ed6016,v2_unique_obstacles,indoor,158,78.89999999999873,34.73033931037139,9,9,0,8,1.0,False,7,2026-09-14T10:20:41.895665+00:00,116722667
outdoor-1732df6d96ff,v2_unique_obstacles,outdoor,245,121.99999999999521,86.0576460418418,8,8,0,0,9.367129686937712,False,1,2026-09-14T10:21:13.177651+00:00,97360218
outdoor-5059eddb287d,v2_unique_obstacles,outdoor,107,53.199999999999115,44.772983632211776,4,4,0,0,3.888027770154685,True,1,2026-09-14T10:21:15.171775+00:00,52594391
indoor-24ff6b502eff,v2_unique_obstacles,indoor,157,78.29999999999876,21.95704950454745,6,6,0,12,1.0,False,11,2026-09-14T10:21:15.424759+00:00,130051985
outdoor-5187811a1bc5,v2_unique_obstacles,outdoor,397,198.20000000001082,146.80106014697924,14,14,0,0,8.761284378001488,True,1,2026-09-14T10:21:35.102468+00:00,212392318
outdoor-b8b34356f677,v2_unique_obstacles,outdoor,161,80.39999999999758,62.52619030723925,6,6,0,0,6.970649364605025,True,1,2026-09-14T10:21:40.638670+00:00,95537053
indoor-07f314249ccb,v2_unique_obstacles,indoor,130,64.79999999999953,26.516617292523662,9,9,0,11,1.0,False,2,2026-09-14T10:22:18.728783+00:00,109866120
indoor-d054b0e08b89,v2_unique_obstacles,indoor,139,68.99999999999929,29.322123965804852,8,8,0,8,1.0,False,3,2026-09-14T10:22:30.212953+00:00,162567433
indoor-8aef78a14cd5,v2_unique_obstacles,indoor,136,67.79999999999936,22.568075827977637,8,8,0,10,1.0,False,3,2026-09-14T10:22:53.155936+00:00,153779412
indoor-d0f74c76fbe3,v2_unique_obstacles,indoor,143,71.09999999999917,31.48813016883449,9,9,0,8,1.0,False,7,2026-09-14T10:23:03.129780+00:00,184357569
outdoor-987873744fbc,v2_unique_obstacles,outdoor,293,146.199999999999,91.86389445329525,10,10,0,0,6.685691204136618,True,1,2026-09-14T10:23:24.677229+00:00,146434814
outdoor-5b9246a61518,v2_unique_obstacles,outdoor,153,75.99999999999783,54.220924551324124,4,4,0,0,5.9077294821658874,False,1,2026-09-14T10:23:28.980057+00:00,50206417
outdoor-1dc3746e75a0,v2_unique_obstacles,outdoor,104,51.799999999999194,37.907551310173744,5,5,0,0,3.4669664580530877,False,1,2026-09-14T10:23:46.014116+00:00,35755822
indoor-fd6f200586bf,v2_unique_obstacles,indoor,193,96.29999999999774,40.71323021689113,12,12,0,9,1.0,False,17,2026-09-14T10:23:50.750405+00:00,144607010
outdoor-c00bbbb08bb5,v2_unique_obstacles,outdoor,176,87.59999999999717,73.05198169361928,7,7,0,0,5.065948168935575,True,2,2026-09-14T10:23:57.403589+00:00,78926584
indoor-fda3f80a209b,v2_unique_obstacles,indoor,78,38.700000000000344,24.783320711817332,6,6,0,10,1.0,False,2,2026-09-14T10:24:27.412335+00:00,39711095
outdoor-61b7d7f27503,v2_unique_obstacles,outdoor,155,76.99999999999777,53.50056732072557,4,4,0,0,4.943494280315441,False,1,2026-09-14T10:24:30.223369+00:00,127724509
indoor-f482e574fdf3,v2_unique_obstacles,indoor,224,111.59999999999687,47.307631526024785,15,15,0,9,1.0,False,5,2026-09-14T10:24:57.972813+00:00,170036126
outdoor-853cccdc21ea,v2_unique_obstacles,outdoor,199,99.3999999999965,71.34312462989826,6,6,0,0,7.9109336740914475,False,1,2026-09-14T10:25:02.319128+00:00,138694724
outdoor-1a3982ee9d10,v2_unique_obstacles,outdoor,302,150.6,120.44019816681592,12,12,0,0,9.532085753138958,True,2,2026-09-14T10:25:45.021527+00:00,302852216
outdoor-942959950d5c,v2_unique_obstacles,outdoor,179,89.39999999999706,67.27008730270273,8,8,0,0,5.497136201547697,True,1,2026-09-14T10:25:51.662042+00:00,59951856
outdoor-acd72006c594,v2_unique_obstacles,outdoor,195,96.99999999999663,69.63712264768716,7,7,0,0,8.534501762556062,True,2,2026-09-14T10:25:51.887214+00:00,105013444
outdoor-e93a1e288a12,v2_unique_obstacles,outdoor,112,55.79999999999897,44.95703510731346,3,3,0,0,4.442587685128393,False,1,2026-09-14T10:26:42.625371+00:00,85697907
indoor-09e5a4142fac,v2_unique_obstacles,indoor,177,88.19999999999821,34.60501739264267,11,11,0,10,1.0,False,7,2026-09-14T10:26:54.007074+00:00,145916548
indoor-9d12fc24d311,v2_unique_obstacles,indoor,152,75.8999999999989,31.89711851521988,9,9,0,11,1.0,False,4,2026-09-14T10:27:13.269060+00:00,132696808
indoor-0b9a8a5e3efa,v2_unique_obstacles,indoor,44,21.90000000000011,20.9717347512993,5,5,0,9,1.0,False,19,2026-09-14T10:27:39.322902+00:00,40454305
outdoor-2b7b237c552d,v2_unique_obstacles,outdoor,143,71.2999999999981,41.835439450699525,5,5,0,0,4.5125578414556236,False,1,2026-09-14T10:27:56.681091+00:00,81754103
outdoor-732eb7d54f8c,v2_unique_obstacles,outdoor,196,97.79999999999659,64.45799316712318,7,7,0,0,7.001525600598425,False,1,2026-09-14T10:28:02.761882+00:00,97604336
indoor-f46d7068aa30,v2_unique_obstacles,indoor,118,58.79999999999987,27.060369129687608,7,7,0,10,1.0,False,1,2026-09-14T10:28:33.693906+00:00,117316071
indoor-2a14e4b57aca,v2_unique_obstacles,indoor,151,74.99999999999895,34.76014038057927,11,11,0,12,1.0,False,14,2026-09-14T10:28:35.453296+00:00,114130656
outdoor-c09c980f88da,v2_unique_obstacles,outdoor,431,215.00000000001464,161.38375541690203,17,17,0,0,9.10594799931691,True,1,2026-09-14T10:28:38.995474+00:00,306250977
outdoor-76d4d32ed4a5,v2_unique_obstacles,outdoor,80,39.59999999999989,30.19994806050994,2,2,0,0,3.4739696747307343,True,3,2026-09-14T10:28:50.134583+00:00,59129013
outdoor-aaa042ad3d99,v2_unique_obstacles,outdoor,114,56.699999999998916,48.509581785380895,5,5,0,0,3.006948933540846,True,1,2026-09-14T10:29:28.030750+00:00,41050807
indoor-47f2ded9aa82,v2_unique_obstacles,indoor,172,85.79999999999833,36.50355826521947,10,10,0,9,1.0,False,4,2026-09-14T10:29:30.650698+00:00,157581436
indoor-2113e94b6490,v2_unique_obstacles,indoor,188,93.89999999999787,54.708152378800264,17,17,0,10,1.0,False,9,2026-09-14T10:29:34.401928+00:00,167882954
outdoor-1f304066af92,v2_unique_obstacles,outdoor,159,79.19999999999764,54.46371561184834,6,6,0,0,5.562456607799301,False,1,2026-09-14T10:29:47.697721+00:00,65656884
indoor-0f1ca1bcc008,v2_unique_obstacles,indoor,68,33.60000000000028,32.85058372816358,10,10,0,10,1.0,False,2,2026-09-14T10:30:08.356321+00:00,43784928
outdoor-4345ce3eed0d,v2_unique_obstacles,outdoor,117,58.39999999999882,45.91917329192932,5,5,0,0,4.335703405466321,False,1,2026-09-14T10:30:18.972810+00:00,46188989
indoor-827817e49659,v2_unique_obstacles,indoor,103,51.300000000000296,21.662992377544455,5,5,0,12,1.0,False,9,2026-09-14T10:30:29.899338+00:00,82496552
outdoor-6851540ab777,v2_unique_obstacles,outdoor,179,89.39999999999706,67.14235372940274,8,8,0,0,5.195733691536566,True,1,2026-09-14T10:30:50.027484+00:00,93572151
indoor-db7e8d9b7a8c,v2_unique_obstacles,indoor,176,87.59999999999823,37.23175951403735,12,12,0,8,1.0,False,3,2026-09-14T10:31:58.243172+00:00,104019505
indoor-c77cd4dfe997,v2_unique_obstacles,indoor,118,58.79999999999987,29.684947914470854,9,9,0,11,1.0,False,8,2026-09-14T10:31:58.640043+00:00,113232701
outdoor-2bfdc028aa1e,v2_unique_obstacles,outdoor,179,89.39999999999706,68.42384971021679,8,8,0,0,6.427133809516013,False,1,2026-09-14T10:32:18.438399+00:00,169298832
outdoor-c2738af6221b,v2_unique_obstacles,outdoor,152,75.79999999999784,54.050089928881846,5,5,0,0,4.939170706463921,True,1,2026-09-14T10:32:51.740026+00:00,79793073
indoor-ce54e3f941f8,v2_unique_obstacles,indoor,118,58.499999999999886,27.10197477773445,9,9,0,8,1.0,False,4,2026-09-14T10:33:07.502002+00:00,78571153
outdoor-13a0ea62f290,v2_unique_obstacles,outdoor,206,102.7999999999963,77.96183666576654,8,8,0,0,9.121237792943056,True,1,2026-09-14T10:33:29.312035+00:00,121633405
outdoor-4b50b98111ea,v2_unique_obstacles,outdoor,85,41.99999999999975,33.86621376921126,3,3,0,0,3.202997921761836,True,1,2026-09-14T10:34:06.495510+00:00,35616443
indoor-79a8adf1bd8e,v2_unique_obstacles,indoor,242,120.89999999999634,43.3640498967718,13,13,0,11,1.0,False,5,2026-09-14T10:34:16.569923+00:00,227055704
outdoor-15abbc839ee8,v2_unique_obstacles,outdoor,183,91.39999999999695,74.29737131643034,6,6,0,0,7.872697056518177,False,1,2026-09-14T10:34:23.941648+00:00,118418034
outdoor-1f71c619e6a5,v2_unique_obstacles,outdoor,214,106.59999999999609,84.02557183452923,8,8,0,0,8.501895962868872,True,1,2026-09-14T10:34:38.554383+00:00,91588729
outdoor-662db23e239e,v2_unique_obstacles,outdoor,161,80.39999999999758,65.72710015612418,7,7,0,0,7.108958819127229,False,1,2026-09-14T10:35:13.392603+00:00,112599215
indoor-abffc180d5be,v2_unique_obstacles,indoor,208,103.49999999999733,46.20919288036298,15,15,0,11,1.0,False,9,2026-09-14T10:35:18.355137+00:00,176557590
indoor-29baf035b251,v2_unique_obstacles,indoor,101,50.100000000000364,31.63369387076162,10,10,0,11,1.0,False,12,2026-09-14T10:35:20.685817+00:00,70208368
outdoor-d92507100d39,v2_unique_obstacles,outdoor,265,132.1999999999958,100.67426937806682,10,10,0,0,9.391176185083484,True,2,2026-09-14T10:36:03.470961+00:00,190530898
outdoor-4ed173a5e4aa,v2_unique_obstacles,outdoor,153,75.99999999999783,53.835201996070786,5,5,0,0,5.693000956810254,False,1,2026-09-14T10:36:12.427481+00:00,146374733
indoor-66b3bd97a74f,v2_unique_obstacles,indoor,250,124.49999999999613,56.61898172520742,18,18,0,8,1.0,False,3,2026-09-14T10:36:24.137951+00:00,131341492
indoor-440c2381d988,v2_unique_obstacles,indoor,121,59.9999999999998,29.25681860491989,9,9,0,12,1.0,False,8,2026-09-14T10:37:03.532681+00:00,125156943
outdoor-1291bf011bab,v2_unique_obstacles,outdoor,137,67.99999999999828,59.17361250155891,6,6,0,0,4.827967163292462,True,1,2026-09-14T10:37:06.043219+00:00,68189071
outdoor-51b943fe9d40,v2_unique_obstacles,outdoor,362,180.80000000000686,134.1376212596798,12,12,0,0,9.461639219400624,True,4,2026-09-14T10:37:09.613332+00:00,119827227
indoor-3a807bacd7d5,v2_unique_obstacles,indoor,116,57.59999999999994,29.580193537570885,10,10,0,11,1.0,False,3,2026-09-14T10:37:24.788326+00:00,97385725
outdoor-2ad93bbae83c,v2_unique_obstacles,outdoor,245,121.99999999999521,89.6460846374772,10,10,0,0,9.714755446254937,True,2,2026-09-14T10:37:27.547019+00:00,179929096
outdoor-97941ae9a1b4,v2_unique_obstacles,outdoor,97,47.99999999999941,37.998841832726924,3,3,0,0,3.8215053562041894,True,1,2026-09-14T10:37:42.378756+00:00,48822053
indoor-3b6343a09639,v2_unique_obstacles,indoor,102,50.70000000000033,21.20705100214132,5,5,0,12,1.0,False,2,2026-09-14T10:38:46.903124+00:00,77550104
outdoor-b69396a47c20,v2_unique_obstacles,outdoor,379,189.3000000000087,145.95957185833873,14,14,0,0,8.879182404726702,True,1,2026-09-14T10:38:56.828377+00:00,204511370
indoor-4262610d7307,v2_unique_obstacles,indoor,164,81.59999999999857,26.855188900280304,8,8,0,12,1.0,False,5,2026-09-14T10:39:00.628728+00:00,122984573
outdoor-9c46840ac986,v2_unique_obstacles,outdoor,231,115.39999999999559,88.64929121837773,10,10,0,0,5.209220471394395,True,1,2026-09-14T10:39:08.847527+00:00,154640686
outdoor-6cdc856b65c7,v2_unique_obstacles,outdoor,221,110.39999999999587,76.08413792647272,7,7,0,0,7.336022327935945,False,1,2026-09-14T10:39:18.500872+00:00,126937175
outdoor-3d080dd104b2,v2_unique_obstacles,outdoor,110,54.799999999999024,45.095831471006434,5,5,0,0,5.016697227629849,False,1,2026-09-14T10:39:38.782977+00:00,64763005
outdoor-4942b342b75c,v2_unique_obstacles,outdoor,143,71.1999999999981,51.01762133774489,5,5,0,0,5.28025515373378,False,1,2026-09-14T10:40:14.396387+00:00,71310202
indoor-50790f51d26a,v2_unique_obstacles,indoor,190,94.79999999999782,38.6367680474193,11,11,0,8,1.0,False,3,2026-09-14T10:40:22.091613+00:00,165511525
indoor-b7f8c093d2f7,v2_unique_obstacles,indoor,128,63.89999999999958,28.325382136070495,8,8,0,12,1.0,False,6,2026-09-14T10:40:24.366193+00:00,93677494
outdoor-69003d30c49d,v2_unique_obstacles,outdoor,172,85.59999999999728,73.34154273786888,7,7,0,0,6.374018050500166,True,1,2026-09-14T10:40:49.695786+00:00,96448315
outdoor-c780381b0173,v2_unique_obstacles,outdoor,72,35.600000000000115,31.55595385352369,4,4,0,0,3.151964815404245,False,1,2026-09-14T10:41:01.191659+00:00,31009186
indoor-d54634ef39ec,v2_unique_obstacles,indoor,141,70.19999999999922,40.18318716812353,13,13,0,8,1.0,False,4,2026-09-14T10:41:08.880947+00:00,110666052
indoor-8c3ea62f7613,v2_unique_obstacles,indoor,117,58.1999999999999,24.038682396447914,6,6,0,11,1.0,False,11,2026-09-14T10:41:09.189874+00:00,87003967
indoor-f946636e28a0,v2_unique_obstacles,indoor,154,76.94999999999882,27.206355716341776,9,9,0,9,1.0,False,2,2026-09-14T10:41:39.590189+00:00,92137530
outdoor-6b4ce06cc1d1,v2_unique_obstacles,outdoor,214,106.59999999999609,79.42174685191226,8,8,0,0,7.7433410745335465,False,1,2026-09-14T10:42:04.072267+00:00,138257872
indoor-a05317c11bfc,v2_unique_obstacles,indoor,133,65.99999999999946,30.186091483873838,10,10,0,9,1.0,False,4,2026-09-14T10:42:24.659363+00:00,113256516
outdoor-48fa8b64ce99,v2_unique_obstacles,outdoor,99,49.39999999999933,32.764745540023476,4,4,0,0,3.0602693683767193,False,1,2026-09-14T10:42:45.247750+00:00,69057005
indoor-d6343d7660e8,v2_unique_obstacles,indoor,154,76.79999999999885,28.04232814818887,9,9,0,8,1.0,False,1,2026-09-14T10:42:47.558122+00:00,130911331
indoor-f7196ef17987,v2_unique_obstacles,indoor,132,65.69999999999948,30.41479373083783,10,10,0,11,1.0,False,7,2026-09-14T10:42:58.844664+00:00,131783743
outdoor-910b9d39342b,v2_unique_obstacles,outdoor,159,79.39999999999763,60.174770532517456,5,5,0,0,6.050579011102082,False,1,2026-09-14T10:43:33.134200+00:00,80047912
indoor-3ec33a661036,v2_unique_obstacles,indoor,176,87.89999999999822,37.689940869665605,10,10,0,10,1.0,False,17,2026-09-14T10:43:34.910988+00:00,128866676
outdoor-41ce6310e599,v2_unique_obstacles,outdoor,99,48.99999999999935,37.788530886749676,5,5,0,0,3.777549008696182,False,1,2026-09-14T10:43:39.246632+00:00,61674385
indoor-4d7a3ad70b84,v2_unique_obstacles,indoor,111,55.200000000000074,20.421603444435092,7,7,0,9,1.0,False,1,2026-09-14T10:44:19.752174+00:00,86716191
indoor-4535971b7cf2,v2_unique_obstacles,indoor,228,113.69999999999675,51.2435473467666,14,14,0,11,1.0,False,3,2026-09-14T10:44:25.521997+00:00,184815884
indoor-22198cb74d70,v2_unique_obstacles,indoor,179,89.39999999999813,38.241353466094125,10,10,0,10,1.0,False,12,2026-09-14T10:45:08.361072+00:00,103715047
outdoor-b44160568a95,v2_unique_obstacles,outdoor,145,71.99999999999805,56.682033572675245,7,7,0,0,5.37926012695145,False,1,2026-09-14T10:45:34.571290+00:00,76909287
outdoor-401ba3e99d14,v2_unique_obstacles,outdoor,71,35.40000000000013,28.706797744443975,3,3,0,0,3.0851531960146694,False,1,2026-09-14T10:45:46.628798+00:00,25275722
outdoor-b3dad4158f40,v2_unique_obstacles,outdoor,372,185.70000000000798,129.58842440076882,13,13,0,0,9.708073090298601,True,2,2026-09-14T10:45:58.894137+00:00,161808119
outdoor-5d7b6b88269c,v2_unique_obstacles,outdoor,364,181.60000000000704,137.59543177108904,15,15,0,0,8.688517349804904,True,1,2026-09-14T10:46:04.910693+00:00,155522309
indoor-83f3393cb931,v2_unique_obstacles,indoor,95,47.400000000000475,20.30111830174629,5,5,0,11,1.0,False,14,2026-09-14T10:46:19.268239+00:00,80130935
outdoor-c53880c6cce1,v2_unique_obstacles,outdoor,92,45.59999999999955,40.916815744207696,4,4,0,0,4.369142232108231,False,1,2026-09-14T10:46:21.938745+00:00,45837929
outdoor-3ab62e07a817,v2_unique_obstacles,outdoor,400,199.60000000001114,151.31185839869502,15,15,0,0,9.91939344332572,True,1,2026-09-14T10:46:36.581000+00:00,326983967
outdoor-f38acc78be02,v2_unique_obstacles,outdoor,121,60.19999999999872,54.76596503839214,5,5,0,0,5.761813987049724,True,1,2026-09-14T10:46:46.727817+00:00,46526977
outdoor-0de2513ca510,v2_unique_obstacles,outdoor,130,64.79999999999846,56.6143056309092,6,6,0,0,5.253393808148472,False,1,2026-09-14T10:47:10.412113+00:00,102671384
outdoor-6350ea5f0509,v2_unique_obstacles,outdoor,242,120.59999999999529,96.84778471860733,10,10,0,0,6.7288819320460505,True,2,2026-09-14T10:47:32.006283+00:00,95923134
outdoor-5610e0f0960a,v2_unique_obstacles,outdoor,196,97.59999999999658,61.072257878519736,6,6,0,0,5.2303797335666795,True,2,2026-09-14T10:47:52.792863+00:00,76891417
outdoor-585ede8986fd,v2_unique_obstacles,outdoor,241,120.3999999999953,94.20880552198906,9,9,0,0,5.062013538409338,True,2,2026-09-14T10:48:06.627501+00:00,91926038
outdoor-c423fe207284,v2_unique_obstacles,outdoor,208,103.79999999999625,84.09784019998415,7,7,0,0,6.059816955203002,True,1,2026-09-14T10:48:29.197677+00:00,105822115
indoor-e81f4a3efa11,v2_unique_obstacles,indoor,86,42.600000000000406,27.45061784395409,9,9,0,11,1.0,False,9,2026-09-14T10:48:31.350863+00:00,46046981
indoor-118819720089,v2_unique_obstacles,indoor,257,128.09999999999593,60.17265451350476,18,18,0,8,1.0,False,11,2026-09-14T10:48:51.114982+00:00,105967412
outdoor-881a3b679763,v2_unique_obstacles,outdoor,238,118.5999999999954,85.22528346309869,10,10,0,0,8.676103885790287,True,1,2026-09-14T10:49:06.639005+00:00,228479551
indoor-9b24624217a5,v2_unique_obstacles,indoor,181,89.9999999999981,36.1135416457622,12,12,0,10,1.0,False,3,2026-09-14T10:49:26.129664+00:00,211129261
outdoor-ad5387bbd9fe,v2_unique_obstacles,outdoor,115,57.19999999999889,42.34158799210157,5,5,0,0,3.7371949215948645,True,1,2026-09-14T10:49:38.657581+00:00,42394496
outdoor-b63ef6e92492,v2_unique_obstacles,outdoor,220,109.59999999999592,87.23633916887843,9,9,0,0,8.245838348447217,False,1,2026-09-14T10:49:42.511273+00:00,108718265
indoor-7e802678c32e,v2_unique_obstacles,indoor,127,62.99999999999963,28.14988842053217,7,7,0,9,1.0,False,3,2026-09-14T10:49:43.094547+00:00,84412933
outdoor-3cdcb40429ed,v2_unique_obstacles,outdoor,195,97.19999999999662,74.11786222783003,8,8,0,0,8.119348150538997,False,1,2026-09-14T10:50:29.697545+00:00,74507443
outdoor-db5b9505d5bc,v2_unique_obstacles,outdoor,147,73.39999999999797,45.23136077434407,5,5,0,0,4.52560800916392,False,1,2026-09-14T10:50:43.378731+00:00,50974119
outdoor-49b367fc4526,v2_unique_obstacles,outdoor,227,113.2999999999957,76.06399196513024,8,8,0,0,7.1158182118361974,False,1,2026-09-14T10:50:43.666042+00:00,120498042
indoor-c7ee43021bfe,v2_unique_obstacles,indoor,167,83.09999999999849,33.600256100922984,11,11,0,10,1.0,False,11,2026-09-14T10:50:56.137484+00:00,144834006
outdoor-a22d85ff75da,v2_unique_obstacles,outdoor,127,62.99999999999856,43.87702753310214,3,3,0,0,4.065195018130886,False,1,2026-09-14T10:51:21.750249+00:00,50339316
indoor-187066556f78,v2_unique_obstacles,indoor,136,67.79999999999936,31.382310337094708,9,9,0,8,1.0,False,7,2026-09-14T10:51:33.824849+00:00,121433825
indoor-06efaa652410,v2_unique_obstacles,indoor,158,78.89999999999873,33.62104713118265,9,9,0,9,1.0,False,10,2026-09-14T10:51:57.140283+00:00,131098460
indoor-d4a9d52dbec8,v2_unique_obstacles,indoor,72,35.7000000000003,29.45680184251889,8,8,0,10,1.0,False,3,2026-09-14T10:52:34.254883+00:00,73014105
outdoor-8010e962cfcc,v2_unique_obstacles,outdoor,377,188.20000000000854,146.1054298105209,16,16,0,0,9.799779802576257,True,1,2026-09-14T10:52:45.844445+00:00,197288728
indoor-098a91e2a2db,v2_unique_obstacles,indoor,217,107.99999999999707,52.398239858286516,16,16,0,11,1.0,False,3,2026-09-14T10:53:04.020516+00:00,164991732
indoor-4a6e153f1087,v2_unique_obstacles,indoor,110,54.90000000000009,24.81995478377422,7,7,0,12,1.0,False,16,2026-09-14T10:53:33.301846+00:00,92405751
indoor-524be6cdca53,v2_unique_obstacles,indoor,107,53.400000000000176,20.085508296879404,5,5,0,9,1.0,False,6,2026-09-14T10:54:01.992714+00:00,99233518
indoor-cb72d624c1cb,v2_unique_obstacles,indoor,103,51.300000000000296,24.990549682441397,7,7,0,12,1.0,False,11,2026-09-14T10:54:12.044870+00:00,105343239
indoor-b4ee8aad0cc7,v2_unique_obstacles,indoor,229,113.99999999999673,38.70089407567768,13,13,0,10,1.0,False,3,2026-09-14T10:54:24.544299+00:00,191634061
outdoor-a4ac8ae18fef,v2_unique_obstacles,outdoor,243,120.99999999999527,89.54476059659694,8,8,0,0,8.720612896657801,False,2,2026-09-14T10:54:53.695698+00:00,126037959
outdoor-6a2e82415adf,v2_unique_obstacles,outdoor,139,68.99999999999822,45.818494356108914,5,5,0,0,4.383411347314825,False,1,2026-09-14T10:55:10.018044+00:00,57656261
outdoor-b49963ab70e6,v2_unique_obstacles,outdoor,251,124.99999999999504,100.24581785517947,10,10,0,0,8.841720091551762,True,1,2026-09-14T10:55:11.895987+00:00,128073539
outdoor-93991fb9f594,v2_unique_obstacles,outdoor,208,103.79999999999625,72.44970688039434,8,8,0,0,7.861490622063967,False,1,2026-09-14T10:55:26.034122+00:00,165064463
indoor-203ff2b936ab,v2_unique_obstacles,indoor,71,35.400000000000304,21.53510716518553,5,5,0,10,1.0,False,20,2026-09-14T10:55:27.819373+00:00,84835473
outdoor-757d275507ad,v2_unique_obstacles,outdoor,199,99.09999999999651,75.18881467925729,7,7,0,0,6.271268798725019,True,2,2026-09-14T10:55:50.298999+00:00,106077423
indoor-ce48b11d8e6d,v2_unique_obstacles,indoor,96,47.70000000000047,30.61549623420727,10,10,0,11,1.0,False,3,2026-09-14T10:56:19.853908+00:00,68532076
outdoor-37173ebd9d3d,v2_unique_obstacles,outdoor,158,78.79999999999767,60.15021874230162,5,5,0,0,6.145646193447584,False,1,2026-09-14T10:56:31.173011+00:00,101592868
indoor-8abe170bcd11,v2_unique_obstacles,indoor,196,97.49999999999767,43.64341389927425,12,12,0,12,1.0,False,2,2026-09-14T10:56:46.352375+00:00,199693662
indoor-a5ec5d8abb83,v2_unique_obstacles,indoor,141,70.19999999999922,25.696784636483677,7,7,0,12,1.0,False,1,2026-09-14T10:56:55.311255+00:00,103456726
indoor-896135419b15,v2_unique_obstacles,indoor,145,72.2999999999991,27.403810360689945,7,7,0,11,1.0,False,8,2026-09-14T10:57:06.842647+00:00,127408558
outdoor-8083727ca790,v2_unique_obstacles,outdoor,257,128.39999999999495,96.78879025332242,10,10,0,0,9.851832968287502,True,2,2026-09-14T10:58:26.909339+00:00,184242755
outdoor-b5afac37eb05,v2_unique_obstacles,outdoor,150,74.5999999999979,50.302547028626435,6,6,0,0,5.177911019328039,True,1,2026-09-14T10:58:30.377262+00:00,51345122
indoor-5c5d6d8ced8b,v2_unique_obstacles,indoor,67,33.00000000000027,28.858626921322013,9,9,0,8,1.0,False,8,2026-09-14T10:58:39.096804+00:00,64515694
outdoor-344afbb80c42,v2_unique_obstacles,outdoor,217,107.999999999996,77.081279705324,8,8,0,0,7.660598869177539,True,3,2026-09-14T10:58:45.537136+00:00,116625332
indoor-d23c36c7faaf,v2_unique_obstacles,indoor,160,79.79999999999868,34.458967212686396,9,9,0,12,1.0,False,3,2026-09-14T10:58:47.499015+00:00,80792009
outdoor-218e880ed218,v2_unique_obstacles,outdoor,265,132.39999999999586,101.52526301522529,11,11,0,0,8.857261536761154,True,1,2026-09-14T10:58:54.410588+00:00,114568507
outdoor-8238f609d230,v2_unique_obstacles,outdoor,141,70.39999999999814,52.14656208576906,6,6,0,0,4.989501799119455,True,1,2026-09-14T10:59:30.651992+00:00,75132500
outdoor-02a6492e203c,v2_unique_obstacles,outdoor,83,41.399999999999785,32.028514629713015,3,3,0,0,3.527279168003065,False,1,2026-09-14T10:59:32.143910+00:00,64708162
outdoor-69c8b8449cd9,v2_unique_obstacles,outdoor,184,91.79999999999693,69.92420488556054,6,6,0,0,7.755318552244296,False,1,2026-09-14T10:59:56.828246+00:00,59090124
outdoor-557e37af763b,v2_unique_obstacles,outdoor,225,112.39999999999576,85.51902856285997,9,9,0,0,5.902320435082158,True,2,2026-09-14T11:00:18.089160+00:00,188086853
indoor-70e5a6630d8d,v2_unique_obstacles,indoor,109,54.300000000000125,31.016943146011652,9,9,0,8,1.0,False,7,2026-09-14T11:00:29.228749+00:00,91760173
indoor-d8389fd79e9d,v2_unique_obstacles,indoor,150,74.69999999999898,39.13128445685548,11,11,0,10,1.0,False,5,2026-09-14T11:01:17.933784+00:00,122564281
outdoor-8025cf900160,v2_unique_obstacles,outdoor,130,64.79999999999846,50.95463579645812,6,6,0,0,5.010210813111758,False,1,2026-09-14T11:01:20.960300+00:00,45738854
indoor-22959a75dd82,v2_unique_obstacles,indoor,274,136.49999999999545,54.7379301185818,16,16,0,11,1.0,False,3,2026-09-14T11:01:41.719815+00:00,330544383
outdoor-69ab762f7410,v2_unique_obstacles,outdoor,162,80.79999999999755,62.0794847929384,5,5,0,0,5.309351346899589,True,2,2026-09-14T11:01:52.346659+00:00,161767768
indoor-2f2d5e48b933,v2_unique_obstacles,indoor,101,50.40000000000035,22.895262121750864,8,8,0,12,1.0,False,11,2026-09-14T11:02:04.195655+00:00,100278449
outdoor-fb108f53c261,v2_unique_obstacles,outdoor,87,43.39999999999967,35.25883750318256,3,3,0,0,3.225313509886938,True,1,2026-09-14T11:02:07.576405+00:00,46485285
outdoor-1a49250aa793,v2_unique_obstacles,outdoor,133,65.9999999999984,45.20758427231809,4,4,0,0,5.343092644145144,True,2,2026-09-14T11:02:21.190438+00:00,86983964
indoor-67e170d6f15e,v2_unique_obstacles,indoor,177,88.1999999999982,38.89642055985522,11,11,0,11,1.0,False,5,2026-09-14T11:03:27.313772+00:00,134849990
indoor-d4984edf440a,v2_unique_obstacles,indoor,257,128.3999999999959,47.218304159974124,14,14,0,12,1.0,False,1,2026-09-14T11:03:29.412721+00:00,226251331
indoor-f87f83efa29e,v2_unique_obstacles,indoor,124,61.7999999999997,21.89016577337859,7,7,0,9,1.0,False,1,2026-09-14T11:03:31.749469+00:00,114894814
outdoor-c314747d7ccc,v2_unique_obstacles,outdoor,263,130.99999999999554,85.29080792783529,10,10,0,0,7.305797293239752,True,1,2026-09-14T11:03:42.431859+00:00,188778316
indoor-ee0f8eff7fb1,v2_unique_obstacles,indoor,100,49.80000000000038,22.954346239935212,8,8,0,11,1.0,False,1,2026-09-14T11:04:32.839368+00:00,95010496
outdoor-06915058f187,v2_unique_obstacles,outdoor,365,182.30000000000723,149.57332528723953,16,16,0,0,6.680321578680976,True,1,2026-09-14T11:04:33.866492+00:00,191242649
outdoor-37319972e80e,v2_unique_obstacles,outdoor,172,85.59999999999728,61.68618252651531,5,5,0,0,6.791154442981709,False,1,2026-09-14T11:04:37.127283+00:00,135838161
outdoor-e52cef15630f,v2_unique_obstacles,outdoor,219,109.19999999999594,87.18017215091399,9,9,0,0,8.572614306240972,False,1,2026-09-14T11:05:01.777279+00:00,76343266
indoor-5994a82afb1a,v2_unique_obstacles,indoor,61,30.000000000000224,29.308384695750338,8,8,0,8,1.0,False,18,2026-09-14T11:05:09.162716+00:00,70697292
outdoor-ca370bd3ea64,v2_unique_obstacles,outdoor,124,61.59999999999864,43.76558503272443,4,4,0,0,6.549377785933398,True,1,2026-09-14T11:05:30.499719+00:00,64390283
indoor-5a0bcd2bf158,v2_unique_obstacles,indoor,83,41.10000000000038,22.38126085109768,7,7,0,9,1.0,False,1,2026-09-14T11:05:45.618424+00:00,74918140
outdoor-d9a5e7a907e4,v2_unique_obstacles,outdoor,255,126.99999999999493,89.2660274181923,9,9,0,0,8.764135903122206,True,1,2026-09-14T11:06:09.946630+00:00,191210059
outdoor-9f77c5c9b1d9,v2_unique_obstacles,outdoor,89,44.199999999999626,30.915971365628025,3,3,0,0,3.232773264042166,False,1,2026-09-14T11:06:30.559843+00:00,29339931
outdoor-b3595ac52b77,v2_unique_obstacles,outdoor,152,75.79999999999784,53.20270767770363,4,4,0,0,4.982900640412824,False,1,2026-09-14T11:06:32.749153+00:00,99812908
outdoor-b4df551a1eb5,v2_unique_obstacles,outdoor,312,155.80000000000118,119.47031289494782,11,11,0,0,9.784042320085513,True,1,2026-09-14T11:07:06.201687+00:00,168239984
indoor-38dc23f78e93,v2_unique_obstacles,indoor,92,45.60000000000045,20.35060965244376,7,7,0,11,1.0,False,2,2026-09-14T11:07:13.404540+00:00,60139051
outdoor-17c5a9e78495,v2_unique_obstacles,outdoor,116,57.599999999998865,35.60899735115804,5,5,0,0,3.663191241820808,False,1,2026-09-14T11:07:29.013165+00:00,52850406
outdoor-a9d69fda9c78,v2_unique_obstacles,outdoor,253,126.39999999999496,101.59059538549349,10,10,0,0,8.048304589391343,True,1,2026-09-14T11:07:47.470894+00:00,135534632
indoor-4c723157a520,v2_unique_obstacles,indoor,245,122.09999999999627,59.28944051679694,19,19,0,11,1.0,False,14,2026-09-14T11:08:04.729857+00:00,193321364
indoor-e4204839f1da,v2_unique_obstacles,indoor,132,65.69999999999948,27.430599306915596,9,9,0,11,1.0,False,3,2026-09-14T11:08:13.198724+00:00,142285540
indoor-2cc8a3c37ae1,v2_unique_obstacles,indoor,178,88.49999999999818,34.36453732174573,11,11,0,12,1.0,False,5,2026-09-14T11:08:29.623868+00:00,198295355
indoor-9b625cda506e,v2_unique_obstacles,indoor,68,33.900000000000276,24.150383547971696,6,6,0,8,1.0,False,10,2026-09-14T11:09:04.291796+00:00,73690208
outdoor-1f7d60bb7e78,v2_unique_obstacles,outdoor,226,112.79999999999573,81.39558295301333,8,8,0,0,8.926891228391135,False,1,2026-09-14T11:09:10.886936+00:00,110556735
indoor-bfa524076934,v2_unique_obstacles,indoor,116,57.89999999999992,25.647941461377087,7,7,0,9,1.0,False,4,2026-09-14T11:09:24.255401+00:00,94890858
outdoor-9266f3839aa2,v2_unique_obstacles,outdoor,223,110.99999999999584,85.49835506161725,10,10,0,0,8.709229136906155,False,2,2026-09-14T11:09:46.695994+00:00,149008520
outdoor-59aee7168ef5,v2_unique_obstacles,outdoor,175,87.19999999999719,65.35041267063929,8,8,0,0,6.300370348851439,False,1,2026-09-14T11:09:48.129005+00:00,70393941
indoor-51fa5b58282b,v2_unique_obstacles,indoor,105,52.200000000000244,24.53202845652308,7,7,0,11,1.0,False,13,2026-09-14T11:10:00.654300+00:00,102958636
indoor-967bf3cc590b,v2_unique_obstacles,indoor,104,51.60000000000028,21.87129422686538,7,7,0,9,1.0,False,3,2026-09-14T11:10:04.624136+00:00,72654462
outdoor-d3130b13c9a3,v2_unique_obstacles,outdoor,154,76.79999999999778,58.46243469214683,7,7,0,0,5.667967128869114,False,1,2026-09-14T11:10:22.929182+00:00,51761793
indoor-f2730c61da3d,v2_unique_obstacles,indoor,106,52.80000000000021,29.048699130589448,9,9,0,10,1.0,False,2,2026-09-14T11:10:47.164924+00:00,81217510
indoor-0af145157abc,v2_unique_obstacles,indoor,152,75.8999999999989,33.12675363336908,10,10,0,10,1.0,False,4,2026-09-14T11:11:15.478374+00:00,116415541
outdoor-793addf5be78,v2_unique_obstacles,outdoor,217,107.999999999996,73.54554357813873,7,7,0,0,7.808478772664604,True,1,2026-09-14T11:11:34.185729+00:00,142696097
indoor-092151b0878f,v2_unique_obstacles,indoor,269,134.39999999999557,57.61814760690005,17,17,0,10,1.0,False,6,2026-09-14T11:11:34.725987+00:00,205275559
outdoor-f7b3a8c657d6,v2_unique_obstacles,outdoor,260,129.79999999999526,91.77873799963314,10,10,0,0,9.654080979561014,False,1,2026-09-14T11:11:53.692207+00:00,163323210
outdoor-27dde6115ae7,v2_unique_obstacles,outdoor,234,116.49999999999552,79.27833632904836,8,8,0,0,8.215999583099617,False,1,2026-09-14T11:11:59.325384+00:00,111871205
indoor-ad0afb8d09c0,v2_unique_obstacles,indoor,176,87.59999999999823,37.75026273109142,10,10,0,12,1.0,False,6,2026-09-14T11:12:44.233042+00:00,190656659
indoor-f1eec4ad8eac,v2_unique_obstacles,indoor,196,97.49999999999767,35.61950880705326,10,10,0,9,1.0,False,4,2026-09-14T11:12:58.637561+00:00,117675354
outdoor-c7225256a351,v2_unique_obstacles,outdoor,221,110.39999999999587,86.89561137315458,10,10,0,0,9.707829812353413,True,1,2026-09-14T11:13:18.115823+00:00,177561995
outdoor-29351648d53f,v2_unique_obstacles,outdoor,281,139.99999999999758,109.48957077542792,11,11,0,0,7.964809195352696,True,1,2026-09-14T11:13:21.697341+00:00,174585982
outdoor-e9a749afdf98,v2_unique_obstacles,outdoor,82,40.79999999999982,29.034712044297343,4,4,0,0,4.036975339006181,True,1,2026-09-14T11:13:29.084311+00:00,65473065
outdoor-3f959027b57b,v2_unique_obstacles,outdoor,246,122.59999999999518,90.66409332727284,8,8,0,0,8.395873023679219,False,1,2026-09-14T11:13:29.395762+00:00,127964048
outdoor-8287a95217a9,v2_unique_obstacles,outdoor,130,64.59999999999847,42.84596131309473,4,4,0,0,4.0045728000042535,False,1,2026-09-14T11:14:10.115569+00:00,42844594
indoor-9e2f09d9422a,v2_unique_obstacles,indoor,265,131.9999999999957,54.49191204594217,15,15,0,8,1.0,False,3,2026-09-14T11:14:17.345866+00:00,310488507
outdoor-3d71b5bf8f7e,v2_unique_obstacles,outdoor,188,93.59999999999683,75.31805616651779,9,9,0,0,7.254914042728467,False,1,2026-09-14T11:14:37.847530+00:00,178340876
outdoor-41f9f1b712b7,v2_unique_obstacles,outdoor,132,65.59999999999842,50.29530605191297,4,4,0,0,4.621333908029939,False,1,2026-09-14T11:15:09.227676+00:00,44524763
outdoor-daff96bb86a5,v2_unique_obstacles,outdoor,141,69.99999999999817,48.902866902944574,5,5,0,0,5.570959832928542,True,2,2026-09-14T11:15:15.127625+00:00,80783851
outdoor-484a3dc61f7e,v2_unique_obstacles,outdoor,368,183.80000000000754,137.51993481519895,14,14,0,0,9.598848646868351,True,1,2026-09-14T11:15:21.819906+00:00,232302460
indoor-b91fb7cb0c35,v2_unique_obstacles,indoor,260,129.59999999999584,63.06876961945967,18,18,0,12,1.0,False,8,2026-09-14T11:15:50.484646+00:00,155852534
outdoor-d5ba9845eb6c,v2_unique_obstacles,outdoor,198,98.79999999999653,72.72089459930457,7,7,0,0,7.081265111627998,True,1,2026-09-14T11:15:56.644441+00:00,160128340
outdoor-af2535de8367,v2_unique_obstacles,outdoor,75,37.000000000000036,31.533104119411306,3,3,0,0,3.0503512055850184,False,2,2026-09-14T11:15:57.228170+00:00,52315801
indoor-74486b22a057,v2_unique_obstacles,indoor,167,83.39999999999847,30.745359949760154,9,9,0,9,1.0,False,17,2026-09-14T11:16:46.780567+00:00,157630894
indoor-428385d62c31,v2_unique_obstacles,indoor,144,71.69999999999914,47.12994016443765,15,15,0,12,1.0,False,6,2026-09-14T11:17:04.037256+00:00,169087342
outdoor-45a0b75c41dc,v2_unique_obstacles,outdoor,341,170.20000000000445,134.53639009304828,14,14,0,0,8.880467356699423,True,1,2026-09-14T11:17:21.105965+00:00,121993030
indoor-6bb1144d570e,v2_unique_obstacles,indoor,98,48.60000000000045,21.915567006055603,7,7,0,8,1.0,False,1,2026-09-14T11:17:30.704820+00:00,72459022
outdoor-4ebac666fc4b,v2_unique_obstacles,outdoor,91,44.99999999999958,36.92473958743929,4,4,0,0,4.060049899195553,False,1,2026-09-14T11:18:12.470534+00:00,47434424
outdoor-82d5a074f6be,v2_unique_obstacles,outdoor,101,50.399999999999274,38.14709045055646,4,4,0,0,3.729811214257913,False,2,2026-09-14T11:18:23.232392+00:00,48130904
indoor-aea627d4a3ed,v2_unique_obstacles,indoor,169,84.29999999999842,34.60423911608534,10,10,0,12,1.0,False,1,2026-09-14T11:18:31.039294+00:00,139575487
indoor-c4a01955025a,v2_unique_obstacles,indoor,145,72.2999999999991,31.687651806333786,10,10,0,10,1.0,False,15,2026-09-14T11:18:53.840190+00:00,134004521
indoor-0cfe659d40ac,v2_unique_obstacles,indoor,202,100.4999999999975,40.90783481798404,13,13,0,9,1.0,False,16,2026-09-14T11:19:21.906828+00:00,166920630
outdoor-0c2dd3c3152f,v2_unique_obstacles,outdoor,129,64.39999999999849,48.283617436221526,4,4,0,0,5.204328168512599,False,1,2026-09-14T11:19:21.926869+00:00,102316727
indoor-bd6772d1d3e0,v2_unique_obstacles,indoor,86,42.600000000000406,20.11528891144549,7,7,0,11,1.0,False,4,2026-09-14T11:19:29.953087+00:00,59715833
indoor-7393b3106528,v2_unique_obstacles,indoor,124,61.499999999999716,26.10435741804231,7,7,0,11,1.0,False,20,2026-09-14T11:19:32.851403+00:00,124529230
indoor-7a32ac16be44,v2_unique_obstacles,indoor,114,56.69999999999999,28.97682719895171,9,9,0,8,1.0,False,5,2026-09-14T11:19:38.819576+00:00,100811278
outdoor-85156c2cda7e,v2_unique_obstacles,outdoor,112,55.59999999999898,37.59128731983428,5,5,0,0,3.7169624239057772,False,2,2026-09-14T11:19:48.297313+00:00,56813005
outdoor-e9ed4608323e,v2_unique_obstacles,outdoor,162,80.79999999999755,61.08839158250345,5,5,0,0,6.364979987454158,False,1,2026-09-14T11:20:28.471256+00:00,133430048
indoor-3c3829037431,v2_unique_obstacles,indoor,116,57.89999999999992,25.01285459367779,9,9,0,12,1.0,False,1,2026-09-14T11:20:37.683568+00:00,101982986
outdoor-6602f543b0b5,v2_unique_obstacles,outdoor,261,130.19999999999536,94.44530849739685,10,10,0,0,9.401703177062057,False,1,2026-09-14T11:21:08.841954+00:00,89382631
indoor-39d0c3e148e7,v2_unique_obstacles,indoor,133,65.99999999999946,26.165161305188953,8,8,0,12,1.0,False,12,2026-09-14T11:21:57.025592+00:00,147630564
indoor-adabd856fa33,v2_unique_obstacles,indoor,160,79.49999999999869,23.4869283348428,8,8,0,9,1.0,False,2,2026-09-14T11:21:58.896860+00:00,90033915
indoor-255fe4ab4ba9,v2_unique_obstacles,indoor,345,172.19999999999342,63.92559377217684,18,18,0,9,1.0,False,5,2026-09-14T11:22:01.071445+00:00,286958593
outdoor-ce3ebfa4eab0,v2_unique_obstacles,outdoor,257,127.99999999999487,99.43401106998347,9,9,0,0,8.562209841442678,True,1,2026-09-14T11:22:32.741051+00:00,161535967
outdoor-1b0d4e68c03c,v2_unique_obstacles,outdoor,94,46.79999999999948,36.73190339030943,3,3,0,0,3.8039895565088084,False,1,2026-09-14T11:22:38.013444+00:00,31807895
indoor-8c64005ad5b9,v2_unique_obstacles,indoor,176,87.59999999999823,38.01565845984132,12,12,0,12,1.0,False,14,2026-09-14T11:22:55.699199+00:00,145563990
indoor-e2dcaacc3d93,v2_unique_obstacles,indoor,90,44.70000000000043,28.329638926341065,7,7,0,12,1.0,False,10,2026-09-14T11:23:49.662357+00:00,81246856
indoor-2017720f6afa,v2_unique_obstacles,indoor,94,46.800000000000466,27.69066157963023,9,9,0,12,1.0,False,6,2026-09-14T11:24:02.912068+00:00,78735182
indoor-5315a61c4c42,v2_unique_obstacles,indoor,152,75.59999999999891,33.603041130884954,11,11,0,9,1.0,False,8,2026-09-14T11:24:31.345204+00:00,107951891
indoor-59ec4ba111bb,v2_unique_obstacles,indoor,262,130.79999999999578,58.57690868564298,17,17,0,12,1.0,False,7,2026-09-14T11:24:41.499711+00:00,253780268
indoor-fe5c4e608861,v2_unique_obstacles,indoor,73,36.00000000000031,21.817081782709046,8,8,0,8,1.0,False,10,2026-09-14T11:24:48.446433+00:00,67731001
outdoor-742afc510c55,v2_unique_obstacles,outdoor,123,60.99999999999867,45.24421080686505,5,5,0,0,4.9719658631085775,True,1,2026-09-14T11:25:17.752549+00:00,104132382
indoor-d229769b519d,v2_unique_obstacles,indoor,79,39.150000000000354,24.971300885267414,6,6,0,6,1.0,False,4,2026-09-14T11:25:53.860683+00:00,101993121
indoor-4651a06a5ef3,v2_unique_obstacles,indoor,98,48.90000000000043,29.371503767107722,9,9,0,8,1.0,False,11,2026-09-14T11:26:08.530122+00:00,110404578
outdoor-0e31a3ab0497,v2_unique_obstacles,outdoor,208,103.59999999999626,67.47661824631345,6,6,0,0,4.440989937889908,True,1,2026-09-14T11:26:28.860786+00:00,71569193
indoor-74946ac779b5,v2_unique_obstacles,indoor,126,62.69999999999965,22.903064958528184,8,8,0,11,1.0,False,20,2026-09-14T11:27:11.861110+00:00,109847871
indoor-a2793d843673,v2_unique_obstacles,indoor,214,106.79999999999714,44.02119393144104,13,13,0,12,1.0,False,1,2026-09-14T11:27:23.369346+00:00,144467983
indoor-123dfce21fe0,v2_unique_obstacles,indoor,124,61.499999999999716,23.38158497832142,8,8,0,8,1.0,False,15,2026-09-14T11:27:23.642637+00:00,96609755
outdoor-fb0ebee8cef3,v2_unique_obstacles,outdoor,215,107.39999999999604,84.76367506045375,7,7,0,0,6.764676304893996,True,1,2026-09-14T11:27:33.523308+00:00,141223136
outdoor-ac6fb6e53da5,v2_unique_obstacles,outdoor,251,124.99999999999504,92.42162806629204,8,8,0,0,8.755478066229177,False,1,2026-09-14T11:28:47.112788+00:00,152651508
indoor-d2f70f6ca01b,v2_unique_obstacles,indoor,200,99.89999999999753,54.88312498633711,16,16,0,8,1.0,False,10,2026-09-14T11:28:56.978561+00:00,185663958
outdoor-c53544a9d9aa,v2_unique_obstacles,outdoor,254,126.79999999999494,94.80104842012119,9,9,0,0,7.7621231219421105,True,1,2026-09-14T11:28:57.194203+00:00,181824339
outdoor-fa3a77ed4b7a,v2_unique_obstacles,outdoor,249,124.39999999999507,89.06972571125428,10,10,0,0,8.593147873229935,False,1,2026-09-14T11:29:08.252294+00:00,80690196
outdoor-91e80ebd5641,v2_unique_obstacles,outdoor,90,44.79999999999959,37.0488680020961,3,3,0,0,3.7560597521144627,False,1,2026-09-14T11:29:48.161434+00:00,43168438
indoor-af29e6eb36e8,v2_unique_obstacles,indoor,227,113.39999999999677,48.88222606858539,14,14,0,11,1.0,False,12,2026-09-14T11:29:49.818993+00:00,149910686
indoor-0542cbb61452,v2_unique_obstacles,indoor,118,58.79999999999987,41.06119435395907,13,13,0,12,1.0,False,2,2026-09-14T11:30:00.000037+00:00,98365132
outdoor-335a706a9867,v2_unique_obstacles,outdoor,164,81.6999999999975,52.71948604019352,6,6,0,0,5.259005274077751,True,1,2026-09-14T11:30:06.761143+00:00,69558964
outdoor-af30b0fbc2ff,v2_unique_obstacles,outdoor,243,120.99999999999527,86.73891707987232,10,10,0,0,8.14273317519443,False,1,2026-09-14T11:30:19.451222+00:00,84113869
outdoor-bd3f4ae5ae5d,v2_unique_obstacles,outdoor,127,62.99999999999856,44.47958098122949,5,5,0,0,4.835304158957579,False,1,2026-09-14T11:30:44.050336+00:00,38387167
outdoor-a8bb0fb9689c,v2_unique_obstacles,outdoor,139,68.99999999999822,49.07248117394565,6,6,0,0,5.370786195569482,False,1,2026-09-14T11:31:34.289755+00:00,46325167
outdoor-7731cc58b666,v2_unique_obstacles,outdoor,281,140.39999999999768,113.3870262621883,12,12,0,0,6.976979797117712,True,1,2026-09-14T11:31:57.162986+00:00,142214601
indoor-0c0d6ca4e090,v2_unique_obstacles,indoor,161,80.39999999999864,27.546124058154,9,9,0,9,1.0,False,11,2026-09-14T11:32:20.209569+00:00,183141540
indoor-fe4dcb0d3cc2,v2_unique_obstacles,indoor,205,102.2999999999974,45.915170694714774,14,14,0,8,1.0,False,11,2026-09-14T11:32:32.613482+00:00,142581970
outdoor-4cbf99edb552,v2_unique_obstacles,outdoor,116,57.599999999998865,44.9770211590624,3,3,0,0,4.780030550792431,False,1,2026-09-14T11:32:41.282799+00:00,42921216
indoor-9f9991861ab7,v2_unique_obstacles,indoor,69,34.20000000000029,25.849285511527032,8,8,0,7,1.0,False,4,2026-09-14T11:33:34.816177+00:00,51084918
indoor-5c1d4c66e743,v2_unique_obstacles,indoor,221,110.09999999999695,55.111540590400494,16,16,0,10,1.0,False,7,2026-09-14T11:33:47.912424+00:00,242481362
indoor-4f71ae928605,v2_unique_obstacles,indoor,170,84.89999999999839,32.679128571969386,10,10,0,8,1.0,False,3,2026-09-14T11:33:51.593475+00:00,169318210
indoor-7791dfc8652e,v2_unique_obstacles,indoor,196,97.79999999999765,42.891580861352836,14,14,0,8,1.0,False,4,2026-09-14T11:33:59.736240+00:00,244464641
indoor-4c0b883b2523,v2_unique_obstacles,indoor,71,35.10000000000029,26.4421147793908,7,7,0,8,1.0,False,8,2026-09-14T11:34:17.110658+00:00,63443361
indoor-f7c933f7dd6e,v2_unique_obstacles,indoor,62,30.900000000000237,23.13548326399583,6,6,0,8,1.0,False,2,2026-09-14T11:34:21.122405+00:00,45620335
indoor-6c8c70c230fc,v2_unique_obstacles,indoor,52,25.800000000000164,21.159805308106144,6,6,0,8,1.0,False,2,2026-09-14T11:34:31.938929+00:00,44592048
indoor-31b363503d38,v2_unique_obstacles,indoor,151,75.14999999999895,41.46206211708182,13,13,0,8,1.0,False,1,2026-09-14T11:35:02.358368+00:00,157735280
indoor-0188096de11d,v2_unique_obstacles,indoor,118,58.79999999999987,30.697262453779434,8,8,0,8,1.0,False,1,2026-09-14T11:35:10.550563+00:00,95921629
indoor-c4b39c246ad7,v2_unique_obstacles,indoor,138,68.6999999999993,20.012941776055214,6,6,0,10,1.0,False,1,2026-09-14T11:35:15.529954+00:00,94520278
indoor-9c961ab2101d,v2_unique_obstacles,indoor,160,79.79999999999868,33.3703593762853,10,10,0,8,1.0,False,8,2026-09-14T11:35:48.668388+00:00,156844533
indoor-ba7fc2edb013,v2_unique_obstacles,indoor,110,54.90000000000009,27.375756781771507,7,7,0,10,1.0,False,2,2026-09-14T11:36:11.593210+00:00,63956138
outdoor-f214c7516a31,v2_unique_obstacles,outdoor,206,102.7999999999963,76.18619750392209,8,8,0,0,5.923407202214175,True,2,2026-09-14T11:36:30.440040+00:00,104470318
indoor-437934ac4863,v2_unique_obstacles,indoor,134,66.89999999999941,28.705769276989912,10,10,0,11,1.0,False,5,2026-09-14T11:36:44.344543+00:00,135699271
indoor-ed660093fecf,v2_unique_obstacles,indoor,127,62.99999999999963,21.403846842525276,5,5,0,12,1.0,False,14,2026-09-14T11:36:57.132153+00:00,118406208
indoor-a9f8d2dfba20,v2_unique_obstacles,indoor,115,57.299999999999955,24.056759474613717,6,6,0,10,1.0,False,4,2026-09-14T11:37:10.078680+00:00,86581320
outdoor-57c295ebb2d7,v2_unique_obstacles,outdoor,97,48.1999999999994,37.953290126272606,4,4,0,0,3.5507565197318764,True,2,2026-09-14T11:37:17.231143+00:00,40872571
outdoor-84b595e07bf7,v2_unique_obstacles,outdoor,231,115.39999999999559,90.6290076899129,8,8,0,0,9.026423130753015,False,1,2026-09-14T11:37:34.602471+00:00,117703968
outdoor-0d3ecbb9ffdd,v2_unique_obstacles,outdoor,116,57.79999999999885,45.799255171126006,6,6,0,0,5.100892096346506,True,1,2026-09-14T11:37:43.469493+00:00,64129776
outdoor-2bf09454bf92,v2_unique_obstacles,outdoor,287,143.39999999999836,117.17839746015692,11,11,0,0,8.480070625135316,True,1,2026-09-14T11:38:17.739583+00:00,234580830
indoor-d4369fbed022,v2_unique_obstacles,indoor,152,75.59999999999891,34.82667401046512,10,10,0,11,1.0,False,3,2026-09-14T11:38:34.636626+00:00,125747597
outdoor-0b813e1a2531,v2_unique_obstacles,outdoor,143,71.1999999999981,55.26308120704675,6,6,0,0,5.235763706302814,False,1,2026-09-14T11:38:45.339026+00:00,95213904
outdoor-3a6de9b5be0d,v2_unique_obstacles,outdoor,259,129.39999999999517,93.49362419708567,10,10,0,0,9.77517527884595,False,1,2026-09-14T11:38:53.500082+00:00,105605385
outdoor-b605fe39506b,v2_unique_obstacles,outdoor,177,88.39999999999712,60.76986179574847,5,5,0,0,6.476064274186726,False,1,2026-09-14T11:39:28.357225+00:00,71276536
outdoor-b22736fbf241,v2_unique_obstacles,outdoor,250,124.79999999999505,92.1092799788085,9,9,0,0,9.438131543718068,False,1,2026-09-14T11:40:10.332105+00:00,152347823
indoor-1e18c2042214,v2_unique_obstacles,indoor,146,72.89999999999907,36.66464505228377,10,10,0,11,1.0,False,5,2026-09-14T11:40:10.982286+00:00,152290340
indoor-2c1f26dab62b,v2_unique_obstacles,indoor,200,99.59999999999755,50.005080626092436,16,16,0,8,1.0,False,2,2026-09-14T11:40:22.992120+00:00,155235015
indoor-136c48bef73f,v2_unique_obstacles,indoor,131,65.09999999999951,29.080667607854238,9,9,0,10,1.0,False,2,2026-09-14T11:40:37.486085+00:00,102256216
indoor-4a3944079cc5,v2_unique_obstacles,indoor,243,121.19999999999632,54.74752950711803,17,17,0,12,1.0,False,15,2026-09-14T11:40:54.880854+00:00,255333313
outdoor-a0b5edfb1598,v2_unique_obstacles,outdoor,169,84.39999999999735,58.17723206507826,7,7,0,0,5.739026616115814,False,1,2026-09-14T11:41:24.651829+00:00,68682459
outdoor-4173a77b6355,v2_unique_obstacles,outdoor,106,52.59999999999915,33.445618886182324,4,4,0,0,5.170422041589932,True,2,2026-09-14T11:41:30.286448+00:00,85100107
outdoor-24a13f3503c6,v2_unique_obstacles,outdoor,196,97.5999999999966,74.19205376090126,6,6,0,0,6.521043158332829,True,2,2026-09-14T11:41:33.736774+00:00,127658358
indoor-39c02cc5693c,v2_unique_obstacles,indoor,148,73.49999999999903,28.696902018938104,10,10,0,11,1.0,False,3,2026-09-14T11:41:38.217817+00:00,155781419
outdoor-5a2b065b9422,v2_unique_obstacles,outdoor,163,81.19999999999753,58.6705240409818,5,5,0,0,6.2033697620106185,False,1,2026-09-14T11:41:56.135703+00:00,126557831
outdoor-cd0039fee899,v2_unique_obstacles,outdoor,97,48.39999999999939,35.78754963932182,3,3,0,0,3.950083511173472,False,1,2026-09-14T11:42:04.164549+00:00,31502628
outdoor-5f0994ad8a74,v2_unique_obstacles,outdoor,147,72.999999999998,52.21390350398133,5,5,0,0,5.4528279653244,False,1,2026-09-14T11:42:24.337309+00:00,48304390
outdoor-f76485e2986a,v2_unique_obstacles,outdoor,160,79.79999999999761,55.80281767590839,5,5,0,0,5.517372384602712,False,1,2026-09-14T11:42:32.928348+00:00,51835641
indoor-c4cee4488824,v2_unique_obstacles,indoor,209,104.39999999999728,49.85397438212443,16,16,0,8,1.0,False,1,2026-09-14T11:42:51.552476+00:00,153078273
indoor-63b2067c0aba,v2_unique_obstacles,indoor,127,63.29999999999961,30.400968258330963,8,8,0,11,1.0,False,8,2026-09-14T11:43:35.142008+00:00,96595169
indoor-232182a99a7e,v2_unique_obstacles,indoor,143,71.09999999999917,31.71078129088581,11,11,0,9,1.0,False,3,2026-09-14T11:44:02.635492+00:00,122165265
outdoor-a6bec46bf278,v2_unique_obstacles,outdoor,70,34.60000000000017,23.8452103595873,2,2,0,0,3.0092457723447574,True,1,2026-09-14T11:44:36.429332+00:00,55120553
outdoor-1a9de6bed8f7,v2_unique_obstacles,outdoor,333,166.20000000000354,123.51666533425092,12,12,0,0,7.517372315194127,True,2,2026-09-14T11:44:37.087961+00:00,184025881
indoor-ca5dc961adae,v2_unique_obstacles,indoor,132,65.69999999999948,28.92531592553447,9,9,0,10,1.0,False,15,2026-09-14T11:45:01.143266+00:00,102140191
outdoor-51bc3d90af20,v2_unique_obstacles,outdoor,121,60.399999999998705,47.97879469076319,5,5,0,0,3.3642827803865987,True,1,2026-09-14T11:45:36.028783+00:00,52212633
indoor-1440e4afda42,v2_unique_obstacles,indoor,227,113.09999999999678,44.0483046896595,14,14,0,12,1.0,False,1,2026-09-14T11:45:42.758296+00:00,296970935
outdoor-d7d9af4f339f,v2_unique_obstacles,outdoor,168,83.79999999999738,67.99866472842773,7,7,0,0,6.631295404920215,True,1,2026-09-14T11:45:53.353787+00:00,69757968
outdoor-05e050d19bd6,v2_unique_obstacles,outdoor,191,95.39999999999672,75.49757197917062,7,7,0,0,5.558417272831762,True,1,2026-09-14T11:45:56.868563+00:00,177290899
outdoor-fdb87e14a72f,v2_unique_obstacles,outdoor,152,75.79999999999784,55.95076937779695,7,7,0,0,5.283737879840217,False,1,2026-09-14T11:46:02.460814+00:00,126666309
outdoor-2ead2d341094,v2_unique_obstacles,outdoor,152,75.59999999999785,57.40995241504455,5,5,0,0,5.618117703784376,True,1,2026-09-14T11:46:42.889862+00:00,85635922
outdoor-be953cd6279a,v2_unique_obstacles,outdoor,120,59.79999999999874,43.3147955053026,4,4,0,0,4.284778278782152,False,1,2026-09-14T11:47:02.234485+00:00,94630205
indoor-c698b1f06113,v2_unique_obstacles,indoor,158,78.89999999999873,30.690309408772084,8,8,0,11,1.0,False,1,2026-09-14T11:47:09.069006+00:00,156516744
indoor-ee15faac37d2,v2_unique_obstacles,indoor,167,83.09999999999849,44.38888979600165,13,13,0,10,1.0,False,1,2026-09-14T11:47:34.118049+00:00,121706047
outdoor-98316f01230a,v2_unique_obstacles,outdoor,219,108.99999999999595,75.74457560306784,8,8,0,0,7.186941933231434,False,1,2026-09-14T11:47:38.683279+00:00,146914065
outdoor-4cba30650bd7,v2_unique_obstacles,outdoor,272,135.59999999999658,98.34489027716256,11,11,0,0,8.029240049639064,True,1,2026-09-14T11:48:07.478677+00:00,134331397
indoor-f2c8b4ced315,v2_unique_obstacles,indoor,86,42.900000000000404,20.779702020991877,5,5,0,12,1.0,False,7,2026-09-14T11:48:24.758227+00:00,69152653
outdoor-d782d91885f1,v2_unique_obstacles,outdoor,139,69.19999999999821,51.8038142271613,6,6,0,0,4.963073939100958,False,1,2026-09-14T11:48:37.143194+00:00,47207363
outdoor-bab1169e9295,v2_unique_obstacles,outdoor,182,90.499999999997,65.38882191864218,7,7,0,0,4.138215283010037,True,1,2026-09-14T11:48:43.678144+00:00,91837441
indoor-472aba8f2617,v2_unique_obstacles,indoor,187,92.99999999999793,37.76951828110714,10,10,0,9,1.0,False,5,2026-09-14T11:49:05.302882+00:00,146757192
outdoor-e369fb55273d,v2_unique_obstacles,outdoor,145,72.39999999999803,58.921164407206405,5,5,0,0,8.571807523308017,True,1,2026-09-14T11:49:09.198120+00:00,46972270
outdoor-936407de1027,v2_unique_obstacles,outdoor,124,61.69999999999863,41.0656155219108,5,5,0,0,4.319531687758788,False,1,2026-09-14T11:49:27.392528+00:00,78496178
outdoor-43622eec3dcb,v2_unique_obstacles,outdoor,353,176.20000000000582,135.80789082311708,13,13,0,0,8.487658074650852,True,2,2026-09-14T11:49:34.933451+00:00,230122070
outdoor-bcf29aa4dcdc,v2_unique_obstacles,outdoor,273,136.39999999999677,94.86138117056778,9,9,0,0,9.1283761967906,False,1,2026-09-14T11:50:18.777330+00:00,94289437
outdoor-317d20935deb,v2_unique_obstacles,outdoor,195,97.39999999999661,71.4762272782549,8,8,0,0,6.8749550383798494,True,2,2026-09-14T11:50:20.401052+00:00,71517386
outdoor-412be4d78b95,v2_unique_obstacles,outdoor,79,39.3999999999999,29.382028058489553,3,3,0,0,3.363810096396038,True,1,2026-09-14T11:51:01.651031+00:00,61676372
indoor-cf50d935900c,v2_unique_obstacles,indoor,73,36.00000000000031,28.85609171309632,9,9,0,12,1.0,False,1,2026-09-14T11:51:07.506798+00:00,60151479
outdoor-8d08eee831c2,v2_unique_obstacles,outdoor,256,127.79999999999488,95.75353258422341,11,11,0,0,8.750305854513648,False,1,2026-09-14T11:51:08.951903+00:00,87005189
outdoor-19e2574a0382,v2_unique_obstacles,outdoor,296,147.79999999999936,117.82225728007279,13,13,0,0,9.345571507336883,True,1,2026-09-14T11:51:09.134915+00:00,153319542
indoor-001ccaf5dc18,v2_unique_obstacles,indoor,133,66.44999999999943,30.5055442025279,10,10,0,10,1.0,False,11,2026-09-14T11:51:25.910050+00:00,105858082
outdoor-5568d4664ee6,v2_unique_obstacles,outdoor,130,64.59999999999847,47.94086031870185,5,5,0,0,3.3943098361142514,True,1,2026-09-14T11:51:55.695180+00:00,102849480
outdoor-89904ce035a2,v2_unique_obstacles,outdoor,217,108.39999999999598,83.3933085367558,7,7,0,0,9.254378202669596,False,1,2026-09-14T11:52:32.418618+00:00,208174065
indoor-4400dd7c44b9,v2_unique_obstacles,indoor,309,154.19999999999445,64.06384290505252,18,18,0,12,1.0,False,17,2026-09-14T11:52:37.883199+00:00,217604053
outdoor-8393cdb4cc51,v2_unique_obstacles,outdoor,277,138.19999999999717,114.85489762141876,10,10,0,0,9.010771424084297,True,1,2026-09-14T11:52:51.246839+00:00,104151910
outdoor-051ea130f999,v2_unique_obstacles,outdoor,206,102.59999999999631,73.24715741835969,7,7,0,0,7.023075071184538,True,1,2026-09-14T11:53:10.535001+00:00,196942825
outdoor-2d6f9572f3eb,v2_unique_obstacles,outdoor,278,138.7999999999973,99.62094659357506,9,9,0,0,9.88390423705915,False,1,2026-09-14T11:53:11.314151+00:00,136384409
indoor-07012aa52791,v2_unique_obstacles,indoor,101,50.100000000000364,23.01272700399244,7,7,0,8,1.0,False,1,2026-09-14T11:53:26.977318+00:00,108605716
indoor-97ae7faed824,v2_unique_obstacles,indoor,167,83.39999999999847,40.37271423353005,13,13,0,10,1.0,False,10,2026-09-14T11:53:28.265053+00:00,94627821
indoor-78ef99d88517,v2_unique_obstacles,indoor,128,63.89999999999958,23.10887325690484,6,6,0,10,1.0,False,3,2026-09-14T11:53:42.896148+00:00,92979643
indoor-1ed4a5620dc5,v2_unique_obstacles,indoor,96,47.70000000000047,20.837113502190554,5,5,0,12,1.0,False,3,2026-09-14T11:54:03.249071+00:00,79852669
outdoor-d8accf9500ad,v2_unique_obstacles,outdoor,176,87.79999999999715,70.85733042935951,6,6,0,0,7.141066314730589,False,1,2026-09-14T11:54:14.031515+00:00,53264646
outdoor-b757d39469a1,v2_unique_obstacles,outdoor,111,54.99999999999901,39.81397853904932,4,4,0,0,3.6601912951546476,False,1,2026-09-14T11:54:26.750206+00:00,108570654
outdoor-3942ed1307ee,v2_unique_obstacles,outdoor,193,96.39999999999667,71.71850568133188,6,6,0,0,6.77530638089214,True,1,2026-09-14T11:54:38.592549+00:00,71104190
indoor-e07d5741761b,v2_unique_obstacles,indoor,121,59.9999999999998,21.67887371327723,8,8,0,12,1.0,False,3,2026-09-14T11:55:13.068385+00:00,102468266
indoor-e82000af4e24,v2_unique_obstacles,indoor,213,106.19999999999717,45.98312153297081,13,13,0,8,1.0,False,6,2026-09-14T11:55:24.259865+00:00,169529845
outdoor-f6583e4ad906,v2_unique_obstacles,outdoor,272,135.79999999999663,95.54944211203596,11,11,0,0,9.374976165484766,False,1,2026-09-14T11:55:28.993117+00:00,197929456
outdoor-3ced4271c5f3,v2_unique_obstacles,outdoor,245,122.1999999999952,91.30413597007367,8,8,0,0,8.824453513141309,False,1,2026-09-14T11:56:00.923871+00:00,79388383
outdoor-5ce2b75c306e,v2_unique_obstacles,outdoor,298,148.7999999999996,108.1376041388536,12,12,0,0,7.743933932360317,True,1,2026-09-14T11:56:01.957641+00:00,156670598
indoor-eb3743b624fb,v2_unique_obstacles,indoor,104,51.60000000000028,27.60837836709363,7,7,0,10,1.0,False,11,2026-09-14T11:56:26.430220+00:00,65622846
outdoor-d15fd6ccff3c,v2_unique_obstacles,outdoor,229,113.99999999999567,89.36299151733283,8,8,0,0,7.920145728481208,True,1,2026-09-14T11:56:49.532678+00:00,217384195
outdoor-dcc8f1022cf6,v2_unique_obstacles,outdoor,223,110.99999999999584,82.46590588033675,8,8,0,0,7.819495268182074,False,1,2026-09-14T11:57:19.194969+00:00,175745421
outdoor-acb5a5d0eb33,v2_unique_obstacles,outdoor,249,124.19999999999509,88.79241395516576,10,10,0,0,8.833648155217011,False,1,2026-09-14T11:57:27.859141+00:00,87774955
indoor-f7576bf8aa8a,v2_unique_obstacles,indoor,117,58.1999999999999,20.702749144077586,7,7,0,8,1.0,False,4,2026-09-14T11:57:44.442107+00:00,153428730
indoor-c650f472e15f,v2_unique_obstacles,indoor,226,112.7999999999968,61.664018612894104,18,18,0,12,1.0,False,10,2026-09-14T11:57:54.532761+00:00,239332693
indoor-8ee8b75fb912,v2_unique_obstacles,indoor,186,92.69999999999794,44.16855337822034,13,13,0,8,1.0,False,12,2026-09-14T11:58:32.113887+00:00,185407669
outdoor-41aa33eb77b2,v2_unique_obstacles,outdoor,111,54.99999999999901,38.99087596216678,5,5,0,0,3.8791118549922627,True,1,2026-09-14T11:58:35.205342+00:00,43068353
outdoor-2a663c31c352,v2_unique_obstacles,outdoor,235,117.39999999999547,93.0039394049326,8,8,0,0,7.781695929554403,True,1,2026-09-14T11:58:50.443202+00:00,222489938
outdoor-46a963ea5f5f,v2_unique_obstacles,outdoor,159,79.39999999999763,62.80985061939013,5,5,0,0,6.240938424870258,False,1,2026-09-14T11:59:16.163603+00:00,51470857
outdoor-cea77e9b841e,v2_unique_obstacles,outdoor,271,135.1999999999965,95.39882967783157,10,10,0,0,9.821640937982352,False,1,2026-09-14T11:59:24.072260+00:00,131233994
outdoor-ee494aec3766,v2_unique_obstacles,outdoor,131,64.99999999999845,50.846664175362235,4,4,0,0,5.372041018693788,False,1,2026-09-14T11:59:29.335288+00:00,102238413
outdoor-a091eb976207,v2_unique_obstacles,outdoor,264,131.59999999999567,95.01407222044202,10,10,0,0,8.276889517226937,True,1,2026-09-14T11:59:41.184086+00:00,117191280
outdoor-f23fb83f2931,v2_unique_obstacles,outdoor,213,106.3999999999961,74.17573190425283,7,7,0,0,6.928283103500788,False,1,2026-09-14T11:59:46.376070+00:00,126745950
indoor-31a0f964a20c,v2_unique_obstacles,indoor,86,42.600000000000406,23.895285197789406,7,7,0,10,1.0,False,1,2026-09-14T11:59:47.065155+00:00,86412500
outdoor-de04a5c7c953,v2_unique_obstacles,outdoor,125,62.1999999999986,55.970986168476074,5,5,0,0,3.357811232651012,True,1,2026-09-14T12:00:32.259926+00:00,60195866
indoor-1994773b7be3,v2_unique_obstacles,indoor,94,46.500000000000455,21.31087495687406,7,7,0,12,1.0,False,3,2026-09-14T12:00:43.783578+00:00,92719509
outdoor-29a2037d5a8c,v2_unique_obstacles,outdoor,237,117.99999999999544,90.00064348111309,8,8,0,0,8.227442340352185,False,1,2026-09-14T12:00:45.751833+00:00,76287211
outdoor-c22622c8c67a,v2_unique_obstacles,outdoor,317,158.00000000000168,119.13601225098442,11,11,0,0,8.004157669070402,True,1,2026-09-14T12:01:03.245833+00:00,265771606
indoor-3e579eb00d48,v2_unique_obstacles,indoor,110,54.90000000000009,21.868220068623323,8,8,0,10,1.0,False,8,2026-09-14T12:01:09.101325+00:00,107771981
outdoor-4bd5ac26f8a5,v2_unique_obstacles,outdoor,131,65.19999999999844,52.50469998599267,4,4,0,0,4.841935714670203,True,1,2026-09-14T12:01:23.505425+00:00,41954400
indoor-41a788a86608,v2_unique_obstacles,indoor,184,91.799999999998,36.39823236028411,11,11,0,8,1.0,False,2,2026-09-14T12:01:23.527383+00:00,129504458
indoor-ecce5c2c827d,v2_unique_obstacles,indoor,138,68.6999999999993,31.476270580708857,10,10,0,11,1.0,False,1,2026-09-14T12:01:50.198613+00:00,125232847
outdoor-2a518626d6a3,v2_unique_obstacles,outdoor,100,49.59999999999932,37.91132910672649,4,4,0,0,3.504442481066551,True,1,2026-09-14T12:02:05.393712+00:00,75957587
indoor-4e6fd5a56ef9,v2_unique_obstacles,indoor,129,64.19999999999956,24.828329700196704,7,7,0,11,1.0,False,3,2026-09-14T12:02:22.758621+00:00,109677466
outdoor-256a6881c59e,v2_unique_obstacles,outdoor,187,93.39999999999684,65.87027735059891,8,8,0,0,7.129110154050011,True,1,2026-09-14T12:02:29.414944+00:00,155171195
outdoor-fad7988d32d4,v2_unique_obstacles,outdoor,311,155.000000000001,121.55989719176331,11,11,0,0,7.502752132063095,True,1,2026-09-14T12:03:36.757623+00:00,133477036
outdoor-0d7681b79c58,v2_unique_obstacles,outdoor,228,113.79999999999568,80.2614742386121,7,7,0,0,7.563095213472661,False,2,2026-09-14T12:03:52.077128+00:00,141887614
outdoor-5ead8b08d22d,v2_unique_obstacles,outdoor,295,146.99999999999918,115.1066413397669,11,11,0,0,7.116625303586866,True,2,2026-09-14T12:04:17.389493+00:00,154366458
indoor-c019fd787b06,v2_unique_obstacles,indoor,239,119.39999999999642,51.54947509435024,16,16,0,11,1.0,False,20,2026-09-14T12:04:40.200470+00:00,220436824
outdoor-1939eeff140e,v2_unique_obstacles,outdoor,78,38.599999999999945,34.59421009271213,2,2,0,0,3.306725816155681,False,2,2026-09-14T12:04:48.380581+00:00,62731555
outdoor-d812a9db43d7,v2_unique_obstacles,outdoor,153,76.19999999999781,64.50135179723901,5,5,0,0,4.998994419569733,True,1,2026-09-14T12:04:52.705959+00:00,120817632
outdoor-b08bc7dcf3a5,v2_unique_obstacles,outdoor,231,114.99999999999561,85.04275570794297,9,9,0,0,7.868855187306406,False,1,2026-09-14T12:05:31.564128+00:00,117737746
indoor-317f271c450a,v2_unique_obstacles,indoor,122,60.89999999999975,24.97671372731113,7,7,0,8,1.0,False,6,2026-09-14T12:05:44.886622+00:00,112218001
indoor-38a76bf9d7f3,v2_unique_obstacles,indoor,238,118.64999999999648,49.02781962601294,14,14,0,9,1.0,False,14,2026-09-14T12:05:46.449363+00:00,249661126
outdoor-b5a0009bbac6,v2_unique_obstacles,outdoor,146,72.49999999999802,48.58972636267209,5,5,0,0,4.991430045695589,True,1,2026-09-14T12:06:33.070017+00:00,56177516
outdoor-3dbfae1963c4,v2_unique_obstacles,outdoor,110,54.799999999999024,38.57275790973652,4,4,0,0,3.878287961747029,False,1,2026-09-14T12:06:34.522990+00:00,80869021
indoor-d8ad5a6d75dd,v2_unique_obstacles,indoor,254,126.899999999996,49.433172644944236,16,16,0,10,1.0,False,4,2026-09-14T12:06:43.737157+00:00,281562367
outdoor-0eac771dc60b,v2_unique_obstacles,outdoor,211,105.39999999999615,78.62876683618217,8,8,0,0,8.280308995231797,False,1,2026-09-14T12:07:07.291962+00:00,168047103
indoor-82dea3fc6e27,v2_unique_obstacles,indoor,108,53.70000000000016,22.978128982456987,6,6,0,11,1.0,False,11,2026-09-14T12:07:08.233682+00:00,60198337
outdoor-5bc04e501902,v2_unique_obstacles,outdoor,410,204.80000000001232,163.82734337296006,17,17,0,0,9.756477694745236,True,1,2026-09-14T12:07:15.679297+00:00,303829612
indoor-cc5afa44c1ba,v2_unique_obstacles,indoor,164,81.89999999999856,39.1063034653952,11,11,0,8,1.0,False,3,2026-09-14T12:07:57.586418+00:00,99082361
indoor-4da5335557ed,v2_unique_obstacles,indoor,99,49.200000000000415,28.116063480681042,7,7,0,12,1.0,False,3,2026-09-14T12:08:12.780415+00:00,80370846
outdoor-e3c9f6ab1221,v2_unique_obstacles,outdoor,362,180.60000000000682,142.41288431620075,13,13,0,0,9.665409516362313,True,1,2026-09-14T12:08:33.523738+00:00,220371482
outdoor-3e3a7cda4eac,v2_unique_obstacles,outdoor,274,136.79999999999686,99.47779958545968,10,10,0,0,9.827119428954315,False,1,2026-09-14T12:08:57.538822+00:00,134088659
indoor-3dedf1ed1324,v2_unique_obstacles,indoor,225,112.19999999999683,54.477404765121065,15,15,0,8,1.0,False,7,2026-09-14T12:09:18.709445+00:00,189361720
outdoor-79c217586531,v2_unique_obstacles,outdoor,206,102.7999999999963,78.34148076532257,7,7,0,0,8.47633744067593,False,1,2026-09-14T12:09:20.070039+00:00,98828705
indoor-d0e8f856252c,v2_unique_obstacles,indoor,103,51.00000000000031,21.689132022832275,6,6,0,12,1.0,False,15,2026-09-14T12:09:27.515012+00:00,101217831
indoor-f6869fb802d6,v2_unique_obstacles,indoor,114,56.69999999999999,23.28400527530114,6,6,0,9,1.0,False,1,2026-09-14T12:09:32.423270+00:00,95786192
outdoor-f75ece8417ba,v2_unique_obstacles,outdoor,216,107.899999999996,77.74955538780645,9,9,0,0,8.11590903187669,False,1,2026-09-14T12:09:37.809458+00:00,72597260
outdoor-f12a68a7a756,v2_unique_obstacles,outdoor,89,44.399999999999615,31.314667511122106,2,2,0,0,3.044026116161602,False,1,2026-09-14T12:10:06.397854+00:00,27477870
outdoor-2f3147b8e62e,v2_unique_obstacles,outdoor,111,55.39999999999899,47.42640621563022,4,4,0,0,4.985701934186074,False,2,2026-09-14T12:10:37.074621+00:00,55444331
indoor-0319f5dc41f7,v2_unique_obstacles,indoor,207,103.19999999999735,52.785284321217276,15,15,0,9,1.0,False,7,2026-09-14T12:11:06.386091+00:00,200003820
indoor-3b408f431353,v2_unique_obstacles,indoor,154,76.49999999999886,30.957487109561697,8,8,0,8,1.0,False,6,2026-09-14T12:11:08.916229+00:00,94642343
indoor-301bd200a67c,v2_unique_obstacles,indoor,90,44.70000000000043,20.46755910126978,6,6,0,12,1.0,False,10,2026-09-14T12:11:24.662715+00:00,74621770
outdoor-814f3811d7bc,v2_unique_obstacles,outdoor,390,194.60000000001,146.76580714698656,14,14,0,0,9.991775958843533,True,1,2026-09-14T12:11:26.786623+00:00,144280027
indoor-ab56e998ff97,v2_unique_obstacles,indoor,113,56.10000000000002,26.296208709939616,7,7,0,11,1.0,False,9,2026-09-14T12:12:05.040644+00:00,98763477
indoor-c6c15c2be728,v2_unique_obstacles,indoor,95,47.10000000000046,21.65462564172176,5,5,0,11,1.0,False,2,2026-09-14T12:12:18.244313+00:00,99499419
outdoor-e443749de893,v2_unique_obstacles,outdoor,181,89.99999999999703,69.41318293525822,8,8,0,0,7.242109236021726,False,1,2026-09-14T12:12:18.424453+00:00,73849568
outdoor-4c8b1368a320,v2_unique_obstacles,outdoor,135,67.19999999999833,51.256554407369194,4,4,0,0,5.8317733670125635,True,2,2026-09-14T12:12:20.404022+00:00,77257569
outdoor-68652aa733ee,v2_unique_obstacles,outdoor,211,105.39999999999615,82.20941448925552,9,9,0,0,8.592440391708752,False,1,2026-09-14T12:12:48.377373+00:00,132273635
indoor-d55c40dd911f,v2_unique_obstacles,indoor,104,51.60000000000028,21.048344461805165,6,6,0,8,1.0,False,1,2026-09-14T12:12:59.767354+00:00,105996339
outdoor-5fc8f97ef106,v2_unique_obstacles,outdoor,223,110.99999999999584,78.64894231813602,9,9,0,0,6.9245868086507825,True,1,2026-09-14T12:13:41.198794+00:00,76186697
outdoor-7fecae186dd3,v2_unique_obstacles,outdoor,260,129.59999999999522,93.80260182889444,10,10,0,0,6.515600247332749,True,2,2026-09-14T12:13:53.645231+00:00,163887316
indoor-7f0a72d06eb6,v2_unique_obstacles,indoor,122,60.59999999999977,43.65073236270098,14,14,0,11,1.0,False,6,2026-09-14T12:13:58.000571+00:00,75606328
indoor-61bb3bc88642,v2_unique_obstacles,indoor,87,43.200000000000415,20.92853786356724,7,7,0,10,1.0,False,1,2026-09-14T12:14:09.144812+00:00,77432530
indoor-669d54bf0b9e,v2_unique_obstacles,indoor,144,71.69999999999914,41.27706365137846,12,12,0,9,1.0,False,2,2026-09-14T12:14:16.042100+00:00,111440381
outdoor-6941ed5a7f50,v2_unique_obstacles,outdoor,72,35.600000000000115,29.592371378576786,2,2,0,0,3.29532420077167,True,1,2026-09-14T12:14:31.828076+00:00,31974199
outdoor-483548586c32,v2_unique_obstacles,outdoor,279,138.99999999999736,108.75310155929833,11,11,0,0,6.968629737490772,True,2,2026-09-14T12:14:33.857200+00:00,236231451
outdoor-1307c3e8ceab,v2_unique_obstacles,outdoor,173,86.19999999999725,65.17729602189546,6,6,0,0,6.749199213706312,False,1,2026-09-14T12:14:46.061520+00:00,53816241
outdoor-68e02c2d6874,v2_unique_obstacles,outdoor,125,61.999999999998614,47.332509422159994,4,4,0,0,5.146409424842345,False,1,2026-09-14T12:14:51.556337+00:00,50098843
outdoor-96a61c00c67b,v2_unique_obstacles,outdoor,167,83.3999999999974,57.98728650929159,7,7,0,0,6.667581414622903,True,1,2026-09-14T12:15:47.942339+00:00,108374914
indoor-d62fc3fca951,v2_unique_obstacles,indoor,95,47.400000000000475,23.073176198186243,6,6,0,12,1.0,False,10,2026-09-14T12:16:12.285954+00:00,78511633
indoor-fa4e202059e5,v2_unique_obstacles,indoor,241,120.29999999999637,54.5239436914312,17,17,0,9,1.0,False,4,2026-09-14T12:16:29.799629+00:00,219819769
indoor-8701686d8d32,v2_unique_obstacles,indoor,142,70.79999999999919,34.03280491635804,10,10,0,9,1.0,False,10,2026-09-14T12:16:49.146925+00:00,116241958
outdoor-bbbde0c41c6b,v2_unique_obstacles,outdoor,111,55.39999999999899,41.35750647830511,4,4,0,0,4.058709533837371,True,1,2026-09-14T12:16:53.285690+00:00,53834321
indoor-f171ee8c43b2,v2_unique_obstacles,indoor,90,44.70000000000043,21.250180110252504,7,7,0,11,1.0,False,19,2026-09-14T12:17:08.311697+00:00,71530734
indoor-886cf788b4e5,v2_unique_obstacles,indoor,106,52.80000000000021,22.581320921765975,7,7,0,11,1.0,False,7,2026-09-14T12:17:19.533224+00:00,75662234
outdoor-8cf796aac133,v2_unique_obstacles,outdoor,143,71.39999999999809,51.12025122384139,6,6,0,0,4.979073535190833,True,2,2026-09-14T12:17:41.035400+00:00,52634351
indoor-abd95745d925,v2_unique_obstacles,indoor,157,77.99999999999878,32.600646622283506,9,9,0,10,1.0,False,5,2026-09-14T12:18:02.354368+00:00,115215958
indoor-c059055eac24,v2_unique_obstacles,indoor,104,51.60000000000028,21.449418537078856,7,7,0,11,1.0,False,1,2026-09-14T12:18:07.503447+00:00,84415943
outdoor-64aeddcdbb6a,v2_unique_obstacles,outdoor,79,38.99999999999992,29.558160824329445,3,3,0,0,3.2084678270196205,False,1,2026-09-14T12:18:17.194638+00:00,52110300
indoor-78ee455b09c9,v2_unique_obstacles,indoor,238,118.79999999999646,62.96414146139534,18,18,0,10,1.0,False,9,2026-09-14T12:19:29.964625+00:00,177031682
outdoor-2420349a6e43,v2_unique_obstacles,outdoor,227,113.3999999999957,80.91533210085825,7,7,0,0,7.749017294742809,False,1,2026-09-14T12:19:30.721623+00:00,75956176
indoor-c0c29daf2aed,v2_unique_obstacles,indoor,128,63.599999999999596,36.155997784369156,10,10,0,8,1.0,False,15,2026-09-14T12:19:40.866813+00:00,92283765
indoor-40f23f9d5f66,v2_unique_obstacles,indoor,214,106.94999999999715,50.32834636714523,16,16,0,12,1.0,False,4,2026-09-14T12:19:49.357031+00:00,112501438
indoor-843278ebfffc,v2_unique_obstacles,indoor,160,79.79999999999868,37.729329786301115,10,10,0,8,1.0,False,6,2026-09-14T12:19:59.875504+00:00,102523154
indoor-2bef20a83768,v2_unique_obstacles,indoor,107,53.10000000000019,23.798525912935464,7,7,0,9,1.0,False,1,2026-09-14T12:20:27.327519+00:00,86322849
indoor-e524fe19ba71,v2_unique_obstacles,indoor,113,56.10000000000002,21.426048801582382,6,6,0,11,1.0,False,3,2026-09-14T12:20:32.873159+00:00,58976287
outdoor-80e4f9d531c7,v2_unique_obstacles,outdoor,239,118.99999999999538,92.77954811475378,8,8,0,0,7.0627843418293565,True,1,2026-09-14T12:20:55.969514+00:00,120374997
outdoor-15d9f79a9cac,v2_unique_obstacles,outdoor,108,53.899999999999075,33.54766849185068,4,4,0,0,3.3551301972474596,False,1,2026-09-14T12:21:08.785512+00:00,55790416
outdoor-e3146fdd500e,v2_unique_obstacles,outdoor,137,68.39999999999826,53.47588590972314,6,6,0,0,4.285340908779831,True,2,2026-09-14T12:21:19.176096+00:00,70199505
indoor-03953895488b,v2_unique_obstacles,indoor,97,48.300000000000466,22.220670435773485,7,7,0,10,1.0,False,11,2026-09-14T12:21:41.731570+00:00,79317727
outdoor-1a424ec072b6,v2_unique_obstacles,outdoor,105,52.09999999999917,31.653472591574207,4,4,0,0,3.0892568636171447,True,1,2026-09-14T12:21:48.836480+00:00,73158482
outdoor-421049dff25c,v2_unique_obstacles,outdoor,76,37.79999999999999,31.008009434015555,2,2,0,0,3.0587698638615173,True,1,2026-09-14T12:22:16.811482+00:00,36395981
indoor-65d6f0c0f2a4,v2_unique_obstacles,indoor,118,58.499999999999886,25.004804527952256,8,8,0,8,1.0,False,8,2026-09-14T12:22:26.828559+00:00,98327202
indoor-94350efac31e,v2_unique_obstacles,indoor,136,67.49999999999937,30.498824868780105,8,8,0,10,1.0,False,8,2026-09-14T12:23:07.117954+00:00,133673536
indoor-8540fe13532b,v2_unique_obstacles,indoor,101,50.100000000000364,26.892359340393774,8,8,0,12,1.0,False,6,2026-09-14T12:23:14.582516+00:00,74494660
outdoor-7fc5d0c95c6c,v2_unique_obstacles,outdoor,183,91.39999999999695,69.77371183950225,8,8,0,0,5.311415467067217,True,1,2026-09-14T12:23:23.987315+00:00,76500177
outdoor-b2837637aa8c,v2_unique_obstacles,outdoor,246,122.79999999999517,87.49014775749686,9,9,0,0,9.380024802887682,False,1,2026-09-14T12:23:54.150806+00:00,118882438
indoor-09f1fb676393,v2_unique_obstacles,indoor,101,50.100000000000364,29.456649570964014,10,10,0,10,1.0,False,2,2026-09-14T12:24:14.923184+00:00,83641434
outdoor-e615bad69eaf,v2_unique_obstacles,outdoor,234,116.7999999999955,77.96895380200809,9,9,0,0,6.605014350768585,True,2,2026-09-14T12:24:48.361697+00:00,157495523
outdoor-6a685d01771c,v2_unique_obstacles,outdoor,121,60.399999999998705,47.92362689517345,4,4,0,0,4.582259493623786,False,1,2026-09-14T12:25:03.759488+00:00,96323789
outdoor-f21b09891fd6,v2_unique_obstacles,outdoor,229,114.19999999999565,80.42743682481674,9,9,0,0,7.423138533441859,False,1,2026-09-14T12:25:14.938429+00:00,151354876
indoor-da13d597802f,v2_unique_obstacles,indoor,142,70.79999999999919,26.090437794080398,9,9,0,9,1.0,False,13,2026-09-14T12:25:49.428936+00:00,129468986
outdoor-aeefcf386fc8,v2_unique_obstacles,outdoor,167,82.99999999999743,63.01072450355474,5,5,0,0,6.648970021829666,False,1,2026-09-14T12:25:50.066198+00:00,102018807
indoor-7e8cf4801cce,v2_unique_obstacles,indoor,164,81.89999999999856,32.99069840541192,10,10,0,12,1.0,False,16,2026-09-14T12:26:45.077579+00:00,126762647
indoor-6ec88cddd362,v2_unique_obstacles,indoor,160,79.79999999999868,29.23540754239235,10,10,0,11,1.0,False,1,2026-09-14T12:26:58.973869+00:00,116960353
indoor-10d9179d766d,v2_unique_obstacles,indoor,116,57.59999999999994,22.840452798966503,6,6,0,12,1.0,False,6,2026-09-14T12:27:13.566206+00:00,97045530
indoor-cc7e2747edf3,v2_unique_obstacles,indoor,250,124.9499999999961,45.36427790839475,13,13,0,9,1.0,False,7,2026-09-14T12:27:20.527270+00:00,183750991
outdoor-25e02fb52b66,v2_unique_obstacles,outdoor,116,57.79999999999885,41.80820795569508,5,5,0,0,3.808267888453464,False,1,2026-09-14T12:27:41.530458+00:00,43402701
indoor-0d49d07ac609,v2_unique_obstacles,indoor,193,96.29999999999774,45.549133861557415,15,15,0,11,1.0,False,10,2026-09-14T12:27:44.817602+00:00,155732797
indoor-455c87389cca,v2_unique_obstacles,indoor,91,45.30000000000044,20.341476291082515,5,5,0,10,1.0,False,6,2026-09-14T12:27:47.536973+00:00,60828757
outdoor-4349bb39c857,v2_unique_obstacles,outdoor,116,57.79999999999885,43.29582771367947,3,3,0,0,4.5601995447414385,False,1,2026-09-14T12:28:36.247013+00:00,59412430
outdoor-c85bad08081e,v2_unique_obstacles,outdoor,235,117.19999999999548,87.29873642627689,8,8,0,0,9.438667471141319,False,1,2026-09-14T12:28:38.011809+00:00,83051239
indoor-238ecc965fc7,v2_unique_obstacles,indoor,122,60.59999999999977,21.747735692635835,8,8,0,8,1.0,False,3,2026-09-14T12:28:50.709282+00:00,108077323
indoor-062734b5920d,v2_unique_obstacles,indoor,193,96.29999999999774,42.30245258546506,12,12,0,10,1.0,False,2,2026-09-14T12:29:15.600282+00:00,168827171
outdoor-22fe004129ab,v2_unique_obstacles,outdoor,115,56.9999999999989,48.192658051166354,4,4,0,0,4.867192619039385,False,2,2026-09-14T12:29:41.768450+00:00,69217373
outdoor-920e9671dfbe,v2_unique_obstacles,outdoor,67,33.40000000000024,27.227193104361632,2,2,0,0,3.0132541870887435,False,1,2026-09-14T12:29:51.530728+00:00,32737483
outdoor-70456984f24e,v2_unique_obstacles,outdoor,222,110.79999999999585,78.26125134231509,9,9,0,0,6.696481721980861,True,1,2026-09-14T12:29:53.060793+00:00,89444061
indoor-96fe833829aa,v2_unique_obstacles,indoor,177,88.1999999999982,39.924121109098024,11,11,0,11,1.0,False,1,2026-09-14T12:31:05.263559+00:00,172532922
indoor-987d70fe6a7b,v2_unique_obstacles,indoor,177,88.1999999999982,51.20908584200522,14,14,0,9,1.0,False,9,2026-09-14T12:31:10.209131+00:00,135927285
outdoor-bff5fd00bbdf,v2_unique_obstacles,outdoor,201,99.99999999999646,81.97345733990089,7,7,0,0,5.9909414026390975,True,2,2026-09-14T12:31:28.990095+00:00,188389367
outdoor-bcb71128b81b,v2_unique_obstacles,outdoor,166,82.79999999999744,64.16298011453259,5,5,0,0,6.725163231236641,False,2,2026-09-14T12:32:16.934448+00:00,116303426
indoor-0824bf5e9fb0,v2_unique_obstacles,indoor,116,57.59999999999994,30.812233134660936,9,9,0,12,1.0,False,16,2026-09-14T12:32:26.831517+00:00,94166771
outdoor-464690120fd6,v2_unique_obstacles,outdoor,180,89.79999999999704,72.04928022221448,7,7,0,0,6.786906672422574,False,1,2026-09-14T12:32:33.267876+00:00,94476791
outdoor-c522b6d93b0c,v2_unique_obstacles,outdoor,273,135.99999999999667,100.1809190217311,10,10,0,0,8.288401762846993,True,2,2026-09-14T12:33:01.416915+00:00,144297152
outdoor-e94f1cfdd0de,v2_unique_obstacles,outdoor,139,69.3999999999982,51.029822585111695,5,5,0,0,3.9750083693174068,True,1,2026-09-14T12:33:13.297186+00:00,50491589
indoor-c56b0b55b8f8,v2_unique_obstacles,indoor,222,110.69999999999692,50.4383998646823,16,16,0,10,1.0,False,14,2026-09-14T12:33:16.320545+00:00,160590143
outdoor-7daded322849,v2_unique_obstacles,outdoor,209,104.39999999999621,84.99701506599435,7,7,0,0,6.304925214177372,True,1,2026-09-14T12:33:41.163774+00:00,209952411
outdoor-3062cf04e28d,v2_unique_obstacles,outdoor,283,141.19999999999786,102.32752550641877,10,10,0,0,9.647302006095524,False,1,2026-09-14T12:34:05.674330+00:00,108531380
indoor-8ea5c54dfa0b,v2_unique_obstacles,indoor,142,70.79999999999919,22.959800089096067,6,6,0,10,1.0,False,2,2026-09-14T12:34:11.490997+00:00,108973530
outdoor-76f65add12e8,v2_unique_obstacles,outdoor,141,69.99999999999817,55.83405158566102,5,5,0,0,4.245634002291809,True,1,2026-09-14T12:34:12.640460+00:00,50854385
indoor-d57fa5fe8968,v2_unique_obstacles,indoor,123,61.19999999999973,34.180310070151776,10,10,0,10,1.0,False,3,2026-09-14T12:34:37.008899+00:00,103852329
outdoor-ffd14aacf53c,v2_unique_obstacles,outdoor,263,131.19999999999558,98.30765448883066,9,9,0,0,9.444536780707502,False,1,2026-09-14T12:35:05.140567+00:00,88077940
outdoor-b48cffa217eb,v2_unique_obstacles,outdoor,238,118.79999999999539,90.8013024881511,8,8,0,0,6.4129194656581445,True,1,2026-09-14T12:35:40.841143+00:00,101750021
indoor-7c360d053f94,v2_unique_obstacles,indoor,251,125.39999999999608,56.073424207685704,16,16,0,12,1.0,False,2,2026-09-14T12:35:48.776762+00:00,196138697
indoor-ab81f2d8b98c,v2_unique_obstacles,indoor,237,118.19999999999649,48.56326976795052,16,16,0,12,1.0,False,2,2026-09-14T12:36:00.221094+00:00,193879190
indoor-111d5b780dfd,v2_unique_obstacles,indoor,220,109.49999999999699,46.67502387647393,14,14,0,11,1.0,False,4,2026-09-14T12:36:22.253924+00:00,136421917
outdoor-8aa3545f9b2c,v2_unique_obstacles,outdoor,234,116.7999999999955,86.82593193137315,10,10,0,0,7.335032589147424,True,1,2026-09-14T12:36:23.904524+00:00,135748389
outdoor-a1fbc5cf4f50,v2_unique_obstacles,outdoor,147,72.999999999998,56.55770097633114,5,5,0,0,4.66406813357241,True,1,2026-09-14T12:36:39.323528+00:00,72364498
indoor-ca7e140766ba,v2_unique_obstacles,indoor,158,78.59999999999874,27.59645934997463,9,9,0,12,1.0,False,1,2026-09-14T12:36:52.737896+00:00,129637872
indoor-4965b194cc4f,v2_unique_obstacles,indoor,40,19.500000000000075,22.45198639348557,6,6,0,8,1.0,False,2,2026-09-14T12:37:00.656565+00:00,33173406
outdoor-a1cfd52b4340,v2_unique_obstacles,outdoor,96,47.59999999999943,41.11673308472692,3,3,0,0,3.8404407810655887,False,1,2026-09-14T12:37:32.449654+00:00,35188658
indoor-ac8bd9d9f28c,v2_unique_obstacles,indoor,125,62.09999999999968,30.00781171310425,9,9,0,10,1.0,False,1,2026-09-14T12:37:34.204339+00:00,107989447
outdoor-922e3c80f549,v2_unique_obstacles,outdoor,129,63.9999999999985,46.72172125540321,5,5,0,0,4.18154796735516,True,3,2026-09-14T12:37:37.817226+00:00,83304908
indoor-57c1b496c417,v2_unique_obstacles,indoor,137,68.39999999999932,25.715032303907574,8,8,0,12,1.0,False,4,2026-09-14T12:38:13.602640+00:00,88798117
outdoor-7b096db55447,v2_unique_obstacles,outdoor,110,54.599999999999035,39.91316104745559,5,5,0,0,3.5392352170102495,True,1,2026-09-14T12:38:17.794152+00:00,85619768
indoor-9b50b234eca0,v2_unique_obstacles,indoor,127,63.29999999999961,43.45865952626471,12,12,0,9,1.0,False,14,2026-09-14T12:38:21.340869+00:00,112354969
indoor-321ac70eb7f7,v2_unique_obstacles,indoor,146,72.59999999999908,32.21389327119607,9,9,0,10,1.0,False,5,2026-09-14T12:38:58.836569+00:00,91917046
outdoor-7f6086109710,v2_unique_obstacles,outdoor,227,113.3999999999957,81.55149594602459,9,9,0,0,8.14451552978444,False,1,2026-09-14T12:39:30.857901+00:00,74802887
indoor-5044ebeb4ecc,v2_unique_obstacles,indoor,181,89.9999999999981,39.97610053921102,12,12,0,10,1.0,False,3,2026-09-14T12:39:38.729884+00:00,158570720
indoor-f75c0b3e1e35,v2_unique_obstacles,indoor,152,75.8999999999989,30.01391089388551,8,8,0,10,1.0,False,10,2026-09-14T12:39:49.147679+00:00,148018423
indoor-c9342d3cf14d,v2_unique_obstacles,indoor,99,49.200000000000415,29.151612265133473,8,8,0,8,1.0,False,6,2026-09-14T12:40:16.986651+00:00,94925561
outdoor-600237bffdb9,v2_unique_obstacles,outdoor,340,169.60000000000431,131.36220737840995,13,13,0,0,9.864414670081537,True,1,2026-09-14T12:40:21.467663+00:00,225981938
outdoor-c703122cb777,v2_unique_obstacles,outdoor,147,73.39999999999797,41.28538336546394,4,4,0,0,4.391233232555015,True,1,2026-09-14T12:40:34.097242+00:00,140661946
outdoor-44ca0c8c6873,v2_unique_obstacles,outdoor,153,76.3999999999978,59.85434093002172,5,5,0,0,4.63999015348938,True,1,2026-09-14T12:41:26.679008+00:00,85163222
outdoor-dfd6aa1420d2,v2_unique_obstacles,outdoor,333,166.4000000000036,125.13962884554773,14,14,0,0,8.105303121454202,True,1,2026-09-14T12:41:27.232474+00:00,235364975
indoor-e2bca0e22a83,v2_unique_obstacles,indoor,131,65.3999999999995,26.436700477332856,8,8,0,8,1.0,False,1,2026-09-14T12:41:33.937999+00:00,110239667
indoor-d7d44b9d57b8,v2_unique_obstacles,indoor,113,56.10000000000002,23.22238477910155,7,7,0,8,1.0,False,4,2026-09-14T12:41:34.417545+00:00,89619572
indoor-2843d3d3b5da,v2_unique_obstacles,indoor,104,51.75000000000027,32.53252944525447,9,9,0,9,1.0,False,2,2026-09-14T12:42:18.339009+00:00,93666336
indoor-92aa0e24901b,v2_unique_obstacles,indoor,242,120.89999999999634,52.24179071104236,15,15,0,8,1.0,False,1,2026-09-14T12:43:07.009578+00:00,188085116
outdoor-68a77eaab922,v2_unique_obstacles,outdoor,268,133.79999999999617,101.22975104066532,11,11,0,0,9.36850169456374,False,1,2026-09-14T12:43:09.784895+00:00,105605764
outdoor-59ba4e8c803d,v2_unique_obstacles,outdoor,167,82.99999999999743,73.78549467118353,7,7,0,0,6.345248049292772,True,2,2026-09-14T12:43:21.074245+00:00,87044610
outdoor-d139a52d8c11,v2_unique_obstacles,outdoor,157,78.39999999999769,63.088870108278726,6,6,0,0,6.476846946346572,False,1,2026-09-14T12:43:23.652378+00:00,79594268
indoor-1ab5b88ff0ea,v2_unique_obstacles,indoor,181,89.9999999999981,43.59966196998246,13,13,0,12,1.0,False,6,2026-09-14T12:43:25.355117+00:00,244974655
indoor-f0e604a8d049,v2_unique_obstacles,indoor,81,40.20000000000037,27.720633211345827,9,9,0,11,1.0,False,2,2026-09-14T12:44:10.921673+00:00,91467474
outdoor-debd6c65777a,v2_unique_obstacles,outdoor,183,91.19999999999696,73.77453162633397,8,8,0,0,7.1552874145743255,False,1,2026-09-14T12:44:11.339140+00:00,143488735
outdoor-a8e1fb1468e0,v2_unique_obstacles,outdoor,81,40.199999999999854,30.819899410844073,4,4,0,0,3.3406153061950974,True,1,2026-09-14T12:44:53.197585+00:00,59130483
outdoor-861107caa02f,v2_unique_obstacles,outdoor,282,140.79999999999777,110.26256056921623,12,12,0,0,9.39476319226619,True,1,2026-09-14T12:45:00.395780+00:00,177440283
indoor-3ef777dc9f82,v2_unique_obstacles,indoor,161,80.39999999999864,34.771487824080026,11,11,0,12,1.0,False,9,2026-09-14T12:45:18.989385+00:00,161939517
indoor-df1aefa5d8f4,v2_unique_obstacles,indoor,206,102.89999999999736,48.04242851418972,15,15,0,11,1.0,False,9,2026-09-14T12:45:43.450114+00:00,115646659
indoor-583252e73785,v2_unique_obstacles,indoor,134,66.89999999999941,32.46570319981787,10,10,0,9,1.0,False,7,2026-09-14T12:46:00.286646+00:00,110552326
outdoor-6346d217d670,v2_unique_obstacles,outdoor,170,84.79999999999733,67.21492503260667,8,8,0,0,6.624753336764003,False,1,2026-09-14T12:46:10.478716+00:00,88917478
outdoor-a27ba357af3f,v2_unique_obstacles,outdoor,210,104.5999999999962,78.29890595936037,8,8,0,0,7.263142583671082,False,1,2026-09-14T12:46:21.845233+00:00,111359582
indoor-55b61812b96a,v2_unique_obstacles,indoor,116,57.89999999999992,26.78418245637362,7,7,0,10,1.0,False,3,2026-09-14T12:46:35.801375+00:00,81818528
outdoor-2972b0752c11,v2_unique_obstacles,outdoor,155,77.19999999999776,64.90152858419044,6,6,0,0,6.257537797301209,False,1,2026-09-14T12:46:48.351414+00:00,49104383
outdoor-4176f7746181,v2_unique_obstacles,outdoor,272,135.79999999999663,104.29807425917082,9,9,0,0,7.570252159864188,True,1,2026-09-14T12:47:55.988459+00:00,137131480
indoor-9d969a8270af,v2_unique_obstacles,indoor,254,126.899999999996,60.7392267000175,19,19,0,8,1.0,False,5,2026-09-14T12:48:01.693100+00:00,221751056
indoor-8a74e0b4ea3b,v2_unique_obstacles,indoor,104,51.90000000000026,23.665037868423227,8,8,0,9,1.0,False,6,2026-09-14T12:48:03.791860+00:00,95487837
indoor-0d2864836af9,v2_unique_obstacles,indoor,163,81.29999999999859,43.07063196904917,14,14,0,12,1.0,False,5,2026-09-14T12:48:22.185284+00:00,120447027
indoor-7985ccec3662,v2_unique_obstacles,indoor,127,62.99999999999963,21.743543957545455,6,6,0,8,1.0,False,6,2026-09-14T12:49:22.019628+00:00,125325046
indoor-ec0227f2516a,v2_unique_obstacles,indoor,236,117.59999999999653,54.50792752483981,16,16,0,9,1.0,False,18,2026-09-14T12:49:46.782195+00:00,189305572
indoor-5bbc4610cd07,v2_unique_obstacles,indoor,221,110.39999999999694,46.553174927631744,13,13,0,8,1.0,False,6,2026-09-14T12:50:01.635815+00:00,215030629
indoor-4b2be5f1516a,v2_unique_obstacles,indoor,153,76.19999999999888,33.78811094315586,9,9,0,8,1.0,False,9,2026-09-14T12:50:08.316829+00:00,126427196
indoor-c973df3d96c1,v2_unique_obstacles,indoor,104,51.90000000000026,23.101521497403027,7,7,0,9,1.0,False,8,2026-09-14T12:50:13.711156+00:00,72512709
outdoor-cf59cec03f52,v2_unique_obstacles,outdoor,121,60.19999999999872,41.00296746305457,3,3,0,0,4.758649132830035,True,1,2026-09-14T12:50:40.476589+00:00,51035156
outdoor-778e2dd7fb01,v2_unique_obstacles,outdoor,299,148.99999999999966,114.93399410348502,11,11,0,0,8.599425802903657,True,1,2026-09-14T12:51:06.939771+00:00,108995013
outdoor-b8b3ee9d79f5,v2_unique_obstacles,outdoor,200,99.59999999999648,73.45345575129397,6,6,0,0,7.879162151069957,False,1,2026-09-14T12:51:19.838354+00:00,101607316
outdoor-68cef64742c2,v2_unique_obstacles,outdoor,172,85.59999999999728,63.56003246707308,7,7,0,0,6.726267239051657,False,1,2026-09-14T12:51:46.764055+00:00,122808160
outdoor-8f6f2b01d88a,v2_unique_obstacles,outdoor,249,124.39999999999507,92.79184237891272,9,9,0,0,9.275365707906186,False,1,2026-09-14T12:51:50.402620+00:00,165252252
indoor-4fed656cff39,v2_unique_obstacles,indoor,82,40.50000000000037,25.266950385776234,9,9,0,10,1.0,False,12,2026-09-14T12:52:01.415182+00:00,71861753
indoor-ba15c48338b5,v2_unique_obstacles,indoor,103,51.00000000000031,24.110775531841256,6,6,0,9,1.0,False,4,2026-09-14T12:52:14.128161+00:00,73122722
outdoor-7aa35a77b863,v2_unique_obstacles,outdoor,127,62.99999999999856,48.45917791902875,6,6,0,0,4.529942551671644,False,1,2026-09-14T12:52:38.133521+00:00,82706466
outdoor-2d7251a54b94,v2_unique_obstacles,outdoor,130,64.79999999999846,44.445232229370944,5,5,0,0,4.427667885455039,False,1,2026-09-14T12:52:45.592395+00:00,69590393
indoor-b1615f0e8ddf,v2_unique_obstacles,indoor,136,67.49999999999937,33.504500850909054,9,9,0,9,1.0,False,1,2026-09-14T12:53:14.081006+00:00,102736076
indoor-48a338f42189,v2_unique_obstacles,indoor,104,51.90000000000026,20.29623383050224,5,5,0,12,1.0,False,2,2026-09-14T12:53:28.141008+00:00,89537394
indoor-e8471d8cbe25,v2_unique_obstacles,indoor,140,69.89999999999924,24.912464527893967,6,6,0,9,1.0,False,4,2026-09-14T12:54:41.742019+00:00,119624685
indoor-77ec43de1526,v2_unique_obstacles,indoor,140,69.59999999999926,29.796614044646812,8,8,0,11,1.0,False,19,2026-09-14T12:54:43.909956+00:00,152432817
outdoor-f8f8cb35d2ab,v2_unique_obstacles,outdoor,380,189.8000000000089,139.350012264106,15,15,0,0,9.909225248854987,True,1,2026-09-14T12:54:48.865535+00:00,272332815
outdoor-2cdc4c24b28a,v2_unique_obstacles,outdoor,312,155.80000000000118,115.31973061714339,13,13,0,0,6.949189040507649,True,1,2026-09-14T12:55:20.838181+00:00,221515057
outdoor-135e5a509cd8,v2_unique_obstacles,outdoor,142,70.79999999999812,51.43047951277505,5,5,0,0,7.374805153699339,True,1,2026-09-14T12:55:45.008416+00:00,94869491
indoor-a6915fa91e00,v2_unique_obstacles,indoor,132,65.69999999999948,29.667207675550415,9,9,0,8,1.0,False,3,2026-09-14T12:55:55.789951+00:00,129953199
outdoor-c58640d3468f,v2_unique_obstacles,outdoor,215,106.99999999999606,85.57449909762518,10,10,0,0,5.752247109416038,True,1,2026-09-14T12:56:11.082694+00:00,95804104
outdoor-c935a6a8215b,v2_unique_obstacles,outdoor,146,72.59999999999802,55.67480813529866,5,5,0,0,4.794352703898015,True,1,2026-09-14T12:56:13.452983+00:00,85683032
indoor-a9e71fed6f0e,v2_unique_obstacles,indoor,221,110.09999999999695,64.04631462726644,18,18,0,9,1.0,False,4,2026-09-14T12:56:45.452290+00:00,214731834
outdoor-318eec7c91a4,v2_unique_obstacles,outdoor,147,73.39999999999797,48.56715589034963,6,6,0,0,5.650460323040548,True,1,2026-09-14T12:57:13.976299+00:00,62866235
outdoor-c7d80097ebe6,v2_unique_obstacles,outdoor,345,172.40000000000495,138.77586255298928,13,13,0,0,9.231616036324988,True,1,2026-09-14T12:57:45.931040+00:00,116105974
indoor-a405e66e79b2,v2_unique_obstacles,indoor,104,51.90000000000026,21.781793114697624,7,7,0,11,1.0,False,12,2026-09-14T12:57:47.334458+00:00,78874447
indoor-1f63ef3e507d,v2_unique_obstacles,indoor,100,49.80000000000038,22.290396950862334,7,7,0,8,1.0,False,3,2026-09-14T12:57:54.568294+00:00,103651549
indoor-24274ee5a369,v2_unique_obstacles,indoor,104,51.60000000000028,20.019860390180348,6,6,0,11,1.0,False,1,2026-09-14T12:58:08.477982+00:00,76897135
outdoor-0c8c50a6bd0c,v2_unique_obstacles,outdoor,328,163.800000000003,134.60929872101198,14,14,0,0,7.929099928332538,True,1,2026-09-14T12:58:12.427266+00:00,215891948
outdoor-3e784e28e731,v2_unique_obstacles,outdoor,151,75.39999999999786,53.50508495000211,6,6,0,0,4.184090415297163,True,1,2026-09-14T12:58:41.430333+00:00,86436427
indoor-2770d148673f,v2_unique_obstacles,indoor,147,73.19999999999905,35.10506794775585,11,11,0,8,1.0,False,3,2026-09-14T12:59:08.086191+00:00,130074551
outdoor-cbd833abf994,v2_unique_obstacles,outdoor,169,84.09999999999737,61.17850726619502,7,7,0,0,5.135492594406384,True,1,2026-09-14T12:59:13.964192+00:00,66683220
outdoor-f5869c49e19e,v2_unique_obstacles,outdoor,241,120.3999999999953,97.8190853243747,9,9,0,0,5.983270852124225,True,1,2026-09-14T12:59:22.218788+00:00,120043801
indoor-1e466e56aa3e,v2_unique_obstacles,indoor,136,67.49999999999937,25.877424050494586,7,7,0,8,1.0,False,1,2026-09-14T13:00:04.353829+00:00,66330809
outdoor-f29e03f3c623,v2_unique_obstacles,outdoor,383,191.00000000000918,131.89145226025363,13,13,0,0,9.80472675720326,True,2,2026-09-14T13:00:18.030070+00:00,131156147
outdoor-dccffc91a30b,v2_unique_obstacles,outdoor,292,145.7999999999989,112.13069406429435,10,10,0,0,8.192055526780127,True,1,2026-09-14T13:00:24.757279+00:00,281760646
indoor-0ed7bf518f8c,v2_unique_obstacles,indoor,82,40.50000000000037,27.077779424697702,7,7,0,12,1.0,False,1,2026-09-14T13:00:44.008701+00:00,72776925
outdoor-ec78ac74d723,v2_unique_obstacles,outdoor,257,128.39999999999495,93.24397594194362,9,9,0,0,9.663795267112029,False,1,2026-09-14T13:00:54.983763+00:00,100068896
outdoor-4b68d3885db0,v2_unique_obstacles,outdoor,177,87.99999999999714,62.25153717587046,7,7,0,0,6.8352155478292325,False,1,2026-09-14T13:01:22.271128+00:00,169672093
indoor-dbf82b459baf,v2_unique_obstacles,indoor,105,52.200000000000244,27.358550272755934,9,9,0,9,1.0,False,1,2026-09-14T13:01:30.545197+00:00,92655351
indoor-8dc9cbcd6b5f,v2_unique_obstacles,indoor,179,89.39999999999813,40.73209989476726,12,12,0,8,1.0,False,6,2026-09-14T13:01:59.829651+00:00,126245552
indoor-98d1f6922425,v2_unique_obstacles,indoor,190,94.49999999999784,46.074548074987185,13,13,0,11,1.0,False,2,2026-09-14T13:02:46.680896+00:00,187797033
indoor-e8250666a6eb,v2_unique_obstacles,indoor,138,68.6999999999993,39.89943280138522,13,13,0,11,1.0,False,8,2026-09-14T13:02:57.687823+00:00,86643490
outdoor-041a1e6c8e33,v2_unique_obstacles,outdoor,288,143.79999999999845,115.13325648776164,13,13,0,0,8.990114246466106,True,1,2026-09-14T13:03:08.170172+00:00,229708739
indoor-cf402de9a274,v2_unique_obstacles,indoor,102,50.70000000000033,30.157862270939678,8,8,0,10,1.0,False,9,2026-09-14T13:03:43.805293+00:00,82707118
indoor-80e5d78b118e,v2_unique_obstacles,indoor,95,47.10000000000046,23.350289756680603,6,6,0,11,1.0,False,7,2026-09-14T13:03:49.366761+00:00,78411666
indoor-0df2132b9844,v2_unique_obstacles,indoor,95,47.10000000000046,25.669831024469755,7,7,0,12,1.0,False,7,2026-09-14T13:04:12.542133+00:00,77540348
indoor-49d270e04b7a,v2_unique_obstacles,indoor,118,58.499999999999886,27.0848597920862,7,7,0,11,1.0,False,7,2026-09-14T13:04:50.608993+00:00,121664112
indoor-5fff5f35f463,v2_unique_obstacles,indoor,181,90.29999999999808,47.65139222543886,13,13,0,8,1.0,False,5,2026-09-14T13:05:25.925543+00:00,121671315
outdoor-ff9f344fa107,v2_unique_obstacles,outdoor,268,133.79999999999617,102.96203726075912,9,9,0,0,6.531966922450322,True,1,2026-09-14T13:05:45.247762+00:00,174267356
outdoor-cbb0b6dc8fa0,v2_unique_obstacles,outdoor,189,94.19999999999679,68.52621809984973,6,6,0,0,6.822769373628836,False,1,2026-09-14T13:06:06.999203+00:00,92004302
outdoor-e02cac1c2eb9,v2_unique_obstacles,outdoor,153,76.19999999999781,57.82277072495023,7,7,0,0,5.011024722950029,True,1,2026-09-14T13:06:38.757478+00:00,79902628
indoor-c7e6930f107d,v2_unique_obstacles,indoor,156,77.6999999999988,32.41310095805732,11,11,0,9,1.0,False,1,2026-09-14T13:06:56.486056+00:00,130632857
outdoor-0e988791737a,v2_unique_obstacles,outdoor,274,136.79999999999686,95.17433114261038,11,11,0,0,9.739879034898806,False,1,2026-09-14T13:07:08.348805+00:00,115425545
outdoor-80bb1bda92bd,v2_unique_obstacles,outdoor,141,70.39999999999814,56.33310715016023,7,7,0,0,6.074134916968689,True,1,2026-09-14T13:07:10.346922+00:00,53812177
indoor-d270a5850604,v2_unique_obstacles,indoor,118,58.499999999999886,26.079478820024526,7,7,0,10,1.0,False,1,2026-09-14T13:07:28.387129+00:00,67571264
outdoor-21b7f524d8cb,v2_unique_obstacles,outdoor,267,133.19999999999604,78.94224936016633,7,7,0,0,7.459643599688999,False,2,2026-09-14T13:08:00.480145+00:00,104171441
outdoor-bdb019d91324,v2_unique_obstacles,outdoor,106,52.79999999999914,35.80694042261176,5,5,0,0,3.676387056076004,False,2,2026-09-14T13:08:01.688366+00:00,61299200
outdoor-8d12e42922a6,v2_unique_obstacles,outdoor,157,78.1999999999977,64.79333419885091,6,6,0,0,6.034316697225533,False,1,2026-09-14T13:08:10.782257+00:00,63926776
indoor-075ca3755ac3,v2_unique_obstacles,indoor,106,52.80000000000021,25.736776809845583,7,7,0,12,1.0,False,2,2026-09-14T13:08:26.815496+00:00,94049818
outdoor-5a8065633f4c,v2_unique_obstacles,outdoor,337,168.200000000004,125.91101379811003,14,14,0,0,9.252697187154697,True,1,2026-09-14T13:09:10.888302+00:00,218384962
indoor-2c51a0b8dfb5,v2_unique_obstacles,indoor,133,66.29999999999944,34.34493269514532,10,10,0,9,1.0,False,1,2026-09-14T13:09:11.280672+00:00,123792411
indoor-8bf67b798709,v2_unique_obstacles,indoor,95,47.10000000000046,24.52353413906759,7,7,0,12,1.0,False,5,2026-09-14T13:09:24.014461+00:00,76070669
outdoor-1d69fdc80a0f,v2_unique_obstacles,outdoor,106,52.79999999999914,45.65140812002393,5,5,0,0,4.185690729652574,True,1,2026-09-14T13:10:06.121865+00:00,55646944
outdoor-f766bae80de9,v2_unique_obstacles,outdoor,336,167.60000000000386,136.23687795874181,13,13,0,0,9.79487600440563,True,1,2026-09-14T13:10:08.650695+00:00,137503096
indoor-f0aa7cddd5de,v2_unique_obstacles,indoor,100,49.5000000000004,21.435494561524933,6,6,0,10,1.0,False,3,2026-09-14T13:10:19.764223+00:00,77872204
indoor-ce7938d4d01f,v2_unique_obstacles,indoor,139,69.29999999999927,30.005582825215235,8,8,0,10,1.0,False,13,2026-09-14T13:10:48.070021+00:00,114022497
indoor-b32786017e53,v2_unique_obstacles,indoor,127,62.99999999999963,23.844308273622765,7,7,0,10,1.0,False,2,2026-09-14T13:11:07.155911+00:00,99820431
outdoor-5181a70a6625,v2_unique_obstacles,outdoor,173,86.39999999999723,67.92124158225681,8,8,0,0,7.363587617946463,False,1,2026-09-14T13:11:23.328473+00:00,57355444
indoor-4bf618521a84,v2_unique_obstacles,indoor,153,76.19999999999888,37.44025949829823,12,12,0,10,1.0,False,1,2026-09-14T13:12:47.964429+00:00,139485137
outdoor-3e6aabebb3f4,v2_unique_obstacles,outdoor,280,139.69999999999752,115.90772369208878,13,13,0,0,5.559099442563593,True,4,2026-09-14T13:13:07.025427+00:00,181991423
indoor-c29571eeeb78,v2_unique_obstacles,indoor,118,58.499999999999886,23.80646245920412,7,7,0,8,1.0,False,5,2026-09-14T13:13:19.588183+00:00,88728658
outdoor-f13712720fb1,v2_unique_obstacles,outdoor,89,44.199999999999626,35.17453451836147,4,4,0,0,3.791074777500288,False,1,2026-09-14T13:13:25.717098+00:00,44377456
outdoor-7ebfc6056911,v2_unique_obstacles,outdoor,125,62.1999999999986,50.4417955266138,6,6,0,0,4.7255859301506735,False,1,2026-09-14T13:13:51.996090+00:00,82732914
indoor-940d4cbfe8b3,v2_unique_obstacles,indoor,93,46.20000000000046,24.34318387511513,8,8,0,9,1.0,False,1,2026-09-14T13:14:04.137998+00:00,79959903
indoor-d43d4f5a3490,v2_unique_obstacles,indoor,196,97.49999999999767,44.30637670704141,13,13,0,10,1.0,False,1,2026-09-14T13:14:41.894969+00:00,225726599
indoor-c4622f2dbc3b,v2_unique_obstacles,indoor,107,53.10000000000019,24.776389181752883,6,6,0,9,1.0,False,5,2026-09-14T13:15:10.950494+00:00,97555716
outdoor-aa0e9b0351ca,v2_unique_obstacles,outdoor,402,200.8000000000114,156.43475679231312,15,15,0,0,9.16096585127682,True,2,2026-09-14T13:15:25.234628+00:00,204520979
outdoor-12b75bb34913,v2_unique_obstacles,outdoor,269,134.19999999999627,101.62369199216874,9,9,0,0,7.009214695214166,True,1,2026-09-14T13:15:33.030565+00:00,178811272
outdoor-50cc5dd481c1,v2_unique_obstacles,outdoor,95,47.199999999999456,33.38703970804372,4,4,0,0,3.358530190480902,False,1,2026-09-14T13:15:52.225684+00:00,36269855
indoor-530fefdbabd0,v2_unique_obstacles,indoor,110,54.60000000000011,20.26267639312937,7,7,0,9,1.0,False,7,2026-09-14T13:16:18.880349+00:00,99575132
outdoor-f125a6e290f5,v2_unique_obstacles,outdoor,135,66.99999999999834,49.535562094430915,6,6,0,0,4.2361623314131505,True,1,2026-09-14T13:16:24.763500+00:00,133898475
indoor-8bb5c2778328,v2_unique_obstacles,indoor,239,119.39999999999642,56.449794790024455,18,18,0,8,1.0,False,8,2026-09-14T13:16:30.859455+00:00,228764405
outdoor-6fa3c9c15a67,v2_unique_obstacles,outdoor,127,63.399999999998535,43.19851735367673,5,5,0,0,3.9665584302947936,False,1,2026-09-14T13:17:14.674071+00:00,78540052
indoor-c779ab227ae5,v2_unique_obstacles,indoor,166,82.7999999999985,47.20365869805886,15,15,0,12,1.0,False,2,2026-09-14T13:17:37.833957+00:00,151377163
indoor-b94e7d6471f2,v2_unique_obstacles,indoor,239,119.09999999999644,52.27730974471551,15,15,0,8,1.0,False,14,2026-09-14T13:18:26.881097+00:00,191645643
outdoor-55130cc09c1a,v2_unique_obstacles,outdoor,199,99.3999999999965,73.07329437192153,6,6,0,0,8.046604788859142,True,4,2026-09-14T13:18:26.909947+00:00,116584392
outdoor-7e421965a7d6,v2_unique_obstacles,outdoor,259,128.99999999999508,96.44381866124147,9,9,0,0,6.932083252337854,True,1,2026-09-14T13:18:48.673205+00:00,222838142
indoor-44d71c6333a2,v2_unique_obstacles,indoor,182,90.89999999999804,36.90074351798272,10,10,0,8,1.0,False,15,2026-09-14T13:18:48.685475+00:00,125637271
outdoor-5f6d3e5aa73c,v2_unique_obstacles,outdoor,193,96.39999999999667,68.74182285466223,6,6,0,0,8.507746396538575,True,1,2026-09-14T13:19:40.835363+00:00,91826661
outdoor-3115799f9a3f,v2_unique_obstacles,outdoor,250,124.79999999999505,88.88720632795933,8,8,0,0,9.807798393278727,False,1,2026-09-14T13:19:49.840469+00:00,81840329
outdoor-d110fd8c6623,v2_unique_obstacles,outdoor,207,102.99999999999629,75.84818509166644,8,8,0,0,8.055732590306365,False,1,2026-09-14T13:20:08.409815+00:00,103008037
outdoor-b0b7ca081bc2,v2_unique_obstacles,outdoor,155,77.19999999999776,56.04254237236463,6,6,0,0,5.829701553271498,False,1,2026-09-14T13:20:36.274353+00:00,76841086
indoor-71f96a6511f3,v2_unique_obstacles,indoor,115,56.99999999999997,29.227241796464,8,8,0,11,1.0,False,1,2026-09-14T13:20:44.477563+00:00,80215935
outdoor-6243a4eaf17e,v2_unique_obstacles,outdoor,121,59.99999999999873,50.74821767380796,4,4,0,0,5.537768459391518,False,1,2026-09-14T13:20:59.523774+00:00,94001762
outdoor-3c6492ba8d85,v2_unique_obstacles,outdoor,131,65.19999999999844,46.86082199704021,5,5,0,0,4.686812241986448,True,1,2026-09-14T13:21:07.949068+00:00,59290952
indoor-10d46389c95b,v2_unique_obstacles,indoor,125,62.09999999999968,26.160584949091,7,7,0,12,1.0,False,17,2026-09-14T13:21:35.908597+00:00,130822857
outdoor-5b07e42da83e,v2_unique_obstacles,outdoor,129,63.9999999999985,50.04924444526257,4,4,0,0,3.788104779513871,True,1,2026-09-14T13:21:47.704552+00:00,66188666
outdoor-e74ac589e35a,v2_unique_obstacles,outdoor,130,64.59999999999847,51.37209784630126,4,4,0,0,5.313755584561293,False,1,2026-09-14T13:22:16.954669+00:00,75801702
outdoor-3530e9d4060a,v2_unique_obstacles,outdoor,263,131.19999999999558,88.58279890906863,9,9,0,0,9.36229023867801,False,1,2026-09-14T13:22:19.352409+00:00,130876208
outdoor-986101218eb8,v2_unique_obstacles,outdoor,270,134.59999999999636,91.50544442409351,9,9,0,0,8.629270722396896,False,1,2026-09-14T13:22:39.096085+00:00,87728712
outdoor-846e98020904,v2_unique_obstacles,outdoor,112,55.59999999999898,43.75142660660959,3,3,0,0,4.409566818234092,True,1,2026-09-14T13:23:26.634306+00:00,38817443
outdoor-24864aea467c,v2_unique_obstacles,outdoor,359,179.2000000000065,131.78767189553864,14,14,0,0,9.318470342962417,True,1,2026-09-14T13:23:51.034220+00:00,189430393
indoor-fe8ef3a28610,v2_unique_obstacles,indoor,194,96.8999999999977,48.1567070394816,13,13,0,9,1.0,False,18,2026-09-14T13:24:04.152118+00:00,105332622
outdoor-80735d256483,v2_unique_obstacles,outdoor,105,52.39999999999916,46.039487397427926,6,6,0,0,4.971170180402186,True,2,2026-09-14T13:24:20.108449+00:00,82861170
indoor-2951c7c37d9c,v2_unique_obstacles,indoor,110,54.60000000000011,26.46678587843015,7,7,0,8,1.0,False,11,2026-09-14T13:24:23.956998+00:00,101767193
outdoor-353b6e0fe24d,v2_unique_obstacles,outdoor,387,193.00000000000963,150.44173868979283,16,16,0,0,8.827311397955686,True,1,2026-09-14T13:24:31.895703+00:00,278913052
outdoor-70e6592a0926,v2_unique_obstacles,outdoor,153,75.99999999999783,65.94720998146354,8,8,0,0,5.517709585186784,True,1,2026-09-14T13:24:43.344405+00:00,56698056
outdoor-b718bf749eb0,v2_unique_obstacles,outdoor,259,129.19999999999513,97.47188046149414,11,11,0,0,9.42829170577964,False,1,2026-09-14T13:25:48.801828+00:00,142322680
indoor-b2480b85d308,v2_unique_obstacles,indoor,100,49.5000000000004,35.15981441064554,10,10,0,12,1.0,False,10,2026-09-14T13:26:17.922700+00:00,89442837
outdoor-73e987177b9a,v2_unique_obstacles,outdoor,335,167.20000000000377,130.58352025181057,14,14,0,0,8.252183107584344,True,2,2026-09-14T13:26:38.637167+00:00,218822764
indoor-339d1e2fc4f0,v2_unique_obstacles,indoor,106,52.80000000000021,20.99977828252317,5,5,0,12,1.0,False,15,2026-09-14T13:27:21.627479+00:00,81614751
outdoor-196b30a4b202,v2_unique_obstacles,outdoor,83,41.399999999999785,34.95098585476575,3,3,0,0,3.88613277591349,True,1,2026-09-14T13:27:27.908774+00:00,54731208
outdoor-4d60b8b9216d,v2_unique_obstacles,outdoor,137,68.39999999999826,47.28489737553541,5,5,0,0,4.732058263292457,False,1,2026-09-14T13:28:14.032882+00:00,56434683
indoor-9f2a4e05f550,v2_unique_obstacles,indoor,116,57.89999999999992,38.40580540721301,13,13,0,12,1.0,False,12,2026-09-14T13:28:32.507551+00:00,121612767
outdoor-4431d169d82a,v2_unique_obstacles,outdoor,180,89.59999999999705,67.20732963731413,7,7,0,0,5.4868214760443905,True,3,2026-09-14T13:28:48.547837+00:00,170835078
indoor-6c105e9ab2a3,v2_unique_obstacles,indoor,257,128.3999999999959,60.45300528318555,17,17,0,10,1.0,False,16,2026-09-14T13:28:58.378008+00:00,201333193
outdoor-1e1a402ad5f2,v2_unique_obstacles,outdoor,150,74.5999999999979,56.75735280633486,6,6,0,0,5.49816449607472,True,1,2026-09-14T13:29:40.110112+00:00,80208344
indoor-a392e26baff2,v2_unique_obstacles,indoor,152,75.8999999999989,31.091881506891227,10,10,0,11,1.0,False,6,2026-09-14T13:29:55.214755+00:00,153619866
outdoor-dbf1bd5a2b88,v2_unique_obstacles,outdoor,233,116.39999999999553,89.79297631048365,9,9,0,0,8.496986667130194,True,1,2026-09-14T13:30:25.906921+00:00,169659789
outdoor-337a6db1ea39,v2_unique_obstacles,outdoor,156,77.79999999999772,61.86992929674088,6,6,0,0,6.25342242184877,False,1,2026-09-14T13:30:32.753039+00:00,81611212
indoor-de07ce447e94,v2_unique_obstacles,indoor,121,59.9999999999998,24.464700916474555,6,6,0,11,1.0,False,20,2026-09-14T13:30:45.293090+00:00,139722126
indoor-ad359de99ba0,v2_unique_obstacles,indoor,100,49.80000000000038,20.5479749184054,5,5,0,9,1.0,False,2,2026-09-14T13:31:16.448887+00:00,102247805
indoor-635123701d27,v2_unique_obstacles,indoor,141,70.19999999999922,27.48854917280424,8,8,0,8,1.0,False,8,2026-09-14T13:31:36.583541+00:00,115768169
indoor-4a4fbee104e2,v2_unique_obstacles,indoor,179,89.39999999999813,37.46872996380027,10,10,0,9,1.0,False,18,2026-09-14T13:31:51.287979+00:00,162884863
indoor-ba30acca7c28,v2_unique_obstacles,indoor,112,55.50000000000006,26.664250335076183,8,8,0,10,1.0,False,5,2026-09-14T13:31:53.274944+00:00,90906189
outdoor-ebcda2692494,v2_unique_obstacles,outdoor,244,121.59999999999523,86.61180259620353,9,9,0,0,8.194063210064515,False,1,2026-09-14T13:32:06.240386+00:00,151715788
outdoor-a8bf050ac419,v2_unique_obstacles,outdoor,167,82.99999999999743,57.227550744562905,5,5,0,0,5.662021699692991,True,1,2026-09-14T13:32:16.738056+00:00,58704369
outdoor-41a057424270,v2_unique_obstacles,outdoor,209,104.39999999999621,82.19198626098036,9,9,0,0,4.8626354186512275,True,1,2026-09-14T13:33:16.460061+00:00,80534658
outdoor-f55b45bf390e,v2_unique_obstacles,outdoor,251,124.99999999999504,92.36634837495734,9,9,0,0,6.824668038201657,True,1,2026-09-14T13:33:24.202476+00:00,198249818
outdoor-6c09f05d023b,v2_unique_obstacles,outdoor,207,103.19999999999628,77.77370257042523,9,9,0,0,8.376536980286158,True,1,2026-09-14T13:33:35.038887+00:00,74045952
outdoor-36cf1218e64c,v2_unique_obstacles,outdoor,128,63.49999999999853,47.255106268140366,5,5,0,0,4.150971964917882,True,1,2026-09-14T13:34:07.890129+00:00,55042808
indoor-2db5b861ca77,v2_unique_obstacles,indoor,172,85.79999999999833,35.52066416243237,11,11,0,12,1.0,False,1,2026-09-14T13:34:45.320587+00:00,162973875
indoor-c2ee8a115fa5,v2_unique_obstacles,indoor,178,88.49999999999818,45.16543446019031,13,13,0,9,1.0,False,18,2026-09-14T13:35:07.912922+00:00,149723753
outdoor-9119814a5ef5,v2_unique_obstacles,outdoor,176,87.59999999999717,64.9199863544498,6,6,0,0,6.495845181745678,True,1,2026-09-14T13:35:12.998857+00:00,124119114
indoor-59bcc5dc57a4,v2_unique_obstacles,indoor,125,62.09999999999968,26.320266133820102,7,7,0,11,1.0,False,12,2026-09-14T13:35:24.199215+00:00,97791091
outdoor-8654efd020e7,v2_unique_obstacles,outdoor,146,72.69999999999801,63.01913886006989,7,7,0,0,4.141110296061009,True,1,2026-09-14T13:36:10.881944+00:00,74540059
indoor-44652d63e230,v2_unique_obstacles,indoor,93,46.20000000000046,22.912374050036203,6,6,0,9,1.0,False,9,2026-09-14T13:36:18.908934+00:00,111322862
indoor-0fa433dca872,v2_unique_obstacles,indoor,95,47.400000000000475,21.669204407541372,6,6,0,9,1.0,False,10,2026-09-14T13:36:29.103869+00:00,80720517
indoor-dacb7930505c,v2_unique_obstacles,indoor,130,64.79999999999953,29.631363337051578,10,10,0,8,1.0,False,5,2026-09-14T13:36:35.676645+00:00,108307434
outdoor-36059b422304,v2_unique_obstacles,outdoor,128,63.79999999999851,47.97928761960431,4,4,0,0,4.725331719633552,False,1,2026-09-14T13:37:21.913234+00:00,98325337
outdoor-cbabed998159,v2_unique_obstacles,outdoor,224,111.79999999999579,85.37428827324905,8,8,0,0,7.020245758429716,True,1,2026-09-14T13:37:23.883151+00:00,210624350
outdoor-d893de2b87ff,v2_unique_obstacles,outdoor,238,118.79999999999539,91.22985696204326,8,8,0,0,8.453879946979164,False,1,2026-09-14T13:37:41.689067+00:00,227627202
outdoor-d580e3e92a78,v2_unique_obstacles,outdoor,237,118.19999999999543,90.59335486485807,10,10,0,0,6.3658276305786945,True,1,2026-09-14T13:38:07.274034+00:00,127147048
indoor-485afbddbe32,v2_unique_obstacles,indoor,104,51.60000000000028,22.794679823650192,6,6,0,9,1.0,False,1,2026-09-14T13:38:10.866123+00:00,126910467
indoor-1f0a0dee3032,v2_unique_obstacles,indoor,257,128.3999999999959,56.14280038649753,17,17,0,8,1.0,False,10,2026-09-14T13:38:12.573739+00:00,239545315
outdoor-74e5cc05da1b,v2_unique_obstacles,outdoor,205,102.39999999999633,80.18009981577613,7,7,0,0,7.5922894054842525,False,1,2026-09-14T13:38:53.217892+00:00,99535898
indoor-830a4ab641b9,v2_unique_obstacles,indoor,266,132.89999999999566,56.68897148458269,18,18,0,12,1.0,False,1,2026-09-14T13:39:20.822669+00:00,248606255
outdoor-ac12bf9914f8,v2_unique_obstacles,outdoor,191,95.19999999999673,76.39968308155375,7,7,0,0,7.190787626430968,False,1,2026-09-14T13:39:22.187894+00:00,91749180
outdoor-10bfff861deb,v2_unique_obstacles,outdoor,139,69.3999999999982,59.608287553711946,6,6,0,0,5.002305270069215,True,3,2026-09-14T13:39:34.032309+00:00,105558624
outdoor-8ef5a9261946,v2_unique_obstacles,outdoor,237,118.19999999999543,90.14243144406473,8,8,0,0,9.43239358950179,False,1,2026-09-14T13:39:35.045026+00:00,165472936
indoor-45a4e8d22582,v2_unique_obstacles,indoor,169,83.99999999999844,42.13895221393655,13,13,0,12,1.0,False,1,2026-09-14T13:40:04.531689+00:00,109343632
outdoor-a3534d0eb803,v2_unique_obstacles,outdoor,235,117.19999999999548,86.14744767289008,10,10,0,0,8.016024173954563,False,1,2026-09-14T13:40:55.320887+00:00,151971196
outdoor-43f440d3102f,v2_unique_obstacles,outdoor,106,52.59999999999915,49.11752037942638,5,5,0,0,3.2701357704103966,True,1,2026-09-14T13:41:00.831230+00:00,79205918
outdoor-abaddd36dbf5,v2_unique_obstacles,outdoor,219,109.19999999999594,80.05542799311436,9,9,0,0,7.347724096261185,True,1,2026-09-14T13:41:06.841931+00:00,118206632
indoor-99eabe3d9763,v2_unique_obstacles,indoor,137,68.39999999999932,25.417126238111926,9,9,0,9,1.0,False,7,2026-09-14T13:41:34.720631+00:00,91066847
outdoor-bf00868a7768,v2_unique_obstacles,outdoor,120,59.79999999999874,41.85890633509244,4,4,0,0,4.263191303606503,False,1,2026-09-14T13:41:51.694458+00:00,39700082
indoor-c50990ea7f0c,v2_unique_obstacles,indoor,111,55.200000000000074,21.47548247292259,5,5,0,11,1.0,False,15,2026-09-14T13:42:06.575786+00:00,74471736
outdoor-ba645f305860,v2_unique_obstacles,outdoor,141,70.19999999999816,53.824004400828414,6,6,0,0,5.8293208845090065,False,1,2026-09-14T13:42:32.864292+00:00,53034171
outdoor-8226e698d48e,v2_unique_obstacles,outdoor,173,86.39999999999723,65.67208716436716,6,6,0,0,6.184808749596987,True,3,2026-09-14T13:42:49.890995+00:00,139216753
outdoor-040682c29edc,v2_unique_obstacles,outdoor,313,156.4000000000013,113.47274559053976,11,11,0,0,8.646617292712008,True,1,2026-09-14T13:43:09.444572+00:00,137327668
indoor-b3720f5c5cb9,v2_unique_obstacles,indoor,164,81.59999999999857,34.953909247020306,10,10,0,9,1.0,False,2,2026-09-14T13:43:24.816753+00:00,158164068
outdoor-79fafa0c3c2c,v2_unique_obstacles,outdoor,292,145.7999999999989,100.05464831893809,11,11,0,0,9.923063465402572,False,1,2026-09-14T13:44:02.545606+00:00,117325150
